{"level":"info","message":"Elasticsearch客户端已初始化","timestamp":"2026-09-04 12:01:41"}
{"level":"info","message":"Embedding服务: dashscope","timestamp":"2026-09-04 12:01:42"}
{"level":"info","message":"Redis连接成功","timestamp":"2026-09-04 12:01:42"}
{"level":"info","message":"Qdrant集合已创建: manmanshou_knowledge","timestamp":"2026-09-04 12:01:42"}
{"error":"mapper_parsing_exception\n\tCaused by:\n\t\tillegal_argument_exception: analyzer [ik_smart] has not been configured in mappings\n\tRoot causes:\n\t\tmapper_parsing_exception: Failed to parse mapping: analyzer [ik_smart] has not been configured in mappings","level":"error","message":"ES索引初始化失败","timestamp":"2026-09-04 12:01:42"}
{"key":"manmanshou:embedding:8a0mbz","level":"debug","message":"缓存未命中","timestamp":"2026-09-04 12:01:42"}
{"key":"manmanshou:embedding:8a0mbz","level":"debug","message":"缓存未命中","timestamp":"2026-09-04 12:01:42"}
{"key":"manmanshou:embedding:8a0mbz","level":"debug","message":"缓存已设置","timestamp":"2026-09-04 12:01:42","ttl":604800}
{"level":"debug","message":"Embedding生成成功","provider":"dashscope","textLength":65,"timestamp":"2026-09-04 12:01:42"}
{"key":"manmanshou:embedding:hrc6ux","level":"debug","message":"缓存未命中","timestamp":"2026-09-04 12:01:42"}
{"key":"manmanshou:embedding:hrc6ux","level":"debug","message":"缓存未命中","timestamp":"2026-09-04 12:01:42"}
{"key":"manmanshou:embedding:hrc6ux","level":"debug","message":"缓存已设置","timestamp":"2026-09-04 12:01:43","ttl":604800}
{"level":"debug","message":"Embedding生成成功","provider":"dashscope","textLength":61,"timestamp":"2026-09-04 12:01:43"}
{"key":"manmanshou:embedding:lbqev7","level":"debug","message":"缓存未命中","timestamp":"2026-09-04 12:01:43"}
{"key":"manmanshou:embedding:lbqev7","level":"debug","message":"缓存未命中","timestamp":"2026-09-04 12:01:43"}
{"key":"manmanshou:embedding:lbqev7","level":"debug","message":"缓存已设置","timestamp":"2026-09-04 12:01:43","ttl":604800}
{"level":"debug","message":"Embedding生成成功","provider":"dashscope","textLength":54,"timestamp":"2026-09-04 12:01:43"}
{"key":"manmanshou:embedding:pqqx34","level":"debug","message":"缓存未命中","timestamp":"2026-09-04 12:01:43"}
{"key":"manmanshou:embedding:pqqx34","level":"debug","message":"缓存未命中","timestamp":"2026-09-04 12:01:43"}
{"key":"manmanshou:embedding:pqqx34","level":"debug","message":"缓存已设置","timestamp":"2026-09-04 12:01:43","ttl":604800}
{"level":"debug","message":"Embedding生成成功","provider":"dashscope","textLength":56,"timestamp":"2026-09-04 12:01:43"}
{"key":"manmanshou:embedding:urrhp5","level":"debug","message":"缓存未命中","timestamp":"2026-09-04 12:01:43"}
{"key":"manmanshou:embedding:urrhp5","level":"debug","message":"缓存未命中","timestamp":"2026-09-04 12:01:43"}
{"key":"manmanshou:embedding:urrhp5","level":"debug","message":"缓存已设置","timestamp":"2026-09-04 12:01:43","ttl":604800}
{"level":"debug","message":"Embedding生成成功","provider":"dashscope","textLength":84,"timestamp":"2026-09-04 12:01:43"}
{"key":"manmanshou:embedding:y4s28f","level":"debug","message":"缓存未命中","timestamp":"2026-09-04 12:01:43"}
{"key":"manmanshou:embedding:y4s28f","level":"debug","message":"缓存未命中","timestamp":"2026-09-04 12:01:43"}
{"key":"manmanshou:embedding:y4s28f","level":"debug","message":"缓存已设置","timestamp":"2026-09-04 12:01:43","ttl":604800}
{"level":"debug","message":"Embedding生成成功","provider":"dashscope","textLength":108,"timestamp":"2026-09-04 12:01:43"}
{"key":"manmanshou:embedding:zaspt9","level":"debug","message":"缓存未命中","timestamp":"2026-09-04 12:01:43"}
{"key":"manmanshou:embedding:zaspt9","level":"debug","message":"缓存未命中","timestamp":"2026-09-04 12:01:43"}
{"key":"manmanshou:embedding:zaspt9","level":"debug","message":"缓存已设置","timestamp":"2026-09-04 12:01:43","ttl":604800}
{"level":"debug","message":"Embedding生成成功","provider":"dashscope","textLength":58,"timestamp":"2026-09-04 12:01:43"}
{"key":"manmanshou:embedding:jy0vt8","level":"debug","message":"缓存未命中","timestamp":"2026-09-04 12:01:43"}
{"key":"manmanshou:embedding:jy0vt8","level":"debug","message":"缓存未命中","timestamp":"2026-09-04 12:01:43"}
{"key":"manmanshou:embedding:jy0vt8","level":"debug","message":"缓存已设置","timestamp":"2026-09-04 12:01:43","ttl":604800}
{"level":"debug","message":"Embedding生成成功","provider":"dashscope","textLength":103,"timestamp":"2026-09-04 12:01:43"}
{"key":"manmanshou:embedding:p38oit","level":"debug","message":"缓存未命中","timestamp":"2026-09-04 12:01:43"}
{"key":"manmanshou:embedding:p38oit","level":"debug","message":"缓存未命中","timestamp":"2026-09-04 12:01:43"}
{"key":"manmanshou:embedding:p38oit","level":"debug","message":"缓存已设置","timestamp":"2026-09-04 12:01:43","ttl":604800}
{"level":"debug","message":"Embedding生成成功","provider":"dashscope","textLength":80,"timestamp":"2026-09-04 12:01:43"}
{"key":"manmanshou:embedding:2erro5","level":"debug","message":"缓存未命中","timestamp":"2026-09-04 12:01:43"}
{"key":"manmanshou:embedding:2erro5","level":"debug","message":"缓存未命中","timestamp":"2026-09-04 12:01:43"}
{"key":"manmanshou:embedding:2erro5","level":"debug","message":"缓存已设置","timestamp":"2026-09-04 12:01:44","ttl":604800}
{"level":"debug","message":"Embedding生成成功","provider":"dashscope","textLength":62,"timestamp":"2026-09-04 12:01:44"}
{"level":"info","message":"已完成 10/221，暂停3秒...","timestamp":"2026-09-04 12:01:44"}
{"key":"manmanshou:embedding:t42ow7","level":"debug","message":"缓存未命中","timestamp":"2026-09-04 12:01:47"}
{"key":"manmanshou:embedding:t42ow7","level":"debug","message":"缓存未命中","timestamp":"2026-09-04 12:01:47"}
{"key":"manmanshou:embedding:t42ow7","level":"debug","message":"缓存已设置","timestamp":"2026-09-04 12:01:47","ttl":604800}
{"level":"debug","message":"Embedding生成成功","provider":"dashscope","textLength":79,"timestamp":"2026-09-04 12:01:47"}
{"key":"manmanshou:embedding:rkv157","level":"debug","message":"缓存未命中","timestamp":"2026-09-04 12:01:47"}
{"key":"manmanshou:embedding:rkv157","level":"debug","message":"缓存未命中","timestamp":"2026-09-04 12:01:47"}
{"key":"manmanshou:embedding:rkv157","level":"debug","message":"缓存已设置","timestamp":"2026-09-04 12:01:47","ttl":604800}
{"level":"debug","message":"Embedding生成成功","provider":"dashscope","textLength":109,"timestamp":"2026-09-04 12:01:47"}
{"key":"manmanshou:embedding:zhch6r","level":"debug","message":"缓存未命中","timestamp":"2026-09-04 12:01:47"}
{"key":"manmanshou:embedding:zhch6r","level":"debug","message":"缓存未命中","timestamp":"2026-09-04 12:01:47"}
{"key":"manmanshou:embedding:zhch6r","level":"debug","message":"缓存已设置","timestamp":"2026-09-04 12:01:47","ttl":604800}
{"level":"debug","message":"Embedding生成成功","provider":"dashscope","textLength":136,"timestamp":"2026-09-04 12:01:47"}
{"key":"manmanshou:embedding:bxyvsc","level":"debug","message":"缓存未命中","timestamp":"2026-09-04 12:01:47"}
{"key":"manmanshou:embedding:bxyvsc","level":"debug","message":"缓存未命中","timestamp":"2026-09-04 12:01:47"}
{"key":"manmanshou:embedding:bxyvsc","level":"debug","message":"缓存已设置","timestamp":"2026-09-04 12:01:47","ttl":604800}
{"level":"debug","message":"Embedding生成成功","provider":"dashscope","textLength":67,"timestamp":"2026-09-04 12:01:47"}
{"key":"manmanshou:embedding:jbprbj","level":"debug","message":"缓存未命中","timestamp":"2026-09-04 12:01:47"}
{"key":"manmanshou:embedding:jbprbj","level":"debug","message":"缓存未命中","timestamp":"2026-09-04 12:01:47"}
{"key":"manmanshou:embedding:jbprbj","level":"debug","message":"缓存已设置","timestamp":"2026-09-04 12:01:47","ttl":604800}
{"level":"debug","message":"Embedding生成成功","provider":"dashscope","textLength":117,"timestamp":"2026-09-04 12:01:47"}
{"key":"manmanshou:embedding:wmc4n3","level":"debug","message":"缓存未命中","timestamp":"2026-09-04 12:01:47"}
{"key":"manmanshou:embedding:wmc4n3","level":"debug","message":"缓存未命中","timestamp":"2026-09-04 12:01:47"}
{"key":"manmanshou:embedding:wmc4n3","level":"debug","message":"缓存已设置","timestamp":"2026-09-04 12:01:48","ttl":604800}
{"level":"debug","message":"Embedding生成成功","provider":"dashscope","textLength":69,"timestamp":"2026-09-04 12:01:48"}
{"key":"manmanshou:embedding:c9hgkb","level":"debug","message":"缓存未命中","timestamp":"2026-09-04 12:01:48"}
{"key":"manmanshou:embedding:c9hgkb","level":"debug","message":"缓存未命中","timestamp":"2026-09-04 12:01:48"}
{"key":"manmanshou:embedding:c9hgkb","level":"debug","message":"缓存已设置","timestamp":"2026-09-04 12:01:48","ttl":604800}
{"level":"debug","message":"Embedding生成成功","provider":"dashscope","textLength":161,"timestamp":"2026-09-04 12:01:48"}
{"key":"manmanshou:embedding:hyowao","level":"debug","message":"缓存未命中","timestamp":"2026-09-04 12:01:48"}
{"key":"manmanshou:embedding:hyowao","level":"debug","message":"缓存未命中","timestamp":"2026-09-04 12:01:48"}
{"key":"manmanshou:embedding:hyowao","level":"debug","message":"缓存已设置","timestamp":"2026-09-04 12:01:48","ttl":604800}
{"level":"debug","message":"Embedding生成成功","provider":"dashscope","textLength":69,"timestamp":"2026-09-04 12:01:48"}
{"key":"manmanshou:embedding:whmwh8","level":"debug","message":"缓存未命中","timestamp":"2026-09-04 12:01:48"}
{"key":"manmanshou:embedding:whmwh8","level":"debug","message":"缓存未命中","timestamp":"2026-09-04 12:01:48"}
{"key":"manmanshou:embedding:whmwh8","level":"debug","message":"缓存已设置","timestamp":"2026-09-04 12:01:48","ttl":604800}
{"level":"debug","message":"Embedding生成成功","provider":"dashscope","textLength":61,"timestamp":"2026-09-04 12:01:48"}
{"key":"manmanshou:embedding:oi0lnf","level":"debug","message":"缓存未命中","timestamp":"2026-09-04 12:01:48"}
{"key":"manmanshou:embedding:oi0lnf","level":"debug","message":"缓存未命中","timestamp":"2026-09-04 12:01:48"}
{"key":"manmanshou:embedding:oi0lnf","level":"debug","message":"缓存已设置","timestamp":"2026-09-04 12:01:48","ttl":604800}
{"level":"debug","message":"Embedding生成成功","provider":"dashscope","textLength":55,"timestamp":"2026-09-04 12:01:48"}
{"level":"info","message":"已完成 20/221，暂停3秒...","timestamp":"2026-09-04 12:01:48"}
{"key":"manmanshou:embedding:fy77kl","level":"debug","message":"缓存未命中","timestamp":"2026-09-04 12:01:51"}
{"key":"manmanshou:embedding:fy77kl","level":"debug","message":"缓存未命中","timestamp":"2026-09-04 12:01:51"}
{"key":"manmanshou:embedding:fy77kl","level":"debug","message":"缓存已设置","timestamp":"2026-09-04 12:01:51","ttl":604800}
{"level":"debug","message":"Embedding生成成功","provider":"dashscope","textLength":54,"timestamp":"2026-09-04 12:01:51"}
{"key":"manmanshou:embedding:xs5dzi","level":"debug","message":"缓存未命中","timestamp":"2026-09-04 12:01:51"}
{"key":"manmanshou:embedding:xs5dzi","level":"debug","message":"缓存未命中","timestamp":"2026-09-04 12:01:51"}
{"key":"manmanshou:embedding:xs5dzi","level":"debug","message":"缓存已设置","timestamp":"2026-09-04 12:01:51","ttl":604800}
{"level":"debug","message":"Embedding生成成功","provider":"dashscope","textLength":55,"timestamp":"2026-09-04 12:01:51"}
{"key":"manmanshou:embedding:mmgl0l","level":"debug","message":"缓存未命中","timestamp":"2026-09-04 12:01:51"}
{"key":"manmanshou:embedding:mmgl0l","level":"debug","message":"缓存未命中","timestamp":"2026-09-04 12:01:51"}
{"key":"manmanshou:embedding:mmgl0l","level":"debug","message":"缓存已设置","timestamp":"2026-09-04 12:01:52","ttl":604800}
{"level":"debug","message":"Embedding生成成功","provider":"dashscope","textLength":52,"timestamp":"2026-09-04 12:01:52"}
{"key":"manmanshou:embedding:2qatuu","level":"debug","message":"缓存未命中","timestamp":"2026-09-04 12:01:52"}
{"key":"manmanshou:embedding:2qatuu","level":"debug","message":"缓存未命中","timestamp":"2026-09-04 12:01:52"}
{"key":"manmanshou:embedding:2qatuu","level":"debug","message":"缓存已设置","timestamp":"2026-09-04 12:01:52","ttl":604800}
{"level":"debug","message":"Embedding生成成功","provider":"dashscope","textLength":185,"timestamp":"2026-09-04 12:01:52"}
{"key":"manmanshou:embedding:3re39o","level":"debug","message":"缓存未命中","timestamp":"2026-09-04 12:01:52"}
{"key":"manmanshou:embedding:3re39o","level":"debug","message":"缓存未命中","timestamp":"2026-09-04 12:01:52"}
{"key":"manmanshou:embedding:3re39o","level":"debug","message":"缓存已设置","timestamp":"2026-09-04 12:01:52","ttl":604800}
{"level":"debug","message":"Embedding生成成功","provider":"dashscope","textLength":67,"timestamp":"2026-09-04 12:01:52"}
{"key":"manmanshou:embedding:wx7s6l","level":"debug","message":"缓存未命中","timestamp":"2026-09-04 12:01:52"}
{"key":"manmanshou:embedding:wx7s6l","level":"debug","message":"缓存未命中","timestamp":"2026-09-04 12:01:52"}
{"key":"manmanshou:embedding:wx7s6l","level":"debug","message":"缓存已设置","timestamp":"2026-09-04 12:01:52","ttl":604800}
{"level":"debug","message":"Embedding生成成功","provider":"dashscope","textLength":58,"timestamp":"2026-09-04 12:01:52"}
{"key":"manmanshou:embedding:l8khz0","level":"debug","message":"缓存未命中","timestamp":"2026-09-04 12:01:52"}
{"key":"manmanshou:embedding:l8khz0","level":"debug","message":"缓存未命中","timestamp":"2026-09-04 12:01:52"}
{"key":"manmanshou:embedding:l8khz0","level":"debug","message":"缓存已设置","timestamp":"2026-09-04 12:01:52","ttl":604800}
{"level":"debug","message":"Embedding生成成功","provider":"dashscope","textLength":73,"timestamp":"2026-09-04 12:01:52"}
{"key":"manmanshou:embedding:ulri4x","level":"debug","message":"缓存未命中","timestamp":"2026-09-04 12:01:52"}
{"key":"manmanshou:embedding:ulri4x","level":"debug","message":"缓存未命中","timestamp":"2026-09-04 12:01:52"}
{"key":"manmanshou:embedding:ulri4x","level":"debug","message":"缓存已设置","timestamp":"2026-09-04 12:01:52","ttl":604800}
{"level":"debug","message":"Embedding生成成功","provider":"dashscope","textLength":56,"timestamp":"2026-09-04 12:01:52"}
{"key":"manmanshou:embedding:kehern","level":"debug","message":"缓存未命中","timestamp":"2026-09-04 12:01:52"}
{"key":"manmanshou:embedding:kehern","level":"debug","message":"缓存未命中","timestamp":"2026-09-04 12:01:52"}
{"key":"manmanshou:embedding:kehern","level":"debug","message":"缓存已设置","timestamp":"2026-09-04 12:01:53","ttl":604800}
{"level":"debug","message":"Embedding生成成功","provider":"dashscope","textLength":58,"timestamp":"2026-09-04 12:01:53"}
{"key":"manmanshou:embedding:lun01n","level":"debug","message":"缓存未命中","timestamp":"2026-09-04 12:01:53"}
{"key":"manmanshou:embedding:lun01n","level":"debug","message":"缓存未命中","timestamp":"2026-09-04 12:01:53"}
{"key":"manmanshou:embedding:lun01n","level":"debug","message":"缓存已设置","timestamp":"2026-09-04 12:01:53","ttl":604800}
{"level":"debug","message":"Embedding生成成功","provider":"dashscope","textLength":65,"timestamp":"2026-09-04 12:01:53"}
{"level":"info","message":"已完成 30/221，暂停3秒...","timestamp":"2026-09-04 12:01:53"}
{"key":"manmanshou:embedding:auvbqg","level":"debug","message":"缓存未命中","timestamp":"2026-09-04 12:01:56"}
{"key":"manmanshou:embedding:auvbqg","level":"debug","message":"缓存未命中","timestamp":"2026-09-04 12:01:56"}
{"key":"manmanshou:embedding:auvbqg","level":"debug","message":"缓存已设置","timestamp":"2026-09-04 12:01:56","ttl":604800}
{"level":"debug","message":"Embedding生成成功","provider":"dashscope","textLength":72,"timestamp":"2026-09-04 12:01:56"}
{"key":"manmanshou:embedding:uab44o","level":"debug","message":"缓存未命中","timestamp":"2026-09-04 12:01:56"}
{"key":"manmanshou:embedding:uab44o","level":"debug","message":"缓存未命中","timestamp":"2026-09-04 12:01:56"}
{"key":"manmanshou:embedding:uab44o","level":"debug","message":"缓存已设置","timestamp":"2026-09-04 12:01:56","ttl":604800}
{"level":"debug","message":"Embedding生成成功","provider":"dashscope","textLength":58,"timestamp":"2026-09-04 12:01:56"}
{"key":"manmanshou:embedding:ac7oj8","level":"debug","message":"缓存未命中","timestamp":"2026-09-04 12:01:56"}
{"key":"manmanshou:embedding:ac7oj8","level":"debug","message":"缓存未命中","timestamp":"2026-09-04 12:01:56"}
{"key":"manmanshou:embedding:ac7oj8","level":"debug","message":"缓存已设置","timestamp":"2026-09-04 12:01:56","ttl":604800}
{"level":"debug","message":"Embedding生成成功","provider":"dashscope","textLength":64,"timestamp":"2026-09-04 12:01:56"}
{"key":"manmanshou:embedding:mwnxjc","level":"debug","message":"缓存未命中","timestamp":"2026-09-04 12:01:56"}
{"key":"manmanshou:embedding:mwnxjc","level":"debug","message":"缓存未命中","timestamp":"2026-09-04 12:01:56"}
{"key":"manmanshou:embedding:mwnxjc","level":"debug","message":"缓存已设置","timestamp":"2026-09-04 12:01:56","ttl":604800}
{"level":"debug","message":"Embedding生成成功","provider":"dashscope","textLength":126,"timestamp":"2026-09-04 12:01:56"}
{"key":"manmanshou:embedding:ha32vs","level":"debug","message":"缓存未命中","timestamp":"2026-09-04 12:01:56"}
{"key":"manmanshou:embedding:ha32vs","level":"debug","message":"缓存未命中","timestamp":"2026-09-04 12:01:56"}
{"key":"manmanshou:embedding:ha32vs","level":"debug","message":"缓存已设置","timestamp":"2026-09-04 12:01:56","ttl":604800}
{"level":"debug","message":"Embedding生成成功","provider":"dashscope","textLength":86,"timestamp":"2026-09-04 12:01:56"}
{"key":"manmanshou:embedding:kfibt8","level":"debug","message":"缓存未命中","timestamp":"2026-09-04 12:01:56"}
{"key":"manmanshou:embedding:kfibt8","level":"debug","message":"缓存未命中","timestamp":"2026-09-04 12:01:56"}
{"key":"manmanshou:embedding:kfibt8","level":"debug","message":"缓存已设置","timestamp":"2026-09-04 12:01:57","ttl":604800}
{"level":"debug","message":"Embedding生成成功","provider":"dashscope","textLength":73,"timestamp":"2026-09-04 12:01:57"}
{"key":"manmanshou:embedding:33pzax","level":"debug","message":"缓存未命中","timestamp":"2026-09-04 12:01:57"}
{"key":"manmanshou:embedding:33pzax","level":"debug","message":"缓存未命中","timestamp":"2026-09-04 12:01:57"}
{"key":"manmanshou:embedding:33pzax","level":"debug","message":"缓存已设置","timestamp":"2026-09-04 12:01:57","ttl":604800}
{"level":"debug","message":"Embedding生成成功","provider":"dashscope","textLength":77,"timestamp":"2026-09-04 12:01:57"}
{"key":"manmanshou:embedding:l67yir","level":"debug","message":"缓存未命中","timestamp":"2026-09-04 12:01:57"}
{"key":"manmanshou:embedding:l67yir","level":"debug","message":"缓存未命中","timestamp":"2026-09-04 12:01:57"}
{"key":"manmanshou:embedding:l67yir","level":"debug","message":"缓存已设置","timestamp":"2026-09-04 12:01:57","ttl":604800}
{"level":"debug","message":"Embedding生成成功","provider":"dashscope","textLength":54,"timestamp":"2026-09-04 12:01:57"}
{"key":"manmanshou:embedding:jlpktv","level":"debug","message":"缓存未命中","timestamp":"2026-09-04 12:01:57"}
{"key":"manmanshou:embedding:jlpktv","level":"debug","message":"缓存未命中","timestamp":"2026-09-04 12:01:57"}
{"key":"manmanshou:embedding:jlpktv","level":"debug","message":"缓存已设置","timestamp":"2026-09-04 12:01:57","ttl":604800}
{"level":"debug","message":"Embedding生成成功","provider":"dashscope","textLength":69,"timestamp":"2026-09-04 12:01:57"}
{"key":"manmanshou:embedding:w5kkzl","level":"debug","message":"缓存未命中","timestamp":"2026-09-04 12:01:57"}
{"key":"manmanshou:embedding:w5kkzl","level":"debug","message":"缓存未命中","timestamp":"2026-09-04 12:01:57"}
{"key":"manmanshou:embedding:w5kkzl","level":"debug","message":"缓存已设置","timestamp":"2026-09-04 12:01:57","ttl":604800}
{"level":"debug","message":"Embedding生成成功","provider":"dashscope","textLength":83,"timestamp":"2026-09-04 12:01:57"}
{"level":"info","message":"已完成 40/221，暂停3秒...","timestamp":"2026-09-04 12:01:57"}
{"key":"manmanshou:embedding:hbvwb6","level":"debug","message":"缓存未命中","timestamp":"2026-09-04 12:02:00"}
{"key":"manmanshou:embedding:hbvwb6","level":"debug","message":"缓存未命中","timestamp":"2026-09-04 12:02:00"}
{"key":"manmanshou:embedding:hbvwb6","level":"debug","message":"缓存已设置","timestamp":"2026-09-04 12:02:00","ttl":604800}
{"level":"debug","message":"Embedding生成成功","provider":"dashscope","textLength":60,"timestamp":"2026-09-04 12:02:00"}
{"key":"manmanshou:embedding:2xhr6e","level":"debug","message":"缓存未命中","timestamp":"2026-09-04 12:02:00"}
{"key":"manmanshou:embedding:2xhr6e","level":"debug","message":"缓存未命中","timestamp":"2026-09-04 12:02:00"}
{"key":"manmanshou:embedding:2xhr6e","level":"debug","message":"缓存已设置","timestamp":"2026-09-04 12:02:01","ttl":604800}
{"level":"debug","message":"Embedding生成成功","provider":"dashscope","textLength":68,"timestamp":"2026-09-04 12:02:01"}
{"key":"manmanshou:embedding:slhsow","level":"debug","message":"缓存未命中","timestamp":"2026-09-04 12:02:01"}
{"key":"manmanshou:embedding:slhsow","level":"debug","message":"缓存未命中","timestamp":"2026-09-04 12:02:01"}
{"key":"manmanshou:embedding:slhsow","level":"debug","message":"缓存已设置","timestamp":"2026-09-04 12:02:01","ttl":604800}
{"level":"debug","message":"Embedding生成成功","provider":"dashscope","textLength":51,"timestamp":"2026-09-04 12:02:01"}
{"key":"manmanshou:embedding:jxceyo","level":"debug","message":"缓存未命中","timestamp":"2026-09-04 12:02:01"}
{"key":"manmanshou:embedding:jxceyo","level":"debug","message":"缓存未命中","timestamp":"2026-09-04 12:02:01"}
{"key":"manmanshou:embedding:jxceyo","level":"debug","message":"缓存已设置","timestamp":"2026-09-04 12:02:01","ttl":604800}
{"level":"debug","message":"Embedding生成成功","provider":"dashscope","textLength":52,"timestamp":"2026-09-04 12:02:01"}
{"key":"manmanshou:embedding:eexbs9","level":"debug","message":"缓存未命中","timestamp":"2026-09-04 12:02:01"}
{"key":"manmanshou:embedding:eexbs9","level":"debug","message":"缓存未命中","timestamp":"2026-09-04 12:02:01"}
{"key":"manmanshou:embedding:eexbs9","level":"debug","message":"缓存已设置","timestamp":"2026-09-04 12:02:01","ttl":604800}
{"level":"debug","message":"Embedding生成成功","provider":"dashscope","textLength":67,"timestamp":"2026-09-04 12:02:01"}
{"key":"manmanshou:embedding:61foey","level":"debug","message":"缓存未命中","timestamp":"2026-09-04 12:02:01"}
{"key":"manmanshou:embedding:61foey","level":"debug","message":"缓存未命中","timestamp":"2026-09-04 12:02:01"}
{"key":"manmanshou:embedding:61foey","level":"debug","message":"缓存已设置","timestamp":"2026-09-04 12:02:01","ttl":604800}
{"level":"debug","message":"Embedding生成成功","provider":"dashscope","textLength":74,"timestamp":"2026-09-04 12:02:01"}
{"key":"manmanshou:embedding:4gt7zj","level":"debug","message":"缓存未命中","timestamp":"2026-09-04 12:02:01"}
{"key":"manmanshou:embedding:4gt7zj","level":"debug","message":"缓存未命中","timestamp":"2026-09-04 12:02:01"}
{"key":"manmanshou:embedding:4gt7zj","level":"debug","message":"缓存已设置","timestamp":"2026-09-04 12:02:01","ttl":604800}
{"level":"debug","message":"Embedding生成成功","provider":"dashscope","textLength":156,"timestamp":"2026-09-04 12:02:01"}
{"key":"manmanshou:embedding:vn72ut","level":"debug","message":"缓存未命中","timestamp":"2026-09-04 12:02:01"}
{"key":"manmanshou:embedding:vn72ut","level":"debug","message":"缓存未命中","timestamp":"2026-09-04 12:02:01"}
{"key":"manmanshou:embedding:vn72ut","level":"debug","message":"缓存已设置","timestamp":"2026-09-04 12:02:02","ttl":604800}
{"level":"debug","message":"Embedding生成成功","provider":"dashscope","textLength":60,"timestamp":"2026-09-04 12:02:02"}
{"key":"manmanshou:embedding:33axjy","level":"debug","message":"缓存未命中","timestamp":"2026-09-04 12:02:02"}
{"key":"manmanshou:embedding:33axjy","level":"debug","message":"缓存未命中","timestamp":"2026-09-04 12:02:02"}
{"key":"manmanshou:embedding:33axjy","level":"debug","message":"缓存已设置","timestamp":"2026-09-04 12:02:02","ttl":604800}
{"level":"debug","message":"Embedding生成成功","provider":"dashscope","textLength":103,"timestamp":"2026-09-04 12:02:02"}
{"key":"manmanshou:embedding:9n91bi","level":"debug","message":"缓存未命中","timestamp":"2026-09-04 12:02:02"}
{"key":"manmanshou:embedding:9n91bi","level":"debug","message":"缓存未命中","timestamp":"2026-09-04 12:02:02"}
{"key":"manmanshou:embedding:9n91bi","level":"debug","message":"缓存已设置","timestamp":"2026-09-04 12:02:02","ttl":604800}
{"level":"debug","message":"Embedding生成成功","provider":"dashscope","textLength":209,"timestamp":"2026-09-04 12:02:02"}
{"level":"info","message":"已完成 50/221，暂停3秒...","timestamp":"2026-09-04 12:02:02"}
{"key":"manmanshou:embedding:7x0y9f","level":"debug","message":"缓存未命中","timestamp":"2026-09-04 12:02:05"}
{"key":"manmanshou:embedding:7x0y9f","level":"debug","message":"缓存未命中","timestamp":"2026-09-04 12:02:05"}
{"key":"manmanshou:embedding:7x0y9f","level":"debug","message":"缓存已设置","timestamp":"2026-09-04 12:02:05","ttl":604800}
{"level":"debug","message":"Embedding生成成功","provider":"dashscope","textLength":106,"timestamp":"2026-09-04 12:02:05"}
{"key":"manmanshou:embedding:f22m0p","level":"debug","message":"缓存未命中","timestamp":"2026-09-04 12:02:05"}
{"key":"manmanshou:embedding:f22m0p","level":"debug","message":"缓存未命中","timestamp":"2026-09-04 12:02:05"}
{"key":"manmanshou:embedding:f22m0p","level":"debug","message":"缓存已设置","timestamp":"2026-09-04 12:02:05","ttl":604800}
{"level":"debug","message":"Embedding生成成功","provider":"dashscope","textLength":118,"timestamp":"2026-09-04 12:02:05"}
{"key":"manmanshou:embedding:uriuty","level":"debug","message":"缓存未命中","timestamp":"2026-09-04 12:02:05"}
{"key":"manmanshou:embedding:uriuty","level":"debug","message":"缓存未命中","timestamp":"2026-09-04 12:02:05"}
{"key":"manmanshou:embedding:uriuty","level":"debug","message":"缓存已设置","timestamp":"2026-09-04 12:02:05","ttl":604800}
{"level":"debug","message":"Embedding生成成功","provider":"dashscope","textLength":71,"timestamp":"2026-09-04 12:02:05"}
{"key":"manmanshou:embedding:ny3m9d","level":"debug","message":"缓存未命中","timestamp":"2026-09-04 12:02:05"}
{"key":"manmanshou:embedding:ny3m9d","level":"debug","message":"缓存未命中","timestamp":"2026-09-04 12:02:05"}
{"key":"manmanshou:embedding:ny3m9d","level":"debug","message":"缓存已设置","timestamp":"2026-09-04 12:02:05","ttl":604800}
{"level":"debug","message":"Embedding生成成功","provider":"dashscope","textLength":94,"timestamp":"2026-09-04 12:02:05"}
{"key":"manmanshou:embedding:ec0epw","level":"debug","message":"缓存未命中","timestamp":"2026-09-04 12:02:05"}
{"key":"manmanshou:embedding:ec0epw","level":"debug","message":"缓存未命中","timestamp":"2026-09-04 12:02:05"}
{"key":"manmanshou:embedding:ec0epw","level":"debug","message":"缓存已设置","timestamp":"2026-09-04 12:02:06","ttl":604800}
{"level":"debug","message":"Embedding生成成功","provider":"dashscope","textLength":69,"timestamp":"2026-09-04 12:02:06"}
{"key":"manmanshou:embedding:2e12z8","level":"debug","message":"缓存未命中","timestamp":"2026-09-04 12:02:06"}
{"key":"manmanshou:embedding:2e12z8","level":"debug","message":"缓存未命中","timestamp":"2026-09-04 12:02:06"}
{"key":"manmanshou:embedding:2e12z8","level":"debug","message":"缓存已设置","timestamp":"2026-09-04 12:02:06","ttl":604800}
{"level":"debug","message":"Embedding生成成功","provider":"dashscope","textLength":62,"timestamp":"2026-09-04 12:02:06"}
{"key":"manmanshou:embedding:uumya3","level":"debug","message":"缓存未命中","timestamp":"2026-09-04 12:02:06"}
{"key":"manmanshou:embedding:uumya3","level":"debug","message":"缓存未命中","timestamp":"2026-09-04 12:02:06"}
{"key":"manmanshou:embedding:uumya3","level":"debug","message":"缓存已设置","timestamp":"2026-09-04 12:02:06","ttl":604800}
{"level":"debug","message":"Embedding生成成功","provider":"dashscope","textLength":58,"timestamp":"2026-09-04 12:02:06"}
{"key":"manmanshou:embedding:83bne","level":"debug","message":"缓存未命中","timestamp":"2026-09-04 12:02:06"}
{"key":"manmanshou:embedding:83bne","level":"debug","message":"缓存未命中","timestamp":"2026-09-04 12:02:06"}
{"key":"manmanshou:embedding:83bne","level":"debug","message":"缓存已设置","timestamp":"2026-09-04 12:02:06","ttl":604800}
{"level":"debug","message":"Embedding生成成功","provider":"dashscope","textLength":70,"timestamp":"2026-09-04 12:02:06"}
{"key":"manmanshou:embedding:ul8yyl","level":"debug","message":"缓存未命中","timestamp":"2026-09-04 12:02:06"}
{"key":"manmanshou:embedding:ul8yyl","level":"debug","message":"缓存未命中","timestamp":"2026-09-04 12:02:06"}
{"key":"manmanshou:embedding:ul8yyl","level":"debug","message":"缓存已设置","timestamp":"2026-09-04 12:02:06","ttl":604800}
{"level":"debug","message":"Embedding生成成功","provider":"dashscope","textLength":53,"timestamp":"2026-09-04 12:02:06"}
{"key":"manmanshou:embedding:mizn8i","level":"debug","message":"缓存未命中","timestamp":"2026-09-04 12:02:06"}
{"key":"manmanshou:embedding:mizn8i","level":"debug","message":"缓存未命中","timestamp":"2026-09-04 12:02:06"}
{"key":"manmanshou:embedding:mizn8i","level":"debug","message":"缓存已设置","timestamp":"2026-09-04 12:02:06","ttl":604800}
{"level":"debug","message":"Embedding生成成功","provider":"dashscope","textLength":63,"timestamp":"2026-09-04 12:02:06"}
{"level":"info","message":"已完成 60/221，暂停3秒...","timestamp":"2026-09-04 12:02:06"}
{"key":"manmanshou:embedding:oxf5yv","level":"debug","message":"缓存未命中","timestamp":"2026-09-04 12:02:09"}
{"key":"manmanshou:embedding:oxf5yv","level":"debug","message":"缓存未命中","timestamp":"2026-09-04 12:02:09"}
{"key":"manmanshou:embedding:oxf5yv","level":"debug","message":"缓存已设置","timestamp":"2026-09-04 12:02:10","ttl":604800}
{"level":"debug","message":"Embedding生成成功","provider":"dashscope","textLength":72,"timestamp":"2026-09-04 12:02:10"}
{"key":"manmanshou:embedding:6nsyia","level":"debug","message":"缓存未命中","timestamp":"2026-09-04 12:02:10"}
{"key":"manmanshou:embedding:6nsyia","level":"debug","message":"缓存未命中","timestamp":"2026-09-04 12:02:10"}
{"key":"manmanshou:embedding:6nsyia","level":"debug","message":"缓存已设置","timestamp":"2026-09-04 12:02:10","ttl":604800}
{"level":"debug","message":"Embedding生成成功","provider":"dashscope","textLength":67,"timestamp":"2026-09-04 12:02:10"}
{"key":"manmanshou:embedding:nnma5g","level":"debug","message":"缓存未命中","timestamp":"2026-09-04 12:02:10"}
{"key":"manmanshou:embedding:nnma5g","level":"debug","message":"缓存未命中","timestamp":"2026-09-04 12:02:10"}
{"key":"manmanshou:embedding:nnma5g","level":"debug","message":"缓存已设置","timestamp":"2026-09-04 12:02:10","ttl":604800}
{"level":"debug","message":"Embedding生成成功","provider":"dashscope","textLength":77,"timestamp":"2026-09-04 12:02:10"}
{"key":"manmanshou:embedding:q4tvrh","level":"debug","message":"缓存未命中","timestamp":"2026-09-04 12:02:10"}
{"key":"manmanshou:embedding:q4tvrh","level":"debug","message":"缓存未命中","timestamp":"2026-09-04 12:02:10"}
{"key":"manmanshou:embedding:q4tvrh","level":"debug","message":"缓存已设置","timestamp":"2026-09-04 12:02:10","ttl":604800}
{"level":"debug","message":"Embedding生成成功","provider":"dashscope","textLength":66,"timestamp":"2026-09-04 12:02:10"}
{"key":"manmanshou:embedding:eaktak","level":"debug","message":"缓存未命中","timestamp":"2026-09-04 12:02:10"}
{"key":"manmanshou:embedding:eaktak","level":"debug","message":"缓存未命中","timestamp":"2026-09-04 12:02:10"}
{"key":"manmanshou:embedding:eaktak","level":"debug","message":"缓存已设置","timestamp":"2026-09-04 12:02:10","ttl":604800}
{"level":"debug","message":"Embedding生成成功","provider":"dashscope","textLength":62,"timestamp":"2026-09-04 12:02:10"}
{"key":"manmanshou:embedding:xjyt9d","level":"debug","message":"缓存未命中","timestamp":"2026-09-04 12:02:10"}
{"key":"manmanshou:embedding:xjyt9d","level":"debug","message":"缓存未命中","timestamp":"2026-09-04 12:02:10"}
{"key":"manmanshou:embedding:xjyt9d","level":"debug","message":"缓存已设置","timestamp":"2026-09-04 12:02:10","ttl":604800}
{"level":"debug","message":"Embedding生成成功","provider":"dashscope","textLength":64,"timestamp":"2026-09-04 12:02:10"}
{"key":"manmanshou:embedding:9d7cqv","level":"debug","message":"缓存未命中","timestamp":"2026-09-04 12:02:10"}
{"key":"manmanshou:embedding:9d7cqv","level":"debug","message":"缓存未命中","timestamp":"2026-09-04 12:02:10"}
{"key":"manmanshou:embedding:9d7cqv","level":"debug","message":"缓存已设置","timestamp":"2026-09-04 12:02:10","ttl":604800}
{"level":"debug","message":"Embedding生成成功","provider":"dashscope","textLength":57,"timestamp":"2026-09-04 12:02:10"}
{"key":"manmanshou:embedding:22ybuf","level":"debug","message":"缓存未命中","timestamp":"2026-09-04 12:02:10"}
{"key":"manmanshou:embedding:22ybuf","level":"debug","message":"缓存未命中","timestamp":"2026-09-04 12:02:10"}
{"key":"manmanshou:embedding:22ybuf","level":"debug","message":"缓存已设置","timestamp":"2026-09-04 12:02:10","ttl":604800}
{"level":"debug","message":"Embedding生成成功","provider":"dashscope","textLength":58,"timestamp":"2026-09-04 12:02:10"}
{"key":"manmanshou:embedding:eylpys","level":"debug","message":"缓存未命中","timestamp":"2026-09-04 12:02:10"}
{"key":"manmanshou:embedding:eylpys","level":"debug","message":"缓存未命中","timestamp":"2026-09-04 12:02:10"}
{"key":"manmanshou:embedding:eylpys","level":"debug","message":"缓存已设置","timestamp":"2026-09-04 12:02:11","ttl":604800}
{"level":"debug","message":"Embedding生成成功","provider":"dashscope","textLength":76,"timestamp":"2026-09-04 12:02:11"}
{"key":"manmanshou:embedding:93wwat","level":"debug","message":"缓存未命中","timestamp":"2026-09-04 12:02:11"}
{"key":"manmanshou:embedding:93wwat","level":"debug","message":"缓存未命中","timestamp":"2026-09-04 12:02:11"}
{"key":"manmanshou:embedding:93wwat","level":"debug","message":"缓存已设置","timestamp":"2026-09-04 12:02:11","ttl":604800}
{"level":"debug","message":"Embedding生成成功","provider":"dashscope","textLength":76,"timestamp":"2026-09-04 12:02:11"}
{"level":"info","message":"已完成 70/221，暂停3秒...","timestamp":"2026-09-04 12:02:11"}
{"key":"manmanshou:embedding:s0tuct","level":"debug","message":"缓存未命中","timestamp":"2026-09-04 12:02:14"}
{"key":"manmanshou:embedding:s0tuct","level":"debug","message":"缓存未命中","timestamp":"2026-09-04 12:02:14"}
{"key":"manmanshou:embedding:s0tuct","level":"debug","message":"缓存已设置","timestamp":"2026-09-04 12:02:14","ttl":604800}
{"level":"debug","message":"Embedding生成成功","provider":"dashscope","textLength":54,"timestamp":"2026-09-04 12:02:14"}
{"key":"manmanshou:embedding:3rw0pp","level":"debug","message":"缓存未命中","timestamp":"2026-09-04 12:02:14"}
{"key":"manmanshou:embedding:3rw0pp","level":"debug","message":"缓存未命中","timestamp":"2026-09-04 12:02:14"}
{"key":"manmanshou:embedding:3rw0pp","level":"debug","message":"缓存已设置","timestamp":"2026-09-04 12:02:14","ttl":604800}
{"level":"debug","message":"Embedding生成成功","provider":"dashscope","textLength":54,"timestamp":"2026-09-04 12:02:14"}
{"key":"manmanshou:embedding:5r407h","level":"debug","message":"缓存未命中","timestamp":"2026-09-04 12:02:14"}
{"key":"manmanshou:embedding:5r407h","level":"debug","message":"缓存未命中","timestamp":"2026-09-04 12:02:14"}
{"key":"manmanshou:embedding:5r407h","level":"debug","message":"缓存已设置","timestamp":"2026-09-04 12:02:14","ttl":604800}
{"level":"debug","message":"Embedding生成成功","provider":"dashscope","textLength":53,"timestamp":"2026-09-04 12:02:14"}
{"key":"manmanshou:embedding:415ue6","level":"debug","message":"缓存未命中","timestamp":"2026-09-04 12:02:14"}
{"key":"manmanshou:embedding:415ue6","level":"debug","message":"缓存未命中","timestamp":"2026-09-04 12:02:14"}
{"key":"manmanshou:embedding:415ue6","level":"debug","message":"缓存已设置","timestamp":"2026-09-04 12:02:14","ttl":604800}
{"level":"debug","message":"Embedding生成成功","provider":"dashscope","textLength":111,"timestamp":"2026-09-04 12:02:14"}
{"key":"manmanshou:embedding:z4h0pb","level":"debug","message":"缓存未命中","timestamp":"2026-09-04 12:02:14"}
{"key":"manmanshou:embedding:z4h0pb","level":"debug","message":"缓存未命中","timestamp":"2026-09-04 12:02:14"}
{"key":"manmanshou:embedding:z4h0pb","level":"debug","message":"缓存已设置","timestamp":"2026-09-04 12:02:14","ttl":604800}
{"level":"debug","message":"Embedding生成成功","provider":"dashscope","textLength":350,"timestamp":"2026-09-04 12:02:14"}
{"key":"manmanshou:embedding:u6c2ia","level":"debug","message":"缓存未命中","timestamp":"2026-09-04 12:02:14"}
{"key":"manmanshou:embedding:u6c2ia","level":"debug","message":"缓存未命中","timestamp":"2026-09-04 12:02:14"}
{"key":"manmanshou:embedding:u6c2ia","level":"debug","message":"缓存已设置","timestamp":"2026-09-04 12:02:15","ttl":604800}
{"level":"debug","message":"Embedding生成成功","provider":"dashscope","textLength":298,"timestamp":"2026-09-04 12:02:15"}
{"key":"manmanshou:embedding:q51qvg","level":"debug","message":"缓存未命中","timestamp":"2026-09-04 12:02:15"}
{"key":"manmanshou:embedding:q51qvg","level":"debug","message":"缓存未命中","timestamp":"2026-09-04 12:02:15"}
{"key":"manmanshou:embedding:q51qvg","level":"debug","message":"缓存已设置","timestamp":"2026-09-04 12:02:15","ttl":604800}
{"level":"debug","message":"Embedding生成成功","provider":"dashscope","textLength":85,"timestamp":"2026-09-04 12:02:15"}
{"key":"manmanshou:embedding:4ixth1","level":"debug","message":"缓存未命中","timestamp":"2026-09-04 12:02:15"}
{"key":"manmanshou:embedding:4ixth1","level":"debug","message":"缓存未命中","timestamp":"2026-09-04 12:02:15"}
{"key":"manmanshou:embedding:4ixth1","level":"debug","message":"缓存已设置","timestamp":"2026-09-04 12:02:15","ttl":604800}
{"level":"debug","message":"Embedding生成成功","provider":"dashscope","textLength":321,"timestamp":"2026-09-04 12:02:15"}
{"key":"manmanshou:embedding:djpexr","level":"debug","message":"缓存未命中","timestamp":"2026-09-04 12:02:15"}
{"key":"manmanshou:embedding:djpexr","level":"debug","message":"缓存未命中","timestamp":"2026-09-04 12:02:15"}
{"key":"manmanshou:embedding:djpexr","level":"debug","message":"缓存已设置","timestamp":"2026-09-04 12:02:15","ttl":604800}
{"level":"debug","message":"Embedding生成成功","provider":"dashscope","textLength":250,"timestamp":"2026-09-04 12:02:15"}
{"key":"manmanshou:embedding:vznxkh","level":"debug","message":"缓存未命中","timestamp":"2026-09-04 12:02:15"}
{"key":"manmanshou:embedding:vznxkh","level":"debug","message":"缓存未命中","timestamp":"2026-09-04 12:02:15"}
{"key":"manmanshou:embedding:vznxkh","level":"debug","message":"缓存已设置","timestamp":"2026-09-04 12:02:15","ttl":604800}
{"level":"debug","message":"Embedding生成成功","provider":"dashscope","textLength":56,"timestamp":"2026-09-04 12:02:15"}
{"level":"info","message":"已完成 80/221，暂停3秒...","timestamp":"2026-09-04 12:02:15"}
{"key":"manmanshou:embedding:cl8ctz","level":"debug","message":"缓存未命中","timestamp":"2026-09-04 12:02:18"}
{"key":"manmanshou:embedding:cl8ctz","level":"debug","message":"缓存未命中","timestamp":"2026-09-04 12:02:18"}
{"key":"manmanshou:embedding:cl8ctz","level":"debug","message":"缓存已设置","timestamp":"2026-09-04 12:02:18","ttl":604800}
{"level":"debug","message":"Embedding生成成功","provider":"dashscope","textLength":67,"timestamp":"2026-09-04 12:02:18"}
{"key":"manmanshou:embedding:rpdcvk","level":"debug","message":"缓存未命中","timestamp":"2026-09-04 12:02:18"}
{"key":"manmanshou:embedding:rpdcvk","level":"debug","message":"缓存未命中","timestamp":"2026-09-04 12:02:18"}
{"key":"manmanshou:embedding:rpdcvk","level":"debug","message":"缓存已设置","timestamp":"2026-09-04 12:02:19","ttl":604800}
{"level":"debug","message":"Embedding生成成功","provider":"dashscope","textLength":70,"timestamp":"2026-09-04 12:02:19"}
{"key":"manmanshou:embedding:k4c88r","level":"debug","message":"缓存未命中","timestamp":"2026-09-04 12:02:19"}
{"key":"manmanshou:embedding:k4c88r","level":"debug","message":"缓存未命中","timestamp":"2026-09-04 12:02:19"}
{"key":"manmanshou:embedding:k4c88r","level":"debug","message":"缓存已设置","timestamp":"2026-09-04 12:02:19","ttl":604800}
{"level":"debug","message":"Embedding生成成功","provider":"dashscope","textLength":107,"timestamp":"2026-09-04 12:02:19"}
{"key":"manmanshou:embedding:je8wxn","level":"debug","message":"缓存未命中","timestamp":"2026-09-04 12:02:19"}
{"key":"manmanshou:embedding:je8wxn","level":"debug","message":"缓存未命中","timestamp":"2026-09-04 12:02:19"}
{"key":"manmanshou:embedding:je8wxn","level":"debug","message":"缓存已设置","timestamp":"2026-09-04 12:02:19","ttl":604800}
{"level":"debug","message":"Embedding生成成功","provider":"dashscope","textLength":241,"timestamp":"2026-09-04 12:02:19"}
{"key":"manmanshou:embedding:aj1ry3","level":"debug","message":"缓存未命中","timestamp":"2026-09-04 12:02:19"}
{"key":"manmanshou:embedding:aj1ry3","level":"debug","message":"缓存未命中","timestamp":"2026-09-04 12:02:19"}
{"key":"manmanshou:embedding:aj1ry3","level":"debug","message":"缓存已设置","timestamp":"2026-09-04 12:02:19","ttl":604800}
{"level":"debug","message":"Embedding生成成功","provider":"dashscope","textLength":74,"timestamp":"2026-09-04 12:02:19"}
{"key":"manmanshou:embedding:dmuokg","level":"debug","message":"缓存未命中","timestamp":"2026-09-04 12:02:19"}
{"key":"manmanshou:embedding:dmuokg","level":"debug","message":"缓存未命中","timestamp":"2026-09-04 12:02:19"}
{"key":"manmanshou:embedding:dmuokg","level":"debug","message":"缓存已设置","timestamp":"2026-09-04 12:02:19","ttl":604800}
{"level":"debug","message":"Embedding生成成功","provider":"dashscope","textLength":86,"timestamp":"2026-09-04 12:02:19"}
{"key":"manmanshou:embedding:pijosn","level":"debug","message":"缓存未命中","timestamp":"2026-09-04 12:02:19"}
{"key":"manmanshou:embedding:pijosn","level":"debug","message":"缓存未命中","timestamp":"2026-09-04 12:02:19"}
{"key":"manmanshou:embedding:pijosn","level":"debug","message":"缓存已设置","timestamp":"2026-09-04 12:02:19","ttl":604800}
{"level":"debug","message":"Embedding生成成功","provider":"dashscope","textLength":71,"timestamp":"2026-09-04 12:02:19"}
{"key":"manmanshou:embedding:80zz5e","level":"debug","message":"缓存未命中","timestamp":"2026-09-04 12:02:19"}
{"key":"manmanshou:embedding:80zz5e","level":"debug","message":"缓存未命中","timestamp":"2026-09-04 12:02:19"}
{"key":"manmanshou:embedding:80zz5e","level":"debug","message":"缓存已设置","timestamp":"2026-09-04 12:02:19","ttl":604800}
{"level":"debug","message":"Embedding生成成功","provider":"dashscope","textLength":97,"timestamp":"2026-09-04 12:02:19"}
{"key":"manmanshou:embedding:tg75be","level":"debug","message":"缓存未命中","timestamp":"2026-09-04 12:02:19"}
{"key":"manmanshou:embedding:tg75be","level":"debug","message":"缓存未命中","timestamp":"2026-09-04 12:02:19"}
{"key":"manmanshou:embedding:tg75be","level":"debug","message":"缓存已设置","timestamp":"2026-09-04 12:02:19","ttl":604800}
{"level":"debug","message":"Embedding生成成功","provider":"dashscope","textLength":98,"timestamp":"2026-09-04 12:02:19"}
{"key":"manmanshou:embedding:ndnf54","level":"debug","message":"缓存未命中","timestamp":"2026-09-04 12:02:19"}
{"key":"manmanshou:embedding:ndnf54","level":"debug","message":"缓存未命中","timestamp":"2026-09-04 12:02:19"}
{"key":"manmanshou:embedding:ndnf54","level":"debug","message":"缓存已设置","timestamp":"2026-09-04 12:02:20","ttl":604800}
{"level":"debug","message":"Embedding生成成功","provider":"dashscope","textLength":67,"timestamp":"2026-09-04 12:02:20"}
{"level":"info","message":"已完成 90/221，暂停3秒...","timestamp":"2026-09-04 12:02:20"}
{"key":"manmanshou:embedding:7twa35","level":"debug","message":"缓存未命中","timestamp":"2026-09-04 12:02:23"}
{"key":"manmanshou:embedding:7twa35","level":"debug","message":"缓存未命中","timestamp":"2026-09-04 12:02:23"}
{"key":"manmanshou:embedding:7twa35","level":"debug","message":"缓存已设置","timestamp":"2026-09-04 12:02:23","ttl":604800}
{"level":"debug","message":"Embedding生成成功","provider":"dashscope","textLength":56,"timestamp":"2026-09-04 12:02:23"}
{"key":"manmanshou:embedding:4x0h6r","level":"debug","message":"缓存未命中","timestamp":"2026-09-04 12:02:23"}
{"key":"manmanshou:embedding:4x0h6r","level":"debug","message":"缓存未命中","timestamp":"2026-09-04 12:02:23"}
{"key":"manmanshou:embedding:4x0h6r","level":"debug","message":"缓存已设置","timestamp":"2026-09-04 12:02:23","ttl":604800}
{"level":"debug","message":"Embedding生成成功","provider":"dashscope","textLength":62,"timestamp":"2026-09-04 12:02:23"}
{"key":"manmanshou:embedding:f9dai4","level":"debug","message":"缓存未命中","timestamp":"2026-09-04 12:02:23"}
{"key":"manmanshou:embedding:f9dai4","level":"debug","message":"缓存未命中","timestamp":"2026-09-04 12:02:23"}
{"key":"manmanshou:embedding:f9dai4","level":"debug","message":"缓存已设置","timestamp":"2026-09-04 12:02:23","ttl":604800}
{"level":"debug","message":"Embedding生成成功","provider":"dashscope","textLength":54,"timestamp":"2026-09-04 12:02:23"}
{"key":"manmanshou:embedding:khydh8","level":"debug","message":"缓存未命中","timestamp":"2026-09-04 12:02:23"}
{"key":"manmanshou:embedding:khydh8","level":"debug","message":"缓存未命中","timestamp":"2026-09-04 12:02:23"}
{"key":"manmanshou:embedding:khydh8","level":"debug","message":"缓存已设置","timestamp":"2026-09-04 12:02:23","ttl":604800}
{"level":"debug","message":"Embedding生成成功","provider":"dashscope","textLength":59,"timestamp":"2026-09-04 12:02:23"}
{"key":"manmanshou:embedding:nd3sm6","level":"debug","message":"缓存未命中","timestamp":"2026-09-04 12:02:23"}
{"key":"manmanshou:embedding:nd3sm6","level":"debug","message":"缓存未命中","timestamp":"2026-09-04 12:02:23"}
{"key":"manmanshou:embedding:nd3sm6","level":"debug","message":"缓存已设置","timestamp":"2026-09-04 12:02:23","ttl":604800}
{"level":"debug","message":"Embedding生成成功","provider":"dashscope","textLength":188,"timestamp":"2026-09-04 12:02:23"}
{"key":"manmanshou:embedding:xm2mij","level":"debug","message":"缓存未命中","timestamp":"2026-09-04 12:02:23"}
{"key":"manmanshou:embedding:xm2mij","level":"debug","message":"缓存未命中","timestamp":"2026-09-04 12:02:23"}
{"key":"manmanshou:embedding:xm2mij","level":"debug","message":"缓存已设置","timestamp":"2026-09-04 12:02:23","ttl":604800}
{"level":"debug","message":"Embedding生成成功","provider":"dashscope","textLength":72,"timestamp":"2026-09-04 12:02:23"}
{"key":"manmanshou:embedding:askahf","level":"debug","message":"缓存未命中","timestamp":"2026-09-04 12:02:23"}
{"key":"manmanshou:embedding:askahf","level":"debug","message":"缓存未命中","timestamp":"2026-09-04 12:02:23"}
{"key":"manmanshou:embedding:askahf","level":"debug","message":"缓存已设置","timestamp":"2026-09-04 12:02:23","ttl":604800}
{"level":"debug","message":"Embedding生成成功","provider":"dashscope","textLength":73,"timestamp":"2026-09-04 12:02:23"}
{"key":"manmanshou:embedding:ilcxs4","level":"debug","message":"缓存未命中","timestamp":"2026-09-04 12:02:23"}
{"key":"manmanshou:embedding:ilcxs4","level":"debug","message":"缓存未命中","timestamp":"2026-09-04 12:02:23"}
{"key":"manmanshou:embedding:ilcxs4","level":"debug","message":"缓存已设置","timestamp":"2026-09-04 12:02:24","ttl":604800}
{"level":"debug","message":"Embedding生成成功","provider":"dashscope","textLength":66,"timestamp":"2026-09-04 12:02:24"}
{"key":"manmanshou:embedding:qnell","level":"debug","message":"缓存未命中","timestamp":"2026-09-04 12:02:24"}
{"key":"manmanshou:embedding:qnell","level":"debug","message":"缓存未命中","timestamp":"2026-09-04 12:02:24"}
{"key":"manmanshou:embedding:qnell","level":"debug","message":"缓存已设置","timestamp":"2026-09-04 12:02:24","ttl":604800}
{"level":"debug","message":"Embedding生成成功","provider":"dashscope","textLength":65,"timestamp":"2026-09-04 12:02:24"}
{"key":"manmanshou:embedding:vdaggc","level":"debug","message":"缓存未命中","timestamp":"2026-09-04 12:02:24"}
{"key":"manmanshou:embedding:vdaggc","level":"debug","message":"缓存未命中","timestamp":"2026-09-04 12:02:24"}
{"key":"manmanshou:embedding:vdaggc","level":"debug","message":"缓存已设置","timestamp":"2026-09-04 12:02:24","ttl":604800}
{"level":"debug","message":"Embedding生成成功","provider":"dashscope","textLength":135,"timestamp":"2026-09-04 12:02:24"}
{"level":"info","message":"已完成 100/221，暂停3秒...","timestamp":"2026-09-04 12:02:24"}
{"key":"manmanshou:embedding:pmmr8","level":"debug","message":"缓存未命中","timestamp":"2026-09-04 12:02:27"}
{"key":"manmanshou:embedding:pmmr8","level":"debug","message":"缓存未命中","timestamp":"2026-09-04 12:02:27"}
{"key":"manmanshou:embedding:pmmr8","level":"debug","message":"缓存已设置","timestamp":"2026-09-04 12:02:27","ttl":604800}
{"level":"debug","message":"Embedding生成成功","provider":"dashscope","textLength":54,"timestamp":"2026-09-04 12:02:27"}
{"key":"manmanshou:embedding:u2c1ei","level":"debug","message":"缓存未命中","timestamp":"2026-09-04 12:02:27"}
{"key":"manmanshou:embedding:u2c1ei","level":"debug","message":"缓存未命中","timestamp":"2026-09-04 12:02:27"}
{"key":"manmanshou:embedding:u2c1ei","level":"debug","message":"缓存已设置","timestamp":"2026-09-04 12:02:27","ttl":604800}
{"level":"debug","message":"Embedding生成成功","provider":"dashscope","textLength":56,"timestamp":"2026-09-04 12:02:27"}
{"key":"manmanshou:embedding:akj3c8","level":"debug","message":"缓存未命中","timestamp":"2026-09-04 12:02:27"}
{"key":"manmanshou:embedding:akj3c8","level":"debug","message":"缓存未命中","timestamp":"2026-09-04 12:02:27"}
{"key":"manmanshou:embedding:akj3c8","level":"debug","message":"缓存已设置","timestamp":"2026-09-04 12:02:27","ttl":604800}
{"level":"debug","message":"Embedding生成成功","provider":"dashscope","textLength":463,"timestamp":"2026-09-04 12:02:27"}
{"key":"manmanshou:embedding:ujv7fp","level":"debug","message":"缓存未命中","timestamp":"2026-09-04 12:02:27"}
{"key":"manmanshou:embedding:ujv7fp","level":"debug","message":"缓存未命中","timestamp":"2026-09-04 12:02:27"}
{"key":"manmanshou:embedding:ujv7fp","level":"debug","message":"缓存已设置","timestamp":"2026-09-04 12:02:28","ttl":604800}
{"level":"debug","message":"Embedding生成成功","provider":"dashscope","textLength":364,"timestamp":"2026-09-04 12:02:28"}
{"key":"manmanshou:embedding:za54sy","level":"debug","message":"缓存未命中","timestamp":"2026-09-04 12:02:28"}
{"key":"manmanshou:embedding:za54sy","level":"debug","message":"缓存未命中","timestamp":"2026-09-04 12:02:28"}
{"key":"manmanshou:embedding:za54sy","level":"debug","message":"缓存已设置","timestamp":"2026-09-04 12:02:28","ttl":604800}
{"level":"debug","message":"Embedding生成成功","provider":"dashscope","textLength":62,"timestamp":"2026-09-04 12:02:28"}
{"key":"manmanshou:embedding:qpn5nk","level":"debug","message":"缓存未命中","timestamp":"2026-09-04 12:02:28"}
{"key":"manmanshou:embedding:qpn5nk","level":"debug","message":"缓存未命中","timestamp":"2026-09-04 12:02:28"}
{"key":"manmanshou:embedding:qpn5nk","level":"debug","message":"缓存已设置","timestamp":"2026-09-04 12:02:28","ttl":604800}
{"level":"debug","message":"Embedding生成成功","provider":"dashscope","textLength":110,"timestamp":"2026-09-04 12:02:28"}
{"key":"manmanshou:embedding:uesy25","level":"debug","message":"缓存未命中","timestamp":"2026-09-04 12:02:28"}
{"key":"manmanshou:embedding:uesy25","level":"debug","message":"缓存未命中","timestamp":"2026-09-04 12:02:28"}
{"key":"manmanshou:embedding:uesy25","level":"debug","message":"缓存已设置","timestamp":"2026-09-04 12:02:28","ttl":604800}
{"level":"debug","message":"Embedding生成成功","provider":"dashscope","textLength":66,"timestamp":"2026-09-04 12:02:28"}
{"key":"manmanshou:embedding:biauyt","level":"debug","message":"缓存未命中","timestamp":"2026-09-04 12:02:28"}
{"key":"manmanshou:embedding:biauyt","level":"debug","message":"缓存未命中","timestamp":"2026-09-04 12:02:28"}
{"key":"manmanshou:embedding:biauyt","level":"debug","message":"缓存已设置","timestamp":"2026-09-04 12:02:28","ttl":604800}
{"level":"debug","message":"Embedding生成成功","provider":"dashscope","textLength":68,"timestamp":"2026-09-04 12:02:28"}
{"key":"manmanshou:embedding:n14hvp","level":"debug","message":"缓存未命中","timestamp":"2026-09-04 12:02:28"}
{"key":"manmanshou:embedding:n14hvp","level":"debug","message":"缓存未命中","timestamp":"2026-09-04 12:02:28"}
{"key":"manmanshou:embedding:n14hvp","level":"debug","message":"缓存已设置","timestamp":"2026-09-04 12:02:28","ttl":604800}
{"level":"debug","message":"Embedding生成成功","provider":"dashscope","textLength":69,"timestamp":"2026-09-04 12:02:28"}
{"key":"manmanshou:embedding:k1ee8s","level":"debug","message":"缓存未命中","timestamp":"2026-09-04 12:02:28"}
{"key":"manmanshou:embedding:k1ee8s","level":"debug","message":"缓存未命中","timestamp":"2026-09-04 12:02:28"}
{"key":"manmanshou:embedding:k1ee8s","level":"debug","message":"缓存已设置","timestamp":"2026-09-04 12:02:28","ttl":604800}
{"level":"debug","message":"Embedding生成成功","provider":"dashscope","textLength":80,"timestamp":"2026-09-04 12:02:28"}
{"level":"info","message":"已完成 110/221，暂停3秒...","timestamp":"2026-09-04 12:02:28"}
{"key":"manmanshou:embedding:qewbfd","level":"debug","message":"缓存未命中","timestamp":"2026-09-04 12:02:31"}
{"key":"manmanshou:embedding:qewbfd","level":"debug","message":"缓存未命中","timestamp":"2026-09-04 12:02:31"}
{"key":"manmanshou:embedding:qewbfd","level":"debug","message":"缓存已设置","timestamp":"2026-09-04 12:02:32","ttl":604800}
{"level":"debug","message":"Embedding生成成功","provider":"dashscope","textLength":56,"timestamp":"2026-09-04 12:02:32"}
{"key":"manmanshou:embedding:d6q9cf","level":"debug","message":"缓存未命中","timestamp":"2026-09-04 12:02:32"}
{"key":"manmanshou:embedding:d6q9cf","level":"debug","message":"缓存未命中","timestamp":"2026-09-04 12:02:32"}
{"key":"manmanshou:embedding:d6q9cf","level":"debug","message":"缓存已设置","timestamp":"2026-09-04 12:02:32","ttl":604800}
{"level":"debug","message":"Embedding生成成功","provider":"dashscope","textLength":99,"timestamp":"2026-09-04 12:02:32"}
{"key":"manmanshou:embedding:nwg7wc","level":"debug","message":"缓存未命中","timestamp":"2026-09-04 12:02:32"}
{"key":"manmanshou:embedding:nwg7wc","level":"debug","message":"缓存未命中","timestamp":"2026-09-04 12:02:32"}
{"key":"manmanshou:embedding:nwg7wc","level":"debug","message":"缓存已设置","timestamp":"2026-09-04 12:02:32","ttl":604800}
{"level":"debug","message":"Embedding生成成功","provider":"dashscope","textLength":53,"timestamp":"2026-09-04 12:02:32"}
{"key":"manmanshou:embedding:7u2fb9","level":"debug","message":"缓存未命中","timestamp":"2026-09-04 12:02:32"}
{"key":"manmanshou:embedding:7u2fb9","level":"debug","message":"缓存未命中","timestamp":"2026-09-04 12:02:32"}
{"key":"manmanshou:embedding:7u2fb9","level":"debug","message":"缓存已设置","timestamp":"2026-09-04 12:02:32","ttl":604800}
{"level":"debug","message":"Embedding生成成功","provider":"dashscope","textLength":51,"timestamp":"2026-09-04 12:02:32"}
{"key":"manmanshou:embedding:8ijijm","level":"debug","message":"缓存未命中","timestamp":"2026-09-04 12:02:32"}
{"key":"manmanshou:embedding:8ijijm","level":"debug","message":"缓存未命中","timestamp":"2026-09-04 12:02:32"}
{"key":"manmanshou:embedding:8ijijm","level":"debug","message":"缓存已设置","timestamp":"2026-09-04 12:02:32","ttl":604800}
{"level":"debug","message":"Embedding生成成功","provider":"dashscope","textLength":55,"timestamp":"2026-09-04 12:02:32"}
{"key":"manmanshou:embedding:oqimh6","level":"debug","message":"缓存未命中","timestamp":"2026-09-04 12:02:32"}
{"key":"manmanshou:embedding:oqimh6","level":"debug","message":"缓存未命中","timestamp":"2026-09-04 12:02:32"}
{"key":"manmanshou:embedding:oqimh6","level":"debug","message":"缓存已设置","timestamp":"2026-09-04 12:02:32","ttl":604800}
{"level":"debug","message":"Embedding生成成功","provider":"dashscope","textLength":55,"timestamp":"2026-09-04 12:02:32"}
{"key":"manmanshou:embedding:33thj8","level":"debug","message":"缓存未命中","timestamp":"2026-09-04 12:02:32"}
{"key":"manmanshou:embedding:33thj8","level":"debug","message":"缓存未命中","timestamp":"2026-09-04 12:02:32"}
{"key":"manmanshou:embedding:33thj8","level":"debug","message":"缓存已设置","timestamp":"2026-09-04 12:02:32","ttl":604800}
{"level":"debug","message":"Embedding生成成功","provider":"dashscope","textLength":59,"timestamp":"2026-09-04 12:02:32"}
{"key":"manmanshou:embedding:6pl4fv","level":"debug","message":"缓存未命中","timestamp":"2026-09-04 12:02:32"}
{"key":"manmanshou:embedding:6pl4fv","level":"debug","message":"缓存未命中","timestamp":"2026-09-04 12:02:32"}
{"key":"manmanshou:embedding:6pl4fv","level":"debug","message":"缓存已设置","timestamp":"2026-09-04 12:02:33","ttl":604800}
{"level":"debug","message":"Embedding生成成功","provider":"dashscope","textLength":73,"timestamp":"2026-09-04 12:02:33"}
{"key":"manmanshou:embedding:og0q5c","level":"debug","message":"缓存未命中","timestamp":"2026-09-04 12:02:33"}
{"key":"manmanshou:embedding:og0q5c","level":"debug","message":"缓存未命中","timestamp":"2026-09-04 12:02:33"}
{"key":"manmanshou:embedding:og0q5c","level":"debug","message":"缓存已设置","timestamp":"2026-09-04 12:02:33","ttl":604800}
{"level":"debug","message":"Embedding生成成功","provider":"dashscope","textLength":54,"timestamp":"2026-09-04 12:02:33"}
{"key":"manmanshou:embedding:jszl3s","level":"debug","message":"缓存未命中","timestamp":"2026-09-04 12:02:33"}
{"key":"manmanshou:embedding:jszl3s","level":"debug","message":"缓存未命中","timestamp":"2026-09-04 12:02:33"}
{"key":"manmanshou:embedding:jszl3s","level":"debug","message":"缓存已设置","timestamp":"2026-09-04 12:02:33","ttl":604800}
{"level":"debug","message":"Embedding生成成功","provider":"dashscope","textLength":67,"timestamp":"2026-09-04 12:02:33"}
{"level":"info","message":"已完成 120/221，暂停3秒...","timestamp":"2026-09-04 12:02:33"}
{"key":"manmanshou:embedding:yh0vmz","level":"debug","message":"缓存未命中","timestamp":"2026-09-04 12:02:36"}
{"key":"manmanshou:embedding:yh0vmz","level":"debug","message":"缓存未命中","timestamp":"2026-09-04 12:02:36"}
{"key":"manmanshou:embedding:yh0vmz","level":"debug","message":"缓存已设置","timestamp":"2026-09-04 12:02:36","ttl":604800}
{"level":"debug","message":"Embedding生成成功","provider":"dashscope","textLength":121,"timestamp":"2026-09-04 12:02:36"}
{"key":"manmanshou:embedding:3ai4n","level":"debug","message":"缓存未命中","timestamp":"2026-09-04 12:02:36"}
{"key":"manmanshou:embedding:3ai4n","level":"debug","message":"缓存未命中","timestamp":"2026-09-04 12:02:36"}
{"key":"manmanshou:embedding:3ai4n","level":"debug","message":"缓存已设置","timestamp":"2026-09-04 12:02:36","ttl":604800}
{"level":"debug","message":"Embedding生成成功","provider":"dashscope","textLength":136,"timestamp":"2026-09-04 12:02:36"}
{"key":"manmanshou:embedding:1i0rz2","level":"debug","message":"缓存未命中","timestamp":"2026-09-04 12:02:36"}
{"key":"manmanshou:embedding:1i0rz2","level":"debug","message":"缓存未命中","timestamp":"2026-09-04 12:02:36"}
{"key":"manmanshou:embedding:1i0rz2","level":"debug","message":"缓存已设置","timestamp":"2026-09-04 12:02:36","ttl":604800}
{"level":"debug","message":"Embedding生成成功","provider":"dashscope","textLength":75,"timestamp":"2026-09-04 12:02:36"}
{"key":"manmanshou:embedding:doowux","level":"debug","message":"缓存未命中","timestamp":"2026-09-04 12:02:36"}
{"key":"manmanshou:embedding:doowux","level":"debug","message":"缓存未命中","timestamp":"2026-09-04 12:02:36"}
{"key":"manmanshou:embedding:doowux","level":"debug","message":"缓存已设置","timestamp":"2026-09-04 12:02:36","ttl":604800}
{"level":"debug","message":"Embedding生成成功","provider":"dashscope","textLength":80,"timestamp":"2026-09-04 12:02:36"}
{"key":"manmanshou:embedding:2ev5rx","level":"debug","message":"缓存未命中","timestamp":"2026-09-04 12:02:36"}
{"key":"manmanshou:embedding:2ev5rx","level":"debug","message":"缓存未命中","timestamp":"2026-09-04 12:02:36"}
{"key":"manmanshou:embedding:2ev5rx","level":"debug","message":"缓存已设置","timestamp":"2026-09-04 12:02:36","ttl":604800}
{"level":"debug","message":"Embedding生成成功","provider":"dashscope","textLength":57,"timestamp":"2026-09-04 12:02:36"}
{"key":"manmanshou:embedding:ouwktp","level":"debug","message":"缓存未命中","timestamp":"2026-09-04 12:02:36"}
{"key":"manmanshou:embedding:ouwktp","level":"debug","message":"缓存未命中","timestamp":"2026-09-04 12:02:36"}
{"key":"manmanshou:embedding:ouwktp","level":"debug","message":"缓存已设置","timestamp":"2026-09-04 12:02:37","ttl":604800}
{"level":"debug","message":"Embedding生成成功","provider":"dashscope","textLength":100,"timestamp":"2026-09-04 12:02:37"}
{"key":"manmanshou:embedding:qmjcyf","level":"debug","message":"缓存未命中","timestamp":"2026-09-04 12:02:37"}
{"key":"manmanshou:embedding:qmjcyf","level":"debug","message":"缓存未命中","timestamp":"2026-09-04 12:02:37"}
{"key":"manmanshou:embedding:qmjcyf","level":"debug","message":"缓存已设置","timestamp":"2026-09-04 12:02:37","ttl":604800}
{"level":"debug","message":"Embedding生成成功","provider":"dashscope","textLength":54,"timestamp":"2026-09-04 12:02:37"}
{"key":"manmanshou:embedding:jtug4t","level":"debug","message":"缓存未命中","timestamp":"2026-09-04 12:02:37"}
{"key":"manmanshou:embedding:jtug4t","level":"debug","message":"缓存未命中","timestamp":"2026-09-04 12:02:37"}
{"key":"manmanshou:embedding:jtug4t","level":"debug","message":"缓存已设置","timestamp":"2026-09-04 12:02:37","ttl":604800}
{"level":"debug","message":"Embedding生成成功","provider":"dashscope","textLength":74,"timestamp":"2026-09-04 12:02:37"}
{"key":"manmanshou:embedding:yliijd","level":"debug","message":"缓存未命中","timestamp":"2026-09-04 12:02:37"}
{"key":"manmanshou:embedding:yliijd","level":"debug","message":"缓存未命中","timestamp":"2026-09-04 12:02:37"}
{"key":"manmanshou:embedding:yliijd","level":"debug","message":"缓存已设置","timestamp":"2026-09-04 12:02:37","ttl":604800}
{"level":"debug","message":"Embedding生成成功","provider":"dashscope","textLength":71,"timestamp":"2026-09-04 12:02:37"}
{"key":"manmanshou:embedding:a39sq","level":"debug","message":"缓存未命中","timestamp":"2026-09-04 12:02:37"}
{"key":"manmanshou:embedding:a39sq","level":"debug","message":"缓存未命中","timestamp":"2026-09-04 12:02:37"}
{"key":"manmanshou:embedding:a39sq","level":"debug","message":"缓存已设置","timestamp":"2026-09-04 12:02:37","ttl":604800}
{"level":"debug","message":"Embedding生成成功","provider":"dashscope","textLength":52,"timestamp":"2026-09-04 12:02:37"}
{"level":"info","message":"已完成 130/221，暂停3秒...","timestamp":"2026-09-04 12:02:37"}
{"key":"manmanshou:embedding:vzqjin","level":"debug","message":"缓存未命中","timestamp":"2026-09-04 12:02:40"}
{"key":"manmanshou:embedding:vzqjin","level":"debug","message":"缓存未命中","timestamp":"2026-09-04 12:02:40"}
{"key":"manmanshou:embedding:vzqjin","level":"debug","message":"缓存已设置","timestamp":"2026-09-04 12:02:40","ttl":604800}
{"level":"debug","message":"Embedding生成成功","provider":"dashscope","textLength":55,"timestamp":"2026-09-04 12:02:40"}
{"key":"manmanshou:embedding:kainzy","level":"debug","message":"缓存未命中","timestamp":"2026-09-04 12:02:40"}
{"key":"manmanshou:embedding:kainzy","level":"debug","message":"缓存未命中","timestamp":"2026-09-04 12:02:40"}
{"key":"manmanshou:embedding:kainzy","level":"debug","message":"缓存已设置","timestamp":"2026-09-04 12:02:40","ttl":604800}
{"level":"debug","message":"Embedding生成成功","provider":"dashscope","textLength":70,"timestamp":"2026-09-04 12:02:40"}
{"key":"manmanshou:embedding:if551q","level":"debug","message":"缓存未命中","timestamp":"2026-09-04 12:02:40"}
{"key":"manmanshou:embedding:if551q","level":"debug","message":"缓存未命中","timestamp":"2026-09-04 12:02:40"}
{"key":"manmanshou:embedding:if551q","level":"debug","message":"缓存已设置","timestamp":"2026-09-04 12:02:41","ttl":604800}
{"level":"debug","message":"Embedding生成成功","provider":"dashscope","textLength":72,"timestamp":"2026-09-04 12:02:41"}
{"key":"manmanshou:embedding:9e1fnl","level":"debug","message":"缓存未命中","timestamp":"2026-09-04 12:02:41"}
{"key":"manmanshou:embedding:9e1fnl","level":"debug","message":"缓存未命中","timestamp":"2026-09-04 12:02:41"}
{"key":"manmanshou:embedding:9e1fnl","level":"debug","message":"缓存已设置","timestamp":"2026-09-04 12:02:41","ttl":604800}
{"level":"debug","message":"Embedding生成成功","provider":"dashscope","textLength":64,"timestamp":"2026-09-04 12:02:41"}
{"key":"manmanshou:embedding:mye0nu","level":"debug","message":"缓存未命中","timestamp":"2026-09-04 12:02:41"}
{"key":"manmanshou:embedding:mye0nu","level":"debug","message":"缓存未命中","timestamp":"2026-09-04 12:02:41"}
{"key":"manmanshou:embedding:mye0nu","level":"debug","message":"缓存已设置","timestamp":"2026-09-04 12:02:41","ttl":604800}
{"level":"debug","message":"Embedding生成成功","provider":"dashscope","textLength":69,"timestamp":"2026-09-04 12:02:41"}
{"key":"manmanshou:embedding:fzfa7j","level":"debug","message":"缓存未命中","timestamp":"2026-09-04 12:02:41"}
{"key":"manmanshou:embedding:fzfa7j","level":"debug","message":"缓存未命中","timestamp":"2026-09-04 12:02:41"}
{"key":"manmanshou:embedding:fzfa7j","level":"debug","message":"缓存已设置","timestamp":"2026-09-04 12:02:41","ttl":604800}
{"level":"debug","message":"Embedding生成成功","provider":"dashscope","textLength":56,"timestamp":"2026-09-04 12:02:41"}
{"key":"manmanshou:embedding:mwkfdq","level":"debug","message":"缓存未命中","timestamp":"2026-09-04 12:02:41"}
{"key":"manmanshou:embedding:mwkfdq","level":"debug","message":"缓存未命中","timestamp":"2026-09-04 12:02:41"}
{"key":"manmanshou:embedding:mwkfdq","level":"debug","message":"缓存已设置","timestamp":"2026-09-04 12:02:41","ttl":604800}
{"level":"debug","message":"Embedding生成成功","provider":"dashscope","textLength":64,"timestamp":"2026-09-04 12:02:41"}
{"key":"manmanshou:embedding:vpuhjn","level":"debug","message":"缓存未命中","timestamp":"2026-09-04 12:02:41"}
{"key":"manmanshou:embedding:vpuhjn","level":"debug","message":"缓存未命中","timestamp":"2026-09-04 12:02:41"}
{"key":"manmanshou:embedding:vpuhjn","level":"debug","message":"缓存已设置","timestamp":"2026-09-04 12:02:41","ttl":604800}
{"level":"debug","message":"Embedding生成成功","provider":"dashscope","textLength":88,"timestamp":"2026-09-04 12:02:41"}
{"key":"manmanshou:embedding:ggxrlx","level":"debug","message":"缓存未命中","timestamp":"2026-09-04 12:02:41"}
{"key":"manmanshou:embedding:ggxrlx","level":"debug","message":"缓存未命中","timestamp":"2026-09-04 12:02:41"}
{"key":"manmanshou:embedding:ggxrlx","level":"debug","message":"缓存已设置","timestamp":"2026-09-04 12:02:42","ttl":604800}
{"level":"debug","message":"Embedding生成成功","provider":"dashscope","textLength":83,"timestamp":"2026-09-04 12:02:42"}
{"key":"manmanshou:embedding:g84wrl","level":"debug","message":"缓存未命中","timestamp":"2026-09-04 12:02:42"}
{"key":"manmanshou:embedding:g84wrl","level":"debug","message":"缓存未命中","timestamp":"2026-09-04 12:02:42"}
{"key":"manmanshou:embedding:g84wrl","level":"debug","message":"缓存已设置","timestamp":"2026-09-04 12:02:42","ttl":604800}
{"level":"debug","message":"Embedding生成成功","provider":"dashscope","textLength":81,"timestamp":"2026-09-04 12:02:42"}
{"level":"info","message":"已完成 140/221，暂停3秒...","timestamp":"2026-09-04 12:02:42"}
{"key":"manmanshou:embedding:5k2y19","level":"debug","message":"缓存未命中","timestamp":"2026-09-04 12:02:45"}
{"key":"manmanshou:embedding:5k2y19","level":"debug","message":"缓存未命中","timestamp":"2026-09-04 12:02:45"}
{"key":"manmanshou:embedding:5k2y19","level":"debug","message":"缓存已设置","timestamp":"2026-09-04 12:02:45","ttl":604800}
{"level":"debug","message":"Embedding生成成功","provider":"dashscope","textLength":66,"timestamp":"2026-09-04 12:02:45"}
{"key":"manmanshou:embedding:jx184s","level":"debug","message":"缓存未命中","timestamp":"2026-09-04 12:02:45"}
{"key":"manmanshou:embedding:jx184s","level":"debug","message":"缓存未命中","timestamp":"2026-09-04 12:02:45"}
{"key":"manmanshou:embedding:jx184s","level":"debug","message":"缓存已设置","timestamp":"2026-09-04 12:02:45","ttl":604800}
{"level":"debug","message":"Embedding生成成功","provider":"dashscope","textLength":79,"timestamp":"2026-09-04 12:02:45"}
{"key":"manmanshou:embedding:cy5hkj","level":"debug","message":"缓存未命中","timestamp":"2026-09-04 12:02:45"}
{"key":"manmanshou:embedding:cy5hkj","level":"debug","message":"缓存未命中","timestamp":"2026-09-04 12:02:45"}
{"key":"manmanshou:embedding:cy5hkj","level":"debug","message":"缓存已设置","timestamp":"2026-09-04 12:02:45","ttl":604800}
{"level":"debug","message":"Embedding生成成功","provider":"dashscope","textLength":56,"timestamp":"2026-09-04 12:02:45"}
{"key":"manmanshou:embedding:v9ezsu","level":"debug","message":"缓存未命中","timestamp":"2026-09-04 12:02:45"}
{"key":"manmanshou:embedding:v9ezsu","level":"debug","message":"缓存未命中","timestamp":"2026-09-04 12:02:45"}
{"key":"manmanshou:embedding:v9ezsu","level":"debug","message":"缓存已设置","timestamp":"2026-09-04 12:02:45","ttl":604800}
{"level":"debug","message":"Embedding生成成功","provider":"dashscope","textLength":53,"timestamp":"2026-09-04 12:02:45"}
{"key":"manmanshou:embedding:174af5","level":"debug","message":"缓存未命中","timestamp":"2026-09-04 12:02:45"}
{"key":"manmanshou:embedding:174af5","level":"debug","message":"缓存未命中","timestamp":"2026-09-04 12:02:45"}
{"key":"manmanshou:embedding:174af5","level":"debug","message":"缓存已设置","timestamp":"2026-09-04 12:02:45","ttl":604800}
{"level":"debug","message":"Embedding生成成功","provider":"dashscope","textLength":65,"timestamp":"2026-09-04 12:02:45"}
{"key":"manmanshou:embedding:ripquy","level":"debug","message":"缓存未命中","timestamp":"2026-09-04 12:02:45"}
{"key":"manmanshou:embedding:ripquy","level":"debug","message":"缓存未命中","timestamp":"2026-09-04 12:02:45"}
{"key":"manmanshou:embedding:ripquy","level":"debug","message":"缓存已设置","timestamp":"2026-09-04 12:02:45","ttl":604800}
{"level":"debug","message":"Embedding生成成功","provider":"dashscope","textLength":87,"timestamp":"2026-09-04 12:02:45"}
{"key":"manmanshou:embedding:zanzge","level":"debug","message":"缓存未命中","timestamp":"2026-09-04 12:02:45"}
{"key":"manmanshou:embedding:zanzge","level":"debug","message":"缓存未命中","timestamp":"2026-09-04 12:02:45"}
{"key":"manmanshou:embedding:zanzge","level":"debug","message":"缓存已设置","timestamp":"2026-09-04 12:02:46","ttl":604800}
{"level":"debug","message":"Embedding生成成功","provider":"dashscope","textLength":71,"timestamp":"2026-09-04 12:02:46"}
{"key":"manmanshou:embedding:d3ksls","level":"debug","message":"缓存未命中","timestamp":"2026-09-04 12:02:46"}
{"key":"manmanshou:embedding:d3ksls","level":"debug","message":"缓存未命中","timestamp":"2026-09-04 12:02:46"}
{"key":"manmanshou:embedding:d3ksls","level":"debug","message":"缓存已设置","timestamp":"2026-09-04 12:02:46","ttl":604800}
{"level":"debug","message":"Embedding生成成功","provider":"dashscope","textLength":97,"timestamp":"2026-09-04 12:02:46"}
{"key":"manmanshou:embedding:1zouax","level":"debug","message":"缓存未命中","timestamp":"2026-09-04 12:02:46"}
{"key":"manmanshou:embedding:1zouax","level":"debug","message":"缓存未命中","timestamp":"2026-09-04 12:02:46"}
{"key":"manmanshou:embedding:1zouax","level":"debug","message":"缓存已设置","timestamp":"2026-09-04 12:02:46","ttl":604800}
{"level":"debug","message":"Embedding生成成功","provider":"dashscope","textLength":51,"timestamp":"2026-09-04 12:02:46"}
{"key":"manmanshou:embedding:lvkw4o","level":"debug","message":"缓存未命中","timestamp":"2026-09-04 12:02:46"}
{"key":"manmanshou:embedding:lvkw4o","level":"debug","message":"缓存未命中","timestamp":"2026-09-04 12:02:46"}
{"key":"manmanshou:embedding:lvkw4o","level":"debug","message":"缓存已设置","timestamp":"2026-09-04 12:02:46","ttl":604800}
{"level":"debug","message":"Embedding生成成功","provider":"dashscope","textLength":53,"timestamp":"2026-09-04 12:02:46"}
{"level":"info","message":"已完成 150/221，暂停3秒...","timestamp":"2026-09-04 12:02:46"}
{"key":"manmanshou:embedding:w3uyew","level":"debug","message":"缓存未命中","timestamp":"2026-09-04 12:02:49"}
{"key":"manmanshou:embedding:w3uyew","level":"debug","message":"缓存未命中","timestamp":"2026-09-04 12:02:49"}
{"key":"manmanshou:embedding:w3uyew","level":"debug","message":"缓存已设置","timestamp":"2026-09-04 12:02:49","ttl":604800}
{"level":"debug","message":"Embedding生成成功","provider":"dashscope","textLength":52,"timestamp":"2026-09-04 12:02:49"}
{"key":"manmanshou:embedding:wjcoay","level":"debug","message":"缓存未命中","timestamp":"2026-09-04 12:02:49"}
{"key":"manmanshou:embedding:wjcoay","level":"debug","message":"缓存未命中","timestamp":"2026-09-04 12:02:49"}
{"key":"manmanshou:embedding:wjcoay","level":"debug","message":"缓存已设置","timestamp":"2026-09-04 12:02:49","ttl":604800}
{"level":"debug","message":"Embedding生成成功","provider":"dashscope","textLength":73,"timestamp":"2026-09-04 12:02:49"}
{"key":"manmanshou:embedding:mgijrr","level":"debug","message":"缓存未命中","timestamp":"2026-09-04 12:02:49"}
{"key":"manmanshou:embedding:mgijrr","level":"debug","message":"缓存未命中","timestamp":"2026-09-04 12:02:49"}
{"key":"manmanshou:embedding:mgijrr","level":"debug","message":"缓存已设置","timestamp":"2026-09-04 12:02:49","ttl":604800}
{"level":"debug","message":"Embedding生成成功","provider":"dashscope","textLength":109,"timestamp":"2026-09-04 12:02:49"}
{"key":"manmanshou:embedding:llq8se","level":"debug","message":"缓存未命中","timestamp":"2026-09-04 12:02:49"}
{"key":"manmanshou:embedding:llq8se","level":"debug","message":"缓存未命中","timestamp":"2026-09-04 12:02:49"}
{"key":"manmanshou:embedding:llq8se","level":"debug","message":"缓存已设置","timestamp":"2026-09-04 12:02:50","ttl":604800}
{"level":"debug","message":"Embedding生成成功","provider":"dashscope","textLength":82,"timestamp":"2026-09-04 12:02:50"}
{"key":"manmanshou:embedding:ica6n0","level":"debug","message":"缓存未命中","timestamp":"2026-09-04 12:02:50"}
{"key":"manmanshou:embedding:ica6n0","level":"debug","message":"缓存未命中","timestamp":"2026-09-04 12:02:50"}
{"key":"manmanshou:embedding:ica6n0","level":"debug","message":"缓存已设置","timestamp":"2026-09-04 12:02:50","ttl":604800}
{"level":"debug","message":"Embedding生成成功","provider":"dashscope","textLength":70,"timestamp":"2026-09-04 12:02:50"}
{"key":"manmanshou:embedding:ghg2r2","level":"debug","message":"缓存未命中","timestamp":"2026-09-04 12:02:50"}
{"key":"manmanshou:embedding:ghg2r2","level":"debug","message":"缓存未命中","timestamp":"2026-09-04 12:02:50"}
{"key":"manmanshou:embedding:ghg2r2","level":"debug","message":"缓存已设置","timestamp":"2026-09-04 12:02:50","ttl":604800}
{"level":"debug","message":"Embedding生成成功","provider":"dashscope","textLength":287,"timestamp":"2026-09-04 12:02:50"}
{"key":"manmanshou:embedding:qck2iu","level":"debug","message":"缓存未命中","timestamp":"2026-09-04 12:02:50"}
{"key":"manmanshou:embedding:qck2iu","level":"debug","message":"缓存未命中","timestamp":"2026-09-04 12:02:50"}
{"key":"manmanshou:embedding:qck2iu","level":"debug","message":"缓存已设置","timestamp":"2026-09-04 12:02:50","ttl":604800}
{"level":"debug","message":"Embedding生成成功","provider":"dashscope","textLength":68,"timestamp":"2026-09-04 12:02:50"}
{"key":"manmanshou:embedding:wuizim","level":"debug","message":"缓存未命中","timestamp":"2026-09-04 12:02:50"}
{"key":"manmanshou:embedding:wuizim","level":"debug","message":"缓存未命中","timestamp":"2026-09-04 12:02:50"}
{"key":"manmanshou:embedding:wuizim","level":"debug","message":"缓存已设置","timestamp":"2026-09-04 12:02:50","ttl":604800}
{"level":"debug","message":"Embedding生成成功","provider":"dashscope","textLength":64,"timestamp":"2026-09-04 12:02:50"}
{"key":"manmanshou:embedding:a1kbrq","level":"debug","message":"缓存未命中","timestamp":"2026-09-04 12:02:50"}
{"key":"manmanshou:embedding:a1kbrq","level":"debug","message":"缓存未命中","timestamp":"2026-09-04 12:02:50"}
{"key":"manmanshou:embedding:a1kbrq","level":"debug","message":"缓存已设置","timestamp":"2026-09-04 12:02:50","ttl":604800}
{"level":"debug","message":"Embedding生成成功","provider":"dashscope","textLength":53,"timestamp":"2026-09-04 12:02:50"}
{"key":"manmanshou:embedding:kcn72c","level":"debug","message":"缓存未命中","timestamp":"2026-09-04 12:02:50"}
{"key":"manmanshou:embedding:kcn72c","level":"debug","message":"缓存未命中","timestamp":"2026-09-04 12:02:50"}
{"key":"manmanshou:embedding:kcn72c","level":"debug","message":"缓存已设置","timestamp":"2026-09-04 12:02:50","ttl":604800}
{"level":"debug","message":"Embedding生成成功","provider":"dashscope","textLength":148,"timestamp":"2026-09-04 12:02:50"}
{"level":"info","message":"已完成 160/221，暂停3秒...","timestamp":"2026-09-04 12:02:50"}
{"key":"manmanshou:embedding:aii3wu","level":"debug","message":"缓存未命中","timestamp":"2026-09-04 12:02:53"}
{"key":"manmanshou:embedding:aii3wu","level":"debug","message":"缓存未命中","timestamp":"2026-09-04 12:02:53"}
{"key":"manmanshou:embedding:aii3wu","level":"debug","message":"缓存已设置","timestamp":"2026-09-04 12:02:54","ttl":604800}
{"level":"debug","message":"Embedding生成成功","provider":"dashscope","textLength":85,"timestamp":"2026-09-04 12:02:54"}
{"key":"manmanshou:embedding:d8x80i","level":"debug","message":"缓存未命中","timestamp":"2026-09-04 12:02:54"}
{"key":"manmanshou:embedding:d8x80i","level":"debug","message":"缓存未命中","timestamp":"2026-09-04 12:02:54"}
{"key":"manmanshou:embedding:d8x80i","level":"debug","message":"缓存已设置","timestamp":"2026-09-04 12:02:54","ttl":604800}
{"level":"debug","message":"Embedding生成成功","provider":"dashscope","textLength":56,"timestamp":"2026-09-04 12:02:54"}
{"key":"manmanshou:embedding:6s85aq","level":"debug","message":"缓存未命中","timestamp":"2026-09-04 12:02:54"}
{"key":"manmanshou:embedding:6s85aq","level":"debug","message":"缓存未命中","timestamp":"2026-09-04 12:02:54"}
{"key":"manmanshou:embedding:6s85aq","level":"debug","message":"缓存已设置","timestamp":"2026-09-04 12:02:54","ttl":604800}
{"level":"debug","message":"Embedding生成成功","provider":"dashscope","textLength":65,"timestamp":"2026-09-04 12:02:54"}
{"key":"manmanshou:embedding:94ezvs","level":"debug","message":"缓存未命中","timestamp":"2026-09-04 12:02:54"}
{"key":"manmanshou:embedding:94ezvs","level":"debug","message":"缓存未命中","timestamp":"2026-09-04 12:02:54"}
{"key":"manmanshou:embedding:94ezvs","level":"debug","message":"缓存已设置","timestamp":"2026-09-04 12:02:54","ttl":604800}
{"level":"debug","message":"Embedding生成成功","provider":"dashscope","textLength":57,"timestamp":"2026-09-04 12:02:54"}
{"key":"manmanshou:embedding:9cjfr4","level":"debug","message":"缓存未命中","timestamp":"2026-09-04 12:02:54"}
{"key":"manmanshou:embedding:9cjfr4","level":"debug","message":"缓存未命中","timestamp":"2026-09-04 12:02:54"}
{"key":"manmanshou:embedding:9cjfr4","level":"debug","message":"缓存已设置","timestamp":"2026-09-04 12:02:54","ttl":604800}
{"level":"debug","message":"Embedding生成成功","provider":"dashscope","textLength":53,"timestamp":"2026-09-04 12:02:54"}
{"key":"manmanshou:embedding:tg7us8","level":"debug","message":"缓存未命中","timestamp":"2026-09-04 12:02:54"}
{"key":"manmanshou:embedding:tg7us8","level":"debug","message":"缓存未命中","timestamp":"2026-09-04 12:02:54"}
{"key":"manmanshou:embedding:tg7us8","level":"debug","message":"缓存已设置","timestamp":"2026-09-04 12:02:54","ttl":604800}
{"level":"debug","message":"Embedding生成成功","provider":"dashscope","textLength":86,"timestamp":"2026-09-04 12:02:54"}
{"key":"manmanshou:embedding:2x6h0k","level":"debug","message":"缓存未命中","timestamp":"2026-09-04 12:02:54"}
{"key":"manmanshou:embedding:2x6h0k","level":"debug","message":"缓存未命中","timestamp":"2026-09-04 12:02:54"}
{"key":"manmanshou:embedding:2x6h0k","level":"debug","message":"缓存已设置","timestamp":"2026-09-04 12:02:54","ttl":604800}
{"level":"debug","message":"Embedding生成成功","provider":"dashscope","textLength":117,"timestamp":"2026-09-04 12:02:54"}
{"key":"manmanshou:embedding:ap2gfk","level":"debug","message":"缓存未命中","timestamp":"2026-09-04 12:02:54"}
{"key":"manmanshou:embedding:ap2gfk","level":"debug","message":"缓存未命中","timestamp":"2026-09-04 12:02:54"}
{"key":"manmanshou:embedding:ap2gfk","level":"debug","message":"缓存已设置","timestamp":"2026-09-04 12:02:55","ttl":604800}
{"level":"debug","message":"Embedding生成成功","provider":"dashscope","textLength":70,"timestamp":"2026-09-04 12:02:55"}
{"key":"manmanshou:embedding:rzddqs","level":"debug","message":"缓存未命中","timestamp":"2026-09-04 12:02:55"}
{"key":"manmanshou:embedding:rzddqs","level":"debug","message":"缓存未命中","timestamp":"2026-09-04 12:02:55"}
{"key":"manmanshou:embedding:rzddqs","level":"debug","message":"缓存已设置","timestamp":"2026-09-04 12:02:55","ttl":604800}
{"level":"debug","message":"Embedding生成成功","provider":"dashscope","textLength":75,"timestamp":"2026-09-04 12:02:55"}
{"key":"manmanshou:embedding:2sh5vu","level":"debug","message":"缓存未命中","timestamp":"2026-09-04 12:02:55"}
{"key":"manmanshou:embedding:2sh5vu","level":"debug","message":"缓存未命中","timestamp":"2026-09-04 12:02:55"}
{"key":"manmanshou:embedding:2sh5vu","level":"debug","message":"缓存已设置","timestamp":"2026-09-04 12:02:55","ttl":604800}
{"level":"debug","message":"Embedding生成成功","provider":"dashscope","textLength":66,"timestamp":"2026-09-04 12:02:55"}
{"level":"info","message":"已完成 170/221，暂停3秒...","timestamp":"2026-09-04 12:02:55"}
{"key":"manmanshou:embedding:cla14t","level":"debug","message":"缓存未命中","timestamp":"2026-09-04 12:02:58"}
{"key":"manmanshou:embedding:cla14t","level":"debug","message":"缓存未命中","timestamp":"2026-09-04 12:02:58"}
{"key":"manmanshou:embedding:cla14t","level":"debug","message":"缓存已设置","timestamp":"2026-09-04 12:02:58","ttl":604800}
{"level":"debug","message":"Embedding生成成功","provider":"dashscope","textLength":63,"timestamp":"2026-09-04 12:02:58"}
{"key":"manmanshou:embedding:17bzoa","level":"debug","message":"缓存未命中","timestamp":"2026-09-04 12:02:58"}
{"key":"manmanshou:embedding:17bzoa","level":"debug","message":"缓存未命中","timestamp":"2026-09-04 12:02:58"}
{"key":"manmanshou:embedding:17bzoa","level":"debug","message":"缓存已设置","timestamp":"2026-09-04 12:02:58","ttl":604800}
{"level":"debug","message":"Embedding生成成功","provider":"dashscope","textLength":56,"timestamp":"2026-09-04 12:02:58"}
{"key":"manmanshou:embedding:onk77x","level":"debug","message":"缓存未命中","timestamp":"2026-09-04 12:02:58"}
{"key":"manmanshou:embedding:onk77x","level":"debug","message":"缓存未命中","timestamp":"2026-09-04 12:02:58"}
{"key":"manmanshou:embedding:onk77x","level":"debug","message":"缓存已设置","timestamp":"2026-09-04 12:02:58","ttl":604800}
{"level":"debug","message":"Embedding生成成功","provider":"dashscope","textLength":55,"timestamp":"2026-09-04 12:02:58"}
{"key":"manmanshou:embedding:qdwdw8","level":"debug","message":"缓存未命中","timestamp":"2026-09-04 12:02:58"}
{"key":"manmanshou:embedding:qdwdw8","level":"debug","message":"缓存未命中","timestamp":"2026-09-04 12:02:58"}
{"key":"manmanshou:embedding:qdwdw8","level":"debug","message":"缓存已设置","timestamp":"2026-09-04 12:02:58","ttl":604800}
{"level":"debug","message":"Embedding生成成功","provider":"dashscope","textLength":61,"timestamp":"2026-09-04 12:02:58"}
{"key":"manmanshou:embedding:gfwuew","level":"debug","message":"缓存未命中","timestamp":"2026-09-04 12:02:58"}
{"key":"manmanshou:embedding:gfwuew","level":"debug","message":"缓存未命中","timestamp":"2026-09-04 12:02:58"}
{"key":"manmanshou:embedding:gfwuew","level":"debug","message":"缓存已设置","timestamp":"2026-09-04 12:02:59","ttl":604800}
{"level":"debug","message":"Embedding生成成功","provider":"dashscope","textLength":60,"timestamp":"2026-09-04 12:02:59"}
{"key":"manmanshou:embedding:e0c3h7","level":"debug","message":"缓存未命中","timestamp":"2026-09-04 12:02:59"}
{"key":"manmanshou:embedding:e0c3h7","level":"debug","message":"缓存未命中","timestamp":"2026-09-04 12:02:59"}
{"key":"manmanshou:embedding:e0c3h7","level":"debug","message":"缓存已设置","timestamp":"2026-09-04 12:02:59","ttl":604800}
{"level":"debug","message":"Embedding生成成功","provider":"dashscope","textLength":51,"timestamp":"2026-09-04 12:02:59"}
{"key":"manmanshou:embedding:fesssm","level":"debug","message":"缓存未命中","timestamp":"2026-09-04 12:02:59"}
{"key":"manmanshou:embedding:fesssm","level":"debug","message":"缓存未命中","timestamp":"2026-09-04 12:02:59"}
{"key":"manmanshou:embedding:fesssm","level":"debug","message":"缓存已设置","timestamp":"2026-09-04 12:02:59","ttl":604800}
{"level":"debug","message":"Embedding生成成功","provider":"dashscope","textLength":58,"timestamp":"2026-09-04 12:02:59"}
{"key":"manmanshou:embedding:goqra7","level":"debug","message":"缓存未命中","timestamp":"2026-09-04 12:02:59"}
{"key":"manmanshou:embedding:goqra7","level":"debug","message":"缓存未命中","timestamp":"2026-09-04 12:02:59"}
{"key":"manmanshou:embedding:goqra7","level":"debug","message":"缓存已设置","timestamp":"2026-09-04 12:02:59","ttl":604800}
{"level":"debug","message":"Embedding生成成功","provider":"dashscope","textLength":57,"timestamp":"2026-09-04 12:02:59"}
{"key":"manmanshou:embedding:z6ley6","level":"debug","message":"缓存未命中","timestamp":"2026-09-04 12:02:59"}
{"key":"manmanshou:embedding:z6ley6","level":"debug","message":"缓存未命中","timestamp":"2026-09-04 12:02:59"}
{"key":"manmanshou:embedding:z6ley6","level":"debug","message":"缓存已设置","timestamp":"2026-09-04 12:02:59","ttl":604800}
{"level":"debug","message":"Embedding生成成功","provider":"dashscope","textLength":88,"timestamp":"2026-09-04 12:02:59"}
{"key":"manmanshou:embedding:y2ki7n","level":"debug","message":"缓存未命中","timestamp":"2026-09-04 12:02:59"}
{"key":"manmanshou:embedding:y2ki7n","level":"debug","message":"缓存未命中","timestamp":"2026-09-04 12:02:59"}
{"key":"manmanshou:embedding:y2ki7n","level":"debug","message":"缓存已设置","timestamp":"2026-09-04 12:02:59","ttl":604800}
{"level":"debug","message":"Embedding生成成功","provider":"dashscope","textLength":51,"timestamp":"2026-09-04 12:02:59"}
{"level":"info","message":"已完成 180/221，暂停3秒...","timestamp":"2026-09-04 12:02:59"}
{"key":"manmanshou:embedding:2ba7q7","level":"debug","message":"缓存未命中","timestamp":"2026-09-04 12:03:02"}
{"key":"manmanshou:embedding:2ba7q7","level":"debug","message":"缓存未命中","timestamp":"2026-09-04 12:03:02"}
{"key":"manmanshou:embedding:2ba7q7","level":"debug","message":"缓存已设置","timestamp":"2026-09-04 12:03:02","ttl":604800}
{"level":"debug","message":"Embedding生成成功","provider":"dashscope","textLength":57,"timestamp":"2026-09-04 12:03:02"}
{"key":"manmanshou:embedding:7ss57b","level":"debug","message":"缓存未命中","timestamp":"2026-09-04 12:03:02"}
{"key":"manmanshou:embedding:7ss57b","level":"debug","message":"缓存未命中","timestamp":"2026-09-04 12:03:02"}
{"key":"manmanshou:embedding:7ss57b","level":"debug","message":"缓存已设置","timestamp":"2026-09-04 12:03:02","ttl":604800}
{"level":"debug","message":"Embedding生成成功","provider":"dashscope","textLength":54,"timestamp":"2026-09-04 12:03:02"}
{"key":"manmanshou:embedding:d7v9x5","level":"debug","message":"缓存未命中","timestamp":"2026-09-04 12:03:02"}
{"key":"manmanshou:embedding:d7v9x5","level":"debug","message":"缓存未命中","timestamp":"2026-09-04 12:03:02"}
{"key":"manmanshou:embedding:d7v9x5","level":"debug","message":"缓存已设置","timestamp":"2026-09-04 12:03:03","ttl":604800}
{"level":"debug","message":"Embedding生成成功","provider":"dashscope","textLength":74,"timestamp":"2026-09-04 12:03:03"}
{"key":"manmanshou:embedding:bvk9dz","level":"debug","message":"缓存未命中","timestamp":"2026-09-04 12:03:03"}
{"key":"manmanshou:embedding:bvk9dz","level":"debug","message":"缓存未命中","timestamp":"2026-09-04 12:03:03"}
{"key":"manmanshou:embedding:bvk9dz","level":"debug","message":"缓存已设置","timestamp":"2026-09-04 12:03:03","ttl":604800}
{"level":"debug","message":"Embedding生成成功","provider":"dashscope","textLength":51,"timestamp":"2026-09-04 12:03:03"}
{"key":"manmanshou:embedding:135y6o","level":"debug","message":"缓存未命中","timestamp":"2026-09-04 12:03:03"}
{"key":"manmanshou:embedding:135y6o","level":"debug","message":"缓存未命中","timestamp":"2026-09-04 12:03:03"}
{"key":"manmanshou:embedding:135y6o","level":"debug","message":"缓存已设置","timestamp":"2026-09-04 12:03:03","ttl":604800}
{"level":"debug","message":"Embedding生成成功","provider":"dashscope","textLength":58,"timestamp":"2026-09-04 12:03:03"}
{"key":"manmanshou:embedding:3sgepf","level":"debug","message":"缓存未命中","timestamp":"2026-09-04 12:03:03"}
{"key":"manmanshou:embedding:3sgepf","level":"debug","message":"缓存未命中","timestamp":"2026-09-04 12:03:03"}
{"key":"manmanshou:embedding:3sgepf","level":"debug","message":"缓存已设置","timestamp":"2026-09-04 12:03:03","ttl":604800}
{"level":"debug","message":"Embedding生成成功","provider":"dashscope","textLength":52,"timestamp":"2026-09-04 12:03:03"}
{"key":"manmanshou:embedding:5lbpl8","level":"debug","message":"缓存未命中","timestamp":"2026-09-04 12:03:03"}
{"key":"manmanshou:embedding:5lbpl8","level":"debug","message":"缓存未命中","timestamp":"2026-09-04 12:03:03"}
{"key":"manmanshou:embedding:5lbpl8","level":"debug","message":"缓存已设置","timestamp":"2026-09-04 12:03:03","ttl":604800}
{"level":"debug","message":"Embedding生成成功","provider":"dashscope","textLength":76,"timestamp":"2026-09-04 12:03:03"}
{"key":"manmanshou:embedding:ftckbm","level":"debug","message":"缓存未命中","timestamp":"2026-09-04 12:03:03"}
{"key":"manmanshou:embedding:ftckbm","level":"debug","message":"缓存未命中","timestamp":"2026-09-04 12:03:03"}
{"key":"manmanshou:embedding:ftckbm","level":"debug","message":"缓存已设置","timestamp":"2026-09-04 12:03:03","ttl":604800}
{"level":"debug","message":"Embedding生成成功","provider":"dashscope","textLength":53,"timestamp":"2026-09-04 12:03:03"}
{"key":"manmanshou:embedding:g6xh7b","level":"debug","message":"缓存未命中","timestamp":"2026-09-04 12:03:03"}
{"key":"manmanshou:embedding:g6xh7b","level":"debug","message":"缓存未命中","timestamp":"2026-09-04 12:03:03"}
{"key":"manmanshou:embedding:g6xh7b","level":"debug","message":"缓存已设置","timestamp":"2026-09-04 12:03:03","ttl":604800}
{"level":"debug","message":"Embedding生成成功","provider":"dashscope","textLength":100,"timestamp":"2026-09-04 12:03:03"}
{"key":"manmanshou:embedding:uaxl1n","level":"debug","message":"缓存未命中","timestamp":"2026-09-04 12:03:03"}
{"key":"manmanshou:embedding:uaxl1n","level":"debug","message":"缓存未命中","timestamp":"2026-09-04 12:03:03"}
{"key":"manmanshou:embedding:uaxl1n","level":"debug","message":"缓存已设置","timestamp":"2026-09-04 12:03:04","ttl":604800}
{"level":"debug","message":"Embedding生成成功","provider":"dashscope","textLength":77,"timestamp":"2026-09-04 12:03:04"}
{"level":"info","message":"已完成 190/221，暂停3秒...","timestamp":"2026-09-04 12:03:04"}
{"key":"manmanshou:embedding:le5jiu","level":"debug","message":"缓存未命中","timestamp":"2026-09-04 12:03:07"}
{"key":"manmanshou:embedding:le5jiu","level":"debug","message":"缓存未命中","timestamp":"2026-09-04 12:03:07"}
{"key":"manmanshou:embedding:le5jiu","level":"debug","message":"缓存已设置","timestamp":"2026-09-04 12:03:07","ttl":604800}
{"level":"debug","message":"Embedding生成成功","provider":"dashscope","textLength":195,"timestamp":"2026-09-04 12:03:07"}
{"key":"manmanshou:embedding:lwjyq4","level":"debug","message":"缓存未命中","timestamp":"2026-09-04 12:03:07"}
{"key":"manmanshou:embedding:lwjyq4","level":"debug","message":"缓存未命中","timestamp":"2026-09-04 12:03:07"}
{"key":"manmanshou:embedding:lwjyq4","level":"debug","message":"缓存已设置","timestamp":"2026-09-04 12:03:07","ttl":604800}
{"level":"debug","message":"Embedding生成成功","provider":"dashscope","textLength":106,"timestamp":"2026-09-04 12:03:07"}
{"key":"manmanshou:embedding:drv1ir","level":"debug","message":"缓存未命中","timestamp":"2026-09-04 12:03:07"}
{"key":"manmanshou:embedding:drv1ir","level":"debug","message":"缓存未命中","timestamp":"2026-09-04 12:03:07"}
{"key":"manmanshou:embedding:drv1ir","level":"debug","message":"缓存已设置","timestamp":"2026-09-04 12:03:07","ttl":604800}
{"level":"debug","message":"Embedding生成成功","provider":"dashscope","textLength":53,"timestamp":"2026-09-04 12:03:07"}
{"key":"manmanshou:embedding:o2gg79","level":"debug","message":"缓存未命中","timestamp":"2026-09-04 12:03:07"}
{"key":"manmanshou:embedding:o2gg79","level":"debug","message":"缓存未命中","timestamp":"2026-09-04 12:03:07"}
{"key":"manmanshou:embedding:o2gg79","level":"debug","message":"缓存已设置","timestamp":"2026-09-04 12:03:07","ttl":604800}
{"level":"debug","message":"Embedding生成成功","provider":"dashscope","textLength":63,"timestamp":"2026-09-04 12:03:07"}
{"key":"manmanshou:embedding:orj66c","level":"debug","message":"缓存未命中","timestamp":"2026-09-04 12:03:07"}
{"key":"manmanshou:embedding:orj66c","level":"debug","message":"缓存未命中","timestamp":"2026-09-04 12:03:07"}
{"key":"manmanshou:embedding:orj66c","level":"debug","message":"缓存已设置","timestamp":"2026-09-04 12:03:07","ttl":604800}
{"level":"debug","message":"Embedding生成成功","provider":"dashscope","textLength":103,"timestamp":"2026-09-04 12:03:07"}
{"key":"manmanshou:embedding:vz9jv7","level":"debug","message":"缓存未命中","timestamp":"2026-09-04 12:03:07"}
{"key":"manmanshou:embedding:vz9jv7","level":"debug","message":"缓存未命中","timestamp":"2026-09-04 12:03:07"}
{"key":"manmanshou:embedding:vz9jv7","level":"debug","message":"缓存已设置","timestamp":"2026-09-04 12:03:07","ttl":604800}
{"level":"debug","message":"Embedding生成成功","provider":"dashscope","textLength":52,"timestamp":"2026-09-04 12:03:07"}
{"key":"manmanshou:embedding:lemsbt","level":"debug","message":"缓存未命中","timestamp":"2026-09-04 12:03:07"}
{"key":"manmanshou:embedding:lemsbt","level":"debug","message":"缓存未命中","timestamp":"2026-09-04 12:03:07"}
{"key":"manmanshou:embedding:lemsbt","level":"debug","message":"缓存已设置","timestamp":"2026-09-04 12:03:08","ttl":604800}
{"level":"debug","message":"Embedding生成成功","provider":"dashscope","textLength":115,"timestamp":"2026-09-04 12:03:08"}
{"key":"manmanshou:embedding:ljp19w","level":"debug","message":"缓存未命中","timestamp":"2026-09-04 12:03:08"}
{"key":"manmanshou:embedding:ljp19w","level":"debug","message":"缓存未命中","timestamp":"2026-09-04 12:03:08"}
{"key":"manmanshou:embedding:ljp19w","level":"debug","message":"缓存已设置","timestamp":"2026-09-04 12:03:08","ttl":604800}
{"level":"debug","message":"Embedding生成成功","provider":"dashscope","textLength":107,"timestamp":"2026-09-04 12:03:08"}
{"key":"manmanshou:embedding:xaxhwx","level":"debug","message":"缓存未命中","timestamp":"2026-09-04 12:03:08"}
{"key":"manmanshou:embedding:xaxhwx","level":"debug","message":"缓存未命中","timestamp":"2026-09-04 12:03:08"}
{"key":"manmanshou:embedding:xaxhwx","level":"debug","message":"缓存已设置","timestamp":"2026-09-04 12:03:08","ttl":604800}
{"level":"debug","message":"Embedding生成成功","provider":"dashscope","textLength":56,"timestamp":"2026-09-04 12:03:08"}
{"key":"manmanshou:embedding:2s6q6s","level":"debug","message":"缓存未命中","timestamp":"2026-09-04 12:03:08"}
{"key":"manmanshou:embedding:2s6q6s","level":"debug","message":"缓存未命中","timestamp":"2026-09-04 12:03:08"}
{"key":"manmanshou:embedding:2s6q6s","level":"debug","message":"缓存已设置","timestamp":"2026-09-04 12:03:08","ttl":604800}
{"level":"debug","message":"Embedding生成成功","provider":"dashscope","textLength":63,"timestamp":"2026-09-04 12:03:08"}
{"level":"info","message":"已完成 200/221，暂停3秒...","timestamp":"2026-09-04 12:03:08"}
{"key":"manmanshou:embedding:9whmxe","level":"debug","message":"缓存未命中","timestamp":"2026-09-04 12:03:11"}
{"key":"manmanshou:embedding:9whmxe","level":"debug","message":"缓存未命中","timestamp":"2026-09-04 12:03:11"}
{"key":"manmanshou:embedding:9whmxe","level":"debug","message":"缓存已设置","timestamp":"2026-09-04 12:03:11","ttl":604800}
{"level":"debug","message":"Embedding生成成功","provider":"dashscope","textLength":99,"timestamp":"2026-09-04 12:03:11"}
{"key":"manmanshou:embedding:ps7pd8","level":"debug","message":"缓存未命中","timestamp":"2026-09-04 12:03:11"}
{"key":"manmanshou:embedding:ps7pd8","level":"debug","message":"缓存未命中","timestamp":"2026-09-04 12:03:11"}
{"key":"manmanshou:embedding:ps7pd8","level":"debug","message":"缓存已设置","timestamp":"2026-09-04 12:03:11","ttl":604800}
{"level":"debug","message":"Embedding生成成功","provider":"dashscope","textLength":97,"timestamp":"2026-09-04 12:03:11"}
{"key":"manmanshou:embedding:te00sh","level":"debug","message":"缓存未命中","timestamp":"2026-09-04 12:03:11"}
{"key":"manmanshou:embedding:te00sh","level":"debug","message":"缓存未命中","timestamp":"2026-09-04 12:03:11"}
{"key":"manmanshou:embedding:te00sh","level":"debug","message":"缓存已设置","timestamp":"2026-09-04 12:03:11","ttl":604800}
{"level":"debug","message":"Embedding生成成功","provider":"dashscope","textLength":96,"timestamp":"2026-09-04 12:03:11"}
{"key":"manmanshou:embedding:v776vs","level":"debug","message":"缓存未命中","timestamp":"2026-09-04 12:03:11"}
{"key":"manmanshou:embedding:v776vs","level":"debug","message":"缓存未命中","timestamp":"2026-09-04 12:03:11"}
{"key":"manmanshou:embedding:v776vs","level":"debug","message":"缓存已设置","timestamp":"2026-09-04 12:03:12","ttl":604800}
{"level":"debug","message":"Embedding生成成功","provider":"dashscope","textLength":87,"timestamp":"2026-09-04 12:03:12"}
{"key":"manmanshou:embedding:yqnm2h","level":"debug","message":"缓存未命中","timestamp":"2026-09-04 12:03:12"}
{"key":"manmanshou:embedding:yqnm2h","level":"debug","message":"缓存未命中","timestamp":"2026-09-04 12:03:12"}
{"key":"manmanshou:embedding:yqnm2h","level":"debug","message":"缓存已设置","timestamp":"2026-09-04 12:03:12","ttl":604800}
{"level":"debug","message":"Embedding生成成功","provider":"dashscope","textLength":51,"timestamp":"2026-09-04 12:03:12"}
{"key":"manmanshou:embedding:lyknk4","level":"debug","message":"缓存未命中","timestamp":"2026-09-04 12:03:12"}
{"key":"manmanshou:embedding:lyknk4","level":"debug","message":"缓存未命中","timestamp":"2026-09-04 12:03:12"}
{"key":"manmanshou:embedding:lyknk4","level":"debug","message":"缓存已设置","timestamp":"2026-09-04 12:03:12","ttl":604800}
{"level":"debug","message":"Embedding生成成功","provider":"dashscope","textLength":85,"timestamp":"2026-09-04 12:03:12"}
{"key":"manmanshou:embedding:1wip90","level":"debug","message":"缓存未命中","timestamp":"2026-09-04 12:03:12"}
{"key":"manmanshou:embedding:1wip90","level":"debug","message":"缓存未命中","timestamp":"2026-09-04 12:03:12"}
{"key":"manmanshou:embedding:1wip90","level":"debug","message":"缓存已设置","timestamp":"2026-09-04 12:03:12","ttl":604800}
{"level":"debug","message":"Embedding生成成功","provider":"dashscope","textLength":95,"timestamp":"2026-09-04 12:03:12"}
{"key":"manmanshou:embedding:ep4hhg","level":"debug","message":"缓存未命中","timestamp":"2026-09-04 12:03:12"}
{"key":"manmanshou:embedding:ep4hhg","level":"debug","message":"缓存未命中","timestamp":"2026-09-04 12:03:12"}
{"key":"manmanshou:embedding:ep4hhg","level":"debug","message":"缓存已设置","timestamp":"2026-09-04 12:03:12","ttl":604800}
{"level":"debug","message":"Embedding生成成功","provider":"dashscope","textLength":56,"timestamp":"2026-09-04 12:03:12"}
{"key":"manmanshou:embedding:j8o37i","level":"debug","message":"缓存未命中","timestamp":"2026-09-04 12:03:12"}
{"key":"manmanshou:embedding:j8o37i","level":"debug","message":"缓存未命中","timestamp":"2026-09-04 12:03:12"}
{"key":"manmanshou:embedding:j8o37i","level":"debug","message":"缓存已设置","timestamp":"2026-09-04 12:03:12","ttl":604800}
{"level":"debug","message":"Embedding生成成功","provider":"dashscope","textLength":64,"timestamp":"2026-09-04 12:03:12"}
{"key":"manmanshou:embedding:rks3na","level":"debug","message":"缓存未命中","timestamp":"2026-09-04 12:03:12"}
{"key":"manmanshou:embedding:rks3na","level":"debug","message":"缓存未命中","timestamp":"2026-09-04 12:03:12"}
{"key":"manmanshou:embedding:rks3na","level":"debug","message":"缓存已设置","timestamp":"2026-09-04 12:03:13","ttl":604800}
{"level":"debug","message":"Embedding生成成功","provider":"dashscope","textLength":56,"timestamp":"2026-09-04 12:03:13"}
{"level":"info","message":"已完成 210/221，暂停3秒...","timestamp":"2026-09-04 12:03:13"}
{"key":"manmanshou:embedding:ylr78t","level":"debug","message":"缓存未命中","timestamp":"2026-09-04 12:03:16"}
{"key":"manmanshou:embedding:ylr78t","level":"debug","message":"缓存未命中","timestamp":"2026-09-04 12:03:16"}
{"key":"manmanshou:embedding:ylr78t","level":"debug","message":"缓存已设置","timestamp":"2026-09-04 12:03:16","ttl":604800}
{"level":"debug","message":"Embedding生成成功","provider":"dashscope","textLength":54,"timestamp":"2026-09-04 12:03:16"}
{"key":"manmanshou:embedding:l3ne9q","level":"debug","message":"缓存未命中","timestamp":"2026-09-04 12:03:16"}
{"key":"manmanshou:embedding:l3ne9q","level":"debug","message":"缓存未命中","timestamp":"2026-09-04 12:03:16"}
{"key":"manmanshou:embedding:l3ne9q","level":"debug","message":"缓存已设置","timestamp":"2026-09-04 12:03:16","ttl":604800}
{"level":"debug","message":"Embedding生成成功","provider":"dashscope","textLength":54,"timestamp":"2026-09-04 12:03:16"}
{"key":"manmanshou:embedding:83z4dp","level":"debug","message":"缓存未命中","timestamp":"2026-09-04 12:03:16"}
{"key":"manmanshou:embedding:83z4dp","level":"debug","message":"缓存未命中","timestamp":"2026-09-04 12:03:16"}
{"key":"manmanshou:embedding:83z4dp","level":"debug","message":"缓存已设置","timestamp":"2026-09-04 12:03:16","ttl":604800}
{"level":"debug","message":"Embedding生成成功","provider":"dashscope","textLength":57,"timestamp":"2026-09-04 12:03:16"}
{"key":"manmanshou:embedding:u6conv","level":"debug","message":"缓存未命中","timestamp":"2026-09-04 12:03:16"}
{"key":"manmanshou:embedding:u6conv","level":"debug","message":"缓存未命中","timestamp":"2026-09-04 12:03:16"}
{"key":"manmanshou:embedding:u6conv","level":"debug","message":"缓存已设置","timestamp":"2026-09-04 12:03:16","ttl":604800}
{"level":"debug","message":"Embedding生成成功","provider":"dashscope","textLength":60,"timestamp":"2026-09-04 12:03:16"}
{"key":"manmanshou:embedding:xdhb5p","level":"debug","message":"缓存未命中","timestamp":"2026-09-04 12:03:16"}
{"key":"manmanshou:embedding:xdhb5p","level":"debug","message":"缓存未命中","timestamp":"2026-09-04 12:03:16"}
{"key":"manmanshou:embedding:xdhb5p","level":"debug","message":"缓存已设置","timestamp":"2026-09-04 12:03:16","ttl":604800}
{"level":"debug","message":"Embedding生成成功","provider":"dashscope","textLength":78,"timestamp":"2026-09-04 12:03:16"}
{"key":"manmanshou:embedding:n4yojs","level":"debug","message":"缓存未命中","timestamp":"2026-09-04 12:03:16"}
{"key":"manmanshou:embedding:n4yojs","level":"debug","message":"缓存未命中","timestamp":"2026-09-04 12:03:16"}
{"key":"manmanshou:embedding:n4yojs","level":"debug","message":"缓存已设置","timestamp":"2026-09-04 12:03:16","ttl":604800}
{"level":"debug","message":"Embedding生成成功","provider":"dashscope","textLength":69,"timestamp":"2026-09-04 12:03:16"}
{"key":"manmanshou:embedding:gtx955","level":"debug","message":"缓存未命中","timestamp":"2026-09-04 12:03:16"}
{"key":"manmanshou:embedding:gtx955","level":"debug","message":"缓存未命中","timestamp":"2026-09-04 12:03:16"}
{"key":"manmanshou:embedding:gtx955","level":"debug","message":"缓存已设置","timestamp":"2026-09-04 12:03:17","ttl":604800}
{"level":"debug","message":"Embedding生成成功","provider":"dashscope","textLength":101,"timestamp":"2026-09-04 12:03:17"}
{"key":"manmanshou:embedding:63rfrf","level":"debug","message":"缓存未命中","timestamp":"2026-09-04 12:03:17"}
{"key":"manmanshou:embedding:63rfrf","level":"debug","message":"缓存未命中","timestamp":"2026-09-04 12:03:17"}
{"key":"manmanshou:embedding:63rfrf","level":"debug","message":"缓存已设置","timestamp":"2026-09-04 12:03:17","ttl":604800}
{"level":"debug","message":"Embedding生成成功","provider":"dashscope","textLength":55,"timestamp":"2026-09-04 12:03:17"}
{"key":"manmanshou:embedding:bhgu9p","level":"debug","message":"缓存未命中","timestamp":"2026-09-04 12:03:17"}
{"key":"manmanshou:embedding:bhgu9p","level":"debug","message":"缓存未命中","timestamp":"2026-09-04 12:03:17"}
{"key":"manmanshou:embedding:bhgu9p","level":"debug","message":"缓存已设置","timestamp":"2026-09-04 12:03:17","ttl":604800}
{"level":"debug","message":"Embedding生成成功","provider":"dashscope","textLength":83,"timestamp":"2026-09-04 12:03:17"}
{"key":"manmanshou:embedding:967xn","level":"debug","message":"缓存未命中","timestamp":"2026-09-04 12:03:17"}
{"key":"manmanshou:embedding:967xn","level":"debug","message":"缓存未命中","timestamp":"2026-09-04 12:03:17"}
{"key":"manmanshou:embedding:967xn","level":"debug","message":"缓存已设置","timestamp":"2026-09-04 12:03:17","ttl":604800}
{"level":"debug","message":"Embedding生成成功","provider":"dashscope","textLength":80,"timestamp":"2026-09-04 12:03:17"}
{"level":"info","message":"已完成 220/221，暂停3秒...","timestamp":"2026-09-04 12:03:17"}
{"key":"manmanshou:embedding:1aoa73","level":"debug","message":"缓存未命中","timestamp":"2026-09-04 12:03:20"}
{"key":"manmanshou:embedding:1aoa73","level":"debug","message":"缓存未命中","timestamp":"2026-09-04 12:03:20"}
{"key":"manmanshou:embedding:1aoa73","level":"debug","message":"缓存已设置","timestamp":"2026-09-04 12:03:20","ttl":604800}
{"level":"debug","message":"Embedding生成成功","provider":"dashscope","textLength":122,"timestamp":"2026-09-04 12:03:20"}
{"error":"Bad Request","level":"error","message":"向量插入失败","timestamp":"2026-09-04 12:03:20"}
{"error":"Bad Request","level":"error","message":"向量化失败","timestamp":"2026-09-04 12:03:20"}
{"level":"info","message":"已保存 221 个文档到内存","timestamp":"2026-09-04 12:03:20"}
{"filename":"D:\\科林冲刺\\项目班\\AI\\AIcode\\慢慢瘦\\logs\\metrics-2026-09-04.json","level":"info","message":"指标已保存","timestamp":"2026-09-04 13:01:42"}
{"level":"info","message":"Elasticsearch客户端已初始化","timestamp":"2026-09-04 13:59:00"}
{"level":"info","message":"Embedding服务: dashscope","timestamp":"2026-09-04 13:59:01"}
{"level":"info","message":"Redis连接成功","timestamp":"2026-09-04 13:59:01"}
{"level":"info","message":"Qdrant集合已存在: manmanshou_knowledge","timestamp":"2026-09-04 13:59:01"}
{"error":"mapper_parsing_exception\n\tCaused by:\n\t\tillegal_argument_exception: analyzer [ik_smart] has not been configured in mappings\n\tRoot causes:\n\t\tmapper_parsing_exception: Failed to parse mapping: analyzer [ik_smart] has not been configured in mappings","level":"error","message":"ES索引初始化失败","timestamp":"2026-09-04 13:59:01"}
{"key":"manmanshou:embedding:8a0mbz","level":"debug","message":"缓存命中","timestamp":"2026-09-04 13:59:01"}
{"level":"debug","message":"使用缓存 [1/221]","timestamp":"2026-09-04 13:59:01"}
{"key":"manmanshou:embedding:hrc6ux","level":"debug","message":"缓存命中","timestamp":"2026-09-04 13:59:01"}
{"level":"debug","message":"使用缓存 [2/221]","timestamp":"2026-09-04 13:59:01"}
{"key":"manmanshou:embedding:lbqev7","level":"debug","message":"缓存命中","timestamp":"2026-09-04 13:59:01"}
{"level":"debug","message":"使用缓存 [3/221]","timestamp":"2026-09-04 13:59:01"}
{"key":"manmanshou:embedding:pqqx34","level":"debug","message":"缓存命中","timestamp":"2026-09-04 13:59:01"}
{"level":"debug","message":"使用缓存 [4/221]","timestamp":"2026-09-04 13:59:01"}
{"key":"manmanshou:embedding:urrhp5","level":"debug","message":"缓存命中","timestamp":"2026-09-04 13:59:01"}
{"level":"debug","message":"使用缓存 [5/221]","timestamp":"2026-09-04 13:59:01"}
{"key":"manmanshou:embedding:y4s28f","level":"debug","message":"缓存命中","timestamp":"2026-09-04 13:59:01"}
{"level":"debug","message":"使用缓存 [6/221]","timestamp":"2026-09-04 13:59:01"}
{"key":"manmanshou:embedding:zaspt9","level":"debug","message":"缓存命中","timestamp":"2026-09-04 13:59:01"}
{"level":"debug","message":"使用缓存 [7/221]","timestamp":"2026-09-04 13:59:01"}
{"key":"manmanshou:embedding:jy0vt8","level":"debug","message":"缓存命中","timestamp":"2026-09-04 13:59:01"}
{"level":"debug","message":"使用缓存 [8/221]","timestamp":"2026-09-04 13:59:01"}
{"key":"manmanshou:embedding:p38oit","level":"debug","message":"缓存命中","timestamp":"2026-09-04 13:59:01"}
{"level":"debug","message":"使用缓存 [9/221]","timestamp":"2026-09-04 13:59:01"}
{"key":"manmanshou:embedding:2erro5","level":"debug","message":"缓存命中","timestamp":"2026-09-04 13:59:01"}
{"level":"debug","message":"使用缓存 [10/221]","timestamp":"2026-09-04 13:59:01"}
{"level":"info","message":"已完成 10/221，暂停3秒...","timestamp":"2026-09-04 13:59:01"}
{"key":"manmanshou:embedding:t42ow7","level":"debug","message":"缓存命中","timestamp":"2026-09-04 13:59:04"}
{"level":"debug","message":"使用缓存 [11/221]","timestamp":"2026-09-04 13:59:04"}
{"key":"manmanshou:embedding:rkv157","level":"debug","message":"缓存命中","timestamp":"2026-09-04 13:59:04"}
{"level":"debug","message":"使用缓存 [12/221]","timestamp":"2026-09-04 13:59:04"}
{"key":"manmanshou:embedding:zhch6r","level":"debug","message":"缓存命中","timestamp":"2026-09-04 13:59:04"}
{"level":"debug","message":"使用缓存 [13/221]","timestamp":"2026-09-04 13:59:04"}
{"key":"manmanshou:embedding:bxyvsc","level":"debug","message":"缓存命中","timestamp":"2026-09-04 13:59:04"}
{"level":"debug","message":"使用缓存 [14/221]","timestamp":"2026-09-04 13:59:04"}
{"key":"manmanshou:embedding:jbprbj","level":"debug","message":"缓存命中","timestamp":"2026-09-04 13:59:04"}
{"level":"debug","message":"使用缓存 [15/221]","timestamp":"2026-09-04 13:59:04"}
{"key":"manmanshou:embedding:wmc4n3","level":"debug","message":"缓存命中","timestamp":"2026-09-04 13:59:04"}
{"level":"debug","message":"使用缓存 [16/221]","timestamp":"2026-09-04 13:59:04"}
{"key":"manmanshou:embedding:c9hgkb","level":"debug","message":"缓存命中","timestamp":"2026-09-04 13:59:04"}
{"level":"debug","message":"使用缓存 [17/221]","timestamp":"2026-09-04 13:59:04"}
{"key":"manmanshou:embedding:hyowao","level":"debug","message":"缓存命中","timestamp":"2026-09-04 13:59:04"}
{"level":"debug","message":"使用缓存 [18/221]","timestamp":"2026-09-04 13:59:04"}
{"key":"manmanshou:embedding:whmwh8","level":"debug","message":"缓存命中","timestamp":"2026-09-04 13:59:04"}
{"level":"debug","message":"使用缓存 [19/221]","timestamp":"2026-09-04 13:59:04"}
{"key":"manmanshou:embedding:oi0lnf","level":"debug","message":"缓存命中","timestamp":"2026-09-04 13:59:04"}
{"level":"debug","message":"使用缓存 [20/221]","timestamp":"2026-09-04 13:59:04"}
{"level":"info","message":"已完成 20/221，暂停3秒...","timestamp":"2026-09-04 13:59:04"}
{"key":"manmanshou:embedding:fy77kl","level":"debug","message":"缓存命中","timestamp":"2026-09-04 13:59:07"}
{"level":"debug","message":"使用缓存 [21/221]","timestamp":"2026-09-04 13:59:07"}
{"key":"manmanshou:embedding:xs5dzi","level":"debug","message":"缓存命中","timestamp":"2026-09-04 13:59:07"}
{"level":"debug","message":"使用缓存 [22/221]","timestamp":"2026-09-04 13:59:07"}
{"key":"manmanshou:embedding:mmgl0l","level":"debug","message":"缓存命中","timestamp":"2026-09-04 13:59:07"}
{"level":"debug","message":"使用缓存 [23/221]","timestamp":"2026-09-04 13:59:07"}
{"key":"manmanshou:embedding:2qatuu","level":"debug","message":"缓存命中","timestamp":"2026-09-04 13:59:07"}
{"level":"debug","message":"使用缓存 [24/221]","timestamp":"2026-09-04 13:59:07"}
{"key":"manmanshou:embedding:3re39o","level":"debug","message":"缓存命中","timestamp":"2026-09-04 13:59:07"}
{"level":"debug","message":"使用缓存 [25/221]","timestamp":"2026-09-04 13:59:07"}
{"key":"manmanshou:embedding:wx7s6l","level":"debug","message":"缓存命中","timestamp":"2026-09-04 13:59:07"}
{"level":"debug","message":"使用缓存 [26/221]","timestamp":"2026-09-04 13:59:07"}
{"key":"manmanshou:embedding:l8khz0","level":"debug","message":"缓存命中","timestamp":"2026-09-04 13:59:07"}
{"level":"debug","message":"使用缓存 [27/221]","timestamp":"2026-09-04 13:59:07"}
{"key":"manmanshou:embedding:ulri4x","level":"debug","message":"缓存命中","timestamp":"2026-09-04 13:59:07"}
{"level":"debug","message":"使用缓存 [28/221]","timestamp":"2026-09-04 13:59:07"}
{"key":"manmanshou:embedding:kehern","level":"debug","message":"缓存命中","timestamp":"2026-09-04 13:59:07"}
{"level":"debug","message":"使用缓存 [29/221]","timestamp":"2026-09-04 13:59:07"}
{"key":"manmanshou:embedding:lun01n","level":"debug","message":"缓存命中","timestamp":"2026-09-04 13:59:07"}
{"level":"debug","message":"使用缓存 [30/221]","timestamp":"2026-09-04 13:59:07"}
{"level":"info","message":"已完成 30/221，暂停3秒...","timestamp":"2026-09-04 13:59:07"}
{"key":"manmanshou:embedding:auvbqg","level":"debug","message":"缓存命中","timestamp":"2026-09-04 13:59:10"}
{"level":"debug","message":"使用缓存 [31/221]","timestamp":"2026-09-04 13:59:10"}
{"key":"manmanshou:embedding:uab44o","level":"debug","message":"缓存命中","timestamp":"2026-09-04 13:59:10"}
{"level":"debug","message":"使用缓存 [32/221]","timestamp":"2026-09-04 13:59:10"}
{"key":"manmanshou:embedding:ac7oj8","level":"debug","message":"缓存命中","timestamp":"2026-09-04 13:59:10"}
{"level":"debug","message":"使用缓存 [33/221]","timestamp":"2026-09-04 13:59:10"}
{"key":"manmanshou:embedding:mwnxjc","level":"debug","message":"缓存命中","timestamp":"2026-09-04 13:59:10"}
{"level":"debug","message":"使用缓存 [34/221]","timestamp":"2026-09-04 13:59:10"}
{"key":"manmanshou:embedding:ha32vs","level":"debug","message":"缓存命中","timestamp":"2026-09-04 13:59:10"}
{"level":"debug","message":"使用缓存 [35/221]","timestamp":"2026-09-04 13:59:10"}
{"key":"manmanshou:embedding:kfibt8","level":"debug","message":"缓存命中","timestamp":"2026-09-04 13:59:10"}
{"level":"debug","message":"使用缓存 [36/221]","timestamp":"2026-09-04 13:59:10"}
{"key":"manmanshou:embedding:33pzax","level":"debug","message":"缓存命中","timestamp":"2026-09-04 13:59:10"}
{"level":"debug","message":"使用缓存 [37/221]","timestamp":"2026-09-04 13:59:10"}
{"key":"manmanshou:embedding:l67yir","level":"debug","message":"缓存命中","timestamp":"2026-09-04 13:59:10"}
{"level":"debug","message":"使用缓存 [38/221]","timestamp":"2026-09-04 13:59:10"}
{"key":"manmanshou:embedding:jlpktv","level":"debug","message":"缓存命中","timestamp":"2026-09-04 13:59:10"}
{"level":"debug","message":"使用缓存 [39/221]","timestamp":"2026-09-04 13:59:10"}
{"key":"manmanshou:embedding:w5kkzl","level":"debug","message":"缓存命中","timestamp":"2026-09-04 13:59:10"}
{"level":"debug","message":"使用缓存 [40/221]","timestamp":"2026-09-04 13:59:10"}
{"level":"info","message":"已完成 40/221，暂停3秒...","timestamp":"2026-09-04 13:59:10"}
{"key":"manmanshou:embedding:hbvwb6","level":"debug","message":"缓存命中","timestamp":"2026-09-04 13:59:13"}
{"level":"debug","message":"使用缓存 [41/221]","timestamp":"2026-09-04 13:59:13"}
{"key":"manmanshou:embedding:2xhr6e","level":"debug","message":"缓存命中","timestamp":"2026-09-04 13:59:13"}
{"level":"debug","message":"使用缓存 [42/221]","timestamp":"2026-09-04 13:59:13"}
{"key":"manmanshou:embedding:slhsow","level":"debug","message":"缓存命中","timestamp":"2026-09-04 13:59:13"}
{"level":"debug","message":"使用缓存 [43/221]","timestamp":"2026-09-04 13:59:13"}
{"key":"manmanshou:embedding:jxceyo","level":"debug","message":"缓存命中","timestamp":"2026-09-04 13:59:13"}
{"level":"debug","message":"使用缓存 [44/221]","timestamp":"2026-09-04 13:59:13"}
{"key":"manmanshou:embedding:eexbs9","level":"debug","message":"缓存命中","timestamp":"2026-09-04 13:59:13"}
{"level":"debug","message":"使用缓存 [45/221]","timestamp":"2026-09-04 13:59:13"}
{"key":"manmanshou:embedding:61foey","level":"debug","message":"缓存命中","timestamp":"2026-09-04 13:59:13"}
{"level":"debug","message":"使用缓存 [46/221]","timestamp":"2026-09-04 13:59:13"}
{"key":"manmanshou:embedding:4gt7zj","level":"debug","message":"缓存命中","timestamp":"2026-09-04 13:59:13"}
{"level":"debug","message":"使用缓存 [47/221]","timestamp":"2026-09-04 13:59:13"}
{"key":"manmanshou:embedding:vn72ut","level":"debug","message":"缓存命中","timestamp":"2026-09-04 13:59:13"}
{"level":"debug","message":"使用缓存 [48/221]","timestamp":"2026-09-04 13:59:13"}
{"key":"manmanshou:embedding:33axjy","level":"debug","message":"缓存命中","timestamp":"2026-09-04 13:59:13"}
{"level":"debug","message":"使用缓存 [49/221]","timestamp":"2026-09-04 13:59:13"}
{"key":"manmanshou:embedding:9n91bi","level":"debug","message":"缓存命中","timestamp":"2026-09-04 13:59:13"}
{"level":"debug","message":"使用缓存 [50/221]","timestamp":"2026-09-04 13:59:13"}
{"level":"info","message":"已完成 50/221，暂停3秒...","timestamp":"2026-09-04 13:59:13"}
{"key":"manmanshou:embedding:7x0y9f","level":"debug","message":"缓存命中","timestamp":"2026-09-04 13:59:16"}
{"level":"debug","message":"使用缓存 [51/221]","timestamp":"2026-09-04 13:59:16"}
{"key":"manmanshou:embedding:f22m0p","level":"debug","message":"缓存命中","timestamp":"2026-09-04 13:59:16"}
{"level":"debug","message":"使用缓存 [52/221]","timestamp":"2026-09-04 13:59:16"}
{"key":"manmanshou:embedding:uriuty","level":"debug","message":"缓存命中","timestamp":"2026-09-04 13:59:16"}
{"level":"debug","message":"使用缓存 [53/221]","timestamp":"2026-09-04 13:59:16"}
{"key":"manmanshou:embedding:ny3m9d","level":"debug","message":"缓存命中","timestamp":"2026-09-04 13:59:16"}
{"level":"debug","message":"使用缓存 [54/221]","timestamp":"2026-09-04 13:59:16"}
{"key":"manmanshou:embedding:ec0epw","level":"debug","message":"缓存命中","timestamp":"2026-09-04 13:59:16"}
{"level":"debug","message":"使用缓存 [55/221]","timestamp":"2026-09-04 13:59:16"}
{"key":"manmanshou:embedding:2e12z8","level":"debug","message":"缓存命中","timestamp":"2026-09-04 13:59:16"}
{"level":"debug","message":"使用缓存 [56/221]","timestamp":"2026-09-04 13:59:16"}
{"key":"manmanshou:embedding:uumya3","level":"debug","message":"缓存命中","timestamp":"2026-09-04 13:59:16"}
{"level":"debug","message":"使用缓存 [57/221]","timestamp":"2026-09-04 13:59:16"}
{"key":"manmanshou:embedding:83bne","level":"debug","message":"缓存命中","timestamp":"2026-09-04 13:59:16"}
{"level":"debug","message":"使用缓存 [58/221]","timestamp":"2026-09-04 13:59:16"}
{"key":"manmanshou:embedding:ul8yyl","level":"debug","message":"缓存命中","timestamp":"2026-09-04 13:59:16"}
{"level":"debug","message":"使用缓存 [59/221]","timestamp":"2026-09-04 13:59:16"}
{"key":"manmanshou:embedding:mizn8i","level":"debug","message":"缓存命中","timestamp":"2026-09-04 13:59:16"}
{"level":"debug","message":"使用缓存 [60/221]","timestamp":"2026-09-04 13:59:16"}
{"level":"info","message":"已完成 60/221，暂停3秒...","timestamp":"2026-09-04 13:59:16"}
{"key":"manmanshou:embedding:oxf5yv","level":"debug","message":"缓存命中","timestamp":"2026-09-04 13:59:19"}
{"level":"debug","message":"使用缓存 [61/221]","timestamp":"2026-09-04 13:59:19"}
{"key":"manmanshou:embedding:6nsyia","level":"debug","message":"缓存命中","timestamp":"2026-09-04 13:59:19"}
{"level":"debug","message":"使用缓存 [62/221]","timestamp":"2026-09-04 13:59:19"}
{"key":"manmanshou:embedding:nnma5g","level":"debug","message":"缓存命中","timestamp":"2026-09-04 13:59:19"}
{"level":"debug","message":"使用缓存 [63/221]","timestamp":"2026-09-04 13:59:19"}
{"key":"manmanshou:embedding:q4tvrh","level":"debug","message":"缓存命中","timestamp":"2026-09-04 13:59:19"}
{"level":"debug","message":"使用缓存 [64/221]","timestamp":"2026-09-04 13:59:19"}
{"key":"manmanshou:embedding:eaktak","level":"debug","message":"缓存命中","timestamp":"2026-09-04 13:59:19"}
{"level":"debug","message":"使用缓存 [65/221]","timestamp":"2026-09-04 13:59:19"}
{"key":"manmanshou:embedding:xjyt9d","level":"debug","message":"缓存命中","timestamp":"2026-09-04 13:59:19"}
{"level":"debug","message":"使用缓存 [66/221]","timestamp":"2026-09-04 13:59:19"}
{"key":"manmanshou:embedding:9d7cqv","level":"debug","message":"缓存命中","timestamp":"2026-09-04 13:59:19"}
{"level":"debug","message":"使用缓存 [67/221]","timestamp":"2026-09-04 13:59:19"}
{"key":"manmanshou:embedding:22ybuf","level":"debug","message":"缓存命中","timestamp":"2026-09-04 13:59:19"}
{"level":"debug","message":"使用缓存 [68/221]","timestamp":"2026-09-04 13:59:19"}
{"key":"manmanshou:embedding:eylpys","level":"debug","message":"缓存命中","timestamp":"2026-09-04 13:59:19"}
{"level":"debug","message":"使用缓存 [69/221]","timestamp":"2026-09-04 13:59:19"}
{"key":"manmanshou:embedding:93wwat","level":"debug","message":"缓存命中","timestamp":"2026-09-04 13:59:19"}
{"level":"debug","message":"使用缓存 [70/221]","timestamp":"2026-09-04 13:59:19"}
{"level":"info","message":"已完成 70/221，暂停3秒...","timestamp":"2026-09-04 13:59:19"}
{"key":"manmanshou:embedding:s0tuct","level":"debug","message":"缓存命中","timestamp":"2026-09-04 13:59:22"}
{"level":"debug","message":"使用缓存 [71/221]","timestamp":"2026-09-04 13:59:22"}
{"key":"manmanshou:embedding:3rw0pp","level":"debug","message":"缓存命中","timestamp":"2026-09-04 13:59:22"}
{"level":"debug","message":"使用缓存 [72/221]","timestamp":"2026-09-04 13:59:22"}
{"key":"manmanshou:embedding:5r407h","level":"debug","message":"缓存命中","timestamp":"2026-09-04 13:59:22"}
{"level":"debug","message":"使用缓存 [73/221]","timestamp":"2026-09-04 13:59:22"}
{"key":"manmanshou:embedding:415ue6","level":"debug","message":"缓存命中","timestamp":"2026-09-04 13:59:22"}
{"level":"debug","message":"使用缓存 [74/221]","timestamp":"2026-09-04 13:59:22"}
{"key":"manmanshou:embedding:z4h0pb","level":"debug","message":"缓存命中","timestamp":"2026-09-04 13:59:22"}
{"level":"debug","message":"使用缓存 [75/221]","timestamp":"2026-09-04 13:59:22"}
{"key":"manmanshou:embedding:u6c2ia","level":"debug","message":"缓存命中","timestamp":"2026-09-04 13:59:22"}
{"level":"debug","message":"使用缓存 [76/221]","timestamp":"2026-09-04 13:59:22"}
{"key":"manmanshou:embedding:q51qvg","level":"debug","message":"缓存命中","timestamp":"2026-09-04 13:59:22"}
{"level":"debug","message":"使用缓存 [77/221]","timestamp":"2026-09-04 13:59:22"}
{"key":"manmanshou:embedding:4ixth1","level":"debug","message":"缓存命中","timestamp":"2026-09-04 13:59:22"}
{"level":"debug","message":"使用缓存 [78/221]","timestamp":"2026-09-04 13:59:22"}
{"key":"manmanshou:embedding:djpexr","level":"debug","message":"缓存命中","timestamp":"2026-09-04 13:59:22"}
{"level":"debug","message":"使用缓存 [79/221]","timestamp":"2026-09-04 13:59:22"}
{"key":"manmanshou:embedding:vznxkh","level":"debug","message":"缓存命中","timestamp":"2026-09-04 13:59:22"}
{"level":"debug","message":"使用缓存 [80/221]","timestamp":"2026-09-04 13:59:22"}
{"level":"info","message":"已完成 80/221，暂停3秒...","timestamp":"2026-09-04 13:59:22"}
{"key":"manmanshou:embedding:cl8ctz","level":"debug","message":"缓存命中","timestamp":"2026-09-04 13:59:25"}
{"level":"debug","message":"使用缓存 [81/221]","timestamp":"2026-09-04 13:59:25"}
{"key":"manmanshou:embedding:rpdcvk","level":"debug","message":"缓存命中","timestamp":"2026-09-04 13:59:25"}
{"level":"debug","message":"使用缓存 [82/221]","timestamp":"2026-09-04 13:59:25"}
{"key":"manmanshou:embedding:k4c88r","level":"debug","message":"缓存命中","timestamp":"2026-09-04 13:59:25"}
{"level":"debug","message":"使用缓存 [83/221]","timestamp":"2026-09-04 13:59:25"}
{"key":"manmanshou:embedding:je8wxn","level":"debug","message":"缓存命中","timestamp":"2026-09-04 13:59:25"}
{"level":"debug","message":"使用缓存 [84/221]","timestamp":"2026-09-04 13:59:25"}
{"key":"manmanshou:embedding:aj1ry3","level":"debug","message":"缓存命中","timestamp":"2026-09-04 13:59:25"}
{"level":"debug","message":"使用缓存 [85/221]","timestamp":"2026-09-04 13:59:25"}
{"key":"manmanshou:embedding:dmuokg","level":"debug","message":"缓存命中","timestamp":"2026-09-04 13:59:25"}
{"level":"debug","message":"使用缓存 [86/221]","timestamp":"2026-09-04 13:59:25"}
{"key":"manmanshou:embedding:pijosn","level":"debug","message":"缓存命中","timestamp":"2026-09-04 13:59:25"}
{"level":"debug","message":"使用缓存 [87/221]","timestamp":"2026-09-04 13:59:25"}
{"key":"manmanshou:embedding:80zz5e","level":"debug","message":"缓存命中","timestamp":"2026-09-04 13:59:25"}
{"level":"debug","message":"使用缓存 [88/221]","timestamp":"2026-09-04 13:59:25"}
{"key":"manmanshou:embedding:tg75be","level":"debug","message":"缓存命中","timestamp":"2026-09-04 13:59:25"}
{"level":"debug","message":"使用缓存 [89/221]","timestamp":"2026-09-04 13:59:25"}
{"key":"manmanshou:embedding:ndnf54","level":"debug","message":"缓存命中","timestamp":"2026-09-04 13:59:25"}
{"level":"debug","message":"使用缓存 [90/221]","timestamp":"2026-09-04 13:59:25"}
{"level":"info","message":"已完成 90/221，暂停3秒...","timestamp":"2026-09-04 13:59:25"}
{"key":"manmanshou:embedding:7twa35","level":"debug","message":"缓存命中","timestamp":"2026-09-04 13:59:28"}
{"level":"debug","message":"使用缓存 [91/221]","timestamp":"2026-09-04 13:59:28"}
{"key":"manmanshou:embedding:4x0h6r","level":"debug","message":"缓存命中","timestamp":"2026-09-04 13:59:28"}
{"level":"debug","message":"使用缓存 [92/221]","timestamp":"2026-09-04 13:59:28"}
{"key":"manmanshou:embedding:f9dai4","level":"debug","message":"缓存命中","timestamp":"2026-09-04 13:59:28"}
{"level":"debug","message":"使用缓存 [93/221]","timestamp":"2026-09-04 13:59:28"}
{"key":"manmanshou:embedding:khydh8","level":"debug","message":"缓存命中","timestamp":"2026-09-04 13:59:28"}
{"level":"debug","message":"使用缓存 [94/221]","timestamp":"2026-09-04 13:59:28"}
{"key":"manmanshou:embedding:nd3sm6","level":"debug","message":"缓存命中","timestamp":"2026-09-04 13:59:28"}
{"level":"debug","message":"使用缓存 [95/221]","timestamp":"2026-09-04 13:59:28"}
{"key":"manmanshou:embedding:xm2mij","level":"debug","message":"缓存命中","timestamp":"2026-09-04 13:59:28"}
{"level":"debug","message":"使用缓存 [96/221]","timestamp":"2026-09-04 13:59:28"}
{"key":"manmanshou:embedding:askahf","level":"debug","message":"缓存命中","timestamp":"2026-09-04 13:59:28"}
{"level":"debug","message":"使用缓存 [97/221]","timestamp":"2026-09-04 13:59:28"}
{"key":"manmanshou:embedding:ilcxs4","level":"debug","message":"缓存命中","timestamp":"2026-09-04 13:59:28"}
{"level":"debug","message":"使用缓存 [98/221]","timestamp":"2026-09-04 13:59:28"}
{"key":"manmanshou:embedding:qnell","level":"debug","message":"缓存命中","timestamp":"2026-09-04 13:59:28"}
{"level":"debug","message":"使用缓存 [99/221]","timestamp":"2026-09-04 13:59:28"}
{"key":"manmanshou:embedding:vdaggc","level":"debug","message":"缓存命中","timestamp":"2026-09-04 13:59:28"}
{"level":"debug","message":"使用缓存 [100/221]","timestamp":"2026-09-04 13:59:28"}
{"level":"info","message":"已完成 100/221，暂停3秒...","timestamp":"2026-09-04 13:59:28"}
{"key":"manmanshou:embedding:pmmr8","level":"debug","message":"缓存命中","timestamp":"2026-09-04 13:59:31"}
{"level":"debug","message":"使用缓存 [101/221]","timestamp":"2026-09-04 13:59:31"}
{"key":"manmanshou:embedding:u2c1ei","level":"debug","message":"缓存命中","timestamp":"2026-09-04 13:59:31"}
{"level":"debug","message":"使用缓存 [102/221]","timestamp":"2026-09-04 13:59:31"}
{"key":"manmanshou:embedding:akj3c8","level":"debug","message":"缓存命中","timestamp":"2026-09-04 13:59:31"}
{"level":"debug","message":"使用缓存 [103/221]","timestamp":"2026-09-04 13:59:31"}
{"key":"manmanshou:embedding:ujv7fp","level":"debug","message":"缓存命中","timestamp":"2026-09-04 13:59:31"}
{"level":"debug","message":"使用缓存 [104/221]","timestamp":"2026-09-04 13:59:31"}
{"key":"manmanshou:embedding:za54sy","level":"debug","message":"缓存命中","timestamp":"2026-09-04 13:59:31"}
{"level":"debug","message":"使用缓存 [105/221]","timestamp":"2026-09-04 13:59:31"}
{"key":"manmanshou:embedding:qpn5nk","level":"debug","message":"缓存命中","timestamp":"2026-09-04 13:59:31"}
{"level":"debug","message":"使用缓存 [106/221]","timestamp":"2026-09-04 13:59:31"}
{"key":"manmanshou:embedding:uesy25","level":"debug","message":"缓存命中","timestamp":"2026-09-04 13:59:31"}
{"level":"debug","message":"使用缓存 [107/221]","timestamp":"2026-09-04 13:59:31"}
{"key":"manmanshou:embedding:biauyt","level":"debug","message":"缓存命中","timestamp":"2026-09-04 13:59:31"}
{"level":"debug","message":"使用缓存 [108/221]","timestamp":"2026-09-04 13:59:31"}
{"key":"manmanshou:embedding:n14hvp","level":"debug","message":"缓存命中","timestamp":"2026-09-04 13:59:31"}
{"level":"debug","message":"使用缓存 [109/221]","timestamp":"2026-09-04 13:59:31"}
{"key":"manmanshou:embedding:k1ee8s","level":"debug","message":"缓存命中","timestamp":"2026-09-04 13:59:31"}
{"level":"debug","message":"使用缓存 [110/221]","timestamp":"2026-09-04 13:59:31"}
{"level":"info","message":"已完成 110/221，暂停3秒...","timestamp":"2026-09-04 13:59:31"}
{"key":"manmanshou:embedding:qewbfd","level":"debug","message":"缓存命中","timestamp":"2026-09-04 13:59:34"}
{"level":"debug","message":"使用缓存 [111/221]","timestamp":"2026-09-04 13:59:34"}
{"key":"manmanshou:embedding:d6q9cf","level":"debug","message":"缓存命中","timestamp":"2026-09-04 13:59:34"}
{"level":"debug","message":"使用缓存 [112/221]","timestamp":"2026-09-04 13:59:34"}
{"key":"manmanshou:embedding:nwg7wc","level":"debug","message":"缓存命中","timestamp":"2026-09-04 13:59:34"}
{"level":"debug","message":"使用缓存 [113/221]","timestamp":"2026-09-04 13:59:34"}
{"key":"manmanshou:embedding:7u2fb9","level":"debug","message":"缓存命中","timestamp":"2026-09-04 13:59:34"}
{"level":"debug","message":"使用缓存 [114/221]","timestamp":"2026-09-04 13:59:34"}
{"key":"manmanshou:embedding:8ijijm","level":"debug","message":"缓存命中","timestamp":"2026-09-04 13:59:34"}
{"level":"debug","message":"使用缓存 [115/221]","timestamp":"2026-09-04 13:59:34"}
{"key":"manmanshou:embedding:oqimh6","level":"debug","message":"缓存命中","timestamp":"2026-09-04 13:59:34"}
{"level":"debug","message":"使用缓存 [116/221]","timestamp":"2026-09-04 13:59:34"}
{"key":"manmanshou:embedding:33thj8","level":"debug","message":"缓存命中","timestamp":"2026-09-04 13:59:34"}
{"level":"debug","message":"使用缓存 [117/221]","timestamp":"2026-09-04 13:59:34"}
{"key":"manmanshou:embedding:6pl4fv","level":"debug","message":"缓存命中","timestamp":"2026-09-04 13:59:34"}
{"level":"debug","message":"使用缓存 [118/221]","timestamp":"2026-09-04 13:59:34"}
{"key":"manmanshou:embedding:og0q5c","level":"debug","message":"缓存命中","timestamp":"2026-09-04 13:59:34"}
{"level":"debug","message":"使用缓存 [119/221]","timestamp":"2026-09-04 13:59:34"}
{"key":"manmanshou:embedding:jszl3s","level":"debug","message":"缓存命中","timestamp":"2026-09-04 13:59:34"}
{"level":"debug","message":"使用缓存 [120/221]","timestamp":"2026-09-04 13:59:34"}
{"level":"info","message":"已完成 120/221，暂停3秒...","timestamp":"2026-09-04 13:59:34"}
{"key":"manmanshou:embedding:yh0vmz","level":"debug","message":"缓存命中","timestamp":"2026-09-04 13:59:37"}
{"level":"debug","message":"使用缓存 [121/221]","timestamp":"2026-09-04 13:59:37"}
{"key":"manmanshou:embedding:3ai4n","level":"debug","message":"缓存命中","timestamp":"2026-09-04 13:59:37"}
{"level":"debug","message":"使用缓存 [122/221]","timestamp":"2026-09-04 13:59:37"}
{"key":"manmanshou:embedding:1i0rz2","level":"debug","message":"缓存命中","timestamp":"2026-09-04 13:59:37"}
{"level":"debug","message":"使用缓存 [123/221]","timestamp":"2026-09-04 13:59:37"}
{"key":"manmanshou:embedding:doowux","level":"debug","message":"缓存命中","timestamp":"2026-09-04 13:59:37"}
{"level":"debug","message":"使用缓存 [124/221]","timestamp":"2026-09-04 13:59:37"}
{"key":"manmanshou:embedding:2ev5rx","level":"debug","message":"缓存命中","timestamp":"2026-09-04 13:59:37"}
{"level":"debug","message":"使用缓存 [125/221]","timestamp":"2026-09-04 13:59:37"}
{"key":"manmanshou:embedding:ouwktp","level":"debug","message":"缓存命中","timestamp":"2026-09-04 13:59:37"}
{"level":"debug","message":"使用缓存 [126/221]","timestamp":"2026-09-04 13:59:37"}
{"key":"manmanshou:embedding:qmjcyf","level":"debug","message":"缓存命中","timestamp":"2026-09-04 13:59:37"}
{"level":"debug","message":"使用缓存 [127/221]","timestamp":"2026-09-04 13:59:37"}
{"key":"manmanshou:embedding:jtug4t","level":"debug","message":"缓存命中","timestamp":"2026-09-04 13:59:37"}
{"level":"debug","message":"使用缓存 [128/221]","timestamp":"2026-09-04 13:59:37"}
{"key":"manmanshou:embedding:yliijd","level":"debug","message":"缓存命中","timestamp":"2026-09-04 13:59:37"}
{"level":"debug","message":"使用缓存 [129/221]","timestamp":"2026-09-04 13:59:37"}
{"key":"manmanshou:embedding:a39sq","level":"debug","message":"缓存命中","timestamp":"2026-09-04 13:59:37"}
{"level":"debug","message":"使用缓存 [130/221]","timestamp":"2026-09-04 13:59:37"}
{"level":"info","message":"已完成 130/221，暂停3秒...","timestamp":"2026-09-04 13:59:37"}
{"key":"manmanshou:embedding:vzqjin","level":"debug","message":"缓存命中","timestamp":"2026-09-04 13:59:40"}
{"level":"debug","message":"使用缓存 [131/221]","timestamp":"2026-09-04 13:59:40"}
{"key":"manmanshou:embedding:kainzy","level":"debug","message":"缓存命中","timestamp":"2026-09-04 13:59:40"}
{"level":"debug","message":"使用缓存 [132/221]","timestamp":"2026-09-04 13:59:40"}
{"key":"manmanshou:embedding:if551q","level":"debug","message":"缓存命中","timestamp":"2026-09-04 13:59:40"}
{"level":"debug","message":"使用缓存 [133/221]","timestamp":"2026-09-04 13:59:40"}
{"key":"manmanshou:embedding:9e1fnl","level":"debug","message":"缓存命中","timestamp":"2026-09-04 13:59:40"}
{"level":"debug","message":"使用缓存 [134/221]","timestamp":"2026-09-04 13:59:40"}
{"key":"manmanshou:embedding:mye0nu","level":"debug","message":"缓存命中","timestamp":"2026-09-04 13:59:40"}
{"level":"debug","message":"使用缓存 [135/221]","timestamp":"2026-09-04 13:59:40"}
{"key":"manmanshou:embedding:fzfa7j","level":"debug","message":"缓存命中","timestamp":"2026-09-04 13:59:40"}
{"level":"debug","message":"使用缓存 [136/221]","timestamp":"2026-09-04 13:59:40"}
{"key":"manmanshou:embedding:mwkfdq","level":"debug","message":"缓存命中","timestamp":"2026-09-04 13:59:40"}
{"level":"debug","message":"使用缓存 [137/221]","timestamp":"2026-09-04 13:59:40"}
{"key":"manmanshou:embedding:vpuhjn","level":"debug","message":"缓存命中","timestamp":"2026-09-04 13:59:40"}
{"level":"debug","message":"使用缓存 [138/221]","timestamp":"2026-09-04 13:59:40"}
{"key":"manmanshou:embedding:ggxrlx","level":"debug","message":"缓存命中","timestamp":"2026-09-04 13:59:40"}
{"level":"debug","message":"使用缓存 [139/221]","timestamp":"2026-09-04 13:59:40"}
{"key":"manmanshou:embedding:g84wrl","level":"debug","message":"缓存命中","timestamp":"2026-09-04 13:59:40"}
{"level":"debug","message":"使用缓存 [140/221]","timestamp":"2026-09-04 13:59:40"}
{"level":"info","message":"已完成 140/221，暂停3秒...","timestamp":"2026-09-04 13:59:40"}
{"key":"manmanshou:embedding:5k2y19","level":"debug","message":"缓存命中","timestamp":"2026-09-04 13:59:43"}
{"level":"debug","message":"使用缓存 [141/221]","timestamp":"2026-09-04 13:59:43"}
{"key":"manmanshou:embedding:jx184s","level":"debug","message":"缓存命中","timestamp":"2026-09-04 13:59:43"}
{"level":"debug","message":"使用缓存 [142/221]","timestamp":"2026-09-04 13:59:43"}
{"key":"manmanshou:embedding:cy5hkj","level":"debug","message":"缓存命中","timestamp":"2026-09-04 13:59:43"}
{"level":"debug","message":"使用缓存 [143/221]","timestamp":"2026-09-04 13:59:43"}
{"key":"manmanshou:embedding:v9ezsu","level":"debug","message":"缓存命中","timestamp":"2026-09-04 13:59:43"}
{"level":"debug","message":"使用缓存 [144/221]","timestamp":"2026-09-04 13:59:43"}
{"key":"manmanshou:embedding:174af5","level":"debug","message":"缓存命中","timestamp":"2026-09-04 13:59:43"}
{"level":"debug","message":"使用缓存 [145/221]","timestamp":"2026-09-04 13:59:43"}
{"key":"manmanshou:embedding:ripquy","level":"debug","message":"缓存命中","timestamp":"2026-09-04 13:59:43"}
{"level":"debug","message":"使用缓存 [146/221]","timestamp":"2026-09-04 13:59:43"}
{"key":"manmanshou:embedding:zanzge","level":"debug","message":"缓存命中","timestamp":"2026-09-04 13:59:43"}
{"level":"debug","message":"使用缓存 [147/221]","timestamp":"2026-09-04 13:59:43"}
{"key":"manmanshou:embedding:d3ksls","level":"debug","message":"缓存命中","timestamp":"2026-09-04 13:59:43"}
{"level":"debug","message":"使用缓存 [148/221]","timestamp":"2026-09-04 13:59:43"}
{"key":"manmanshou:embedding:1zouax","level":"debug","message":"缓存命中","timestamp":"2026-09-04 13:59:43"}
{"level":"debug","message":"使用缓存 [149/221]","timestamp":"2026-09-04 13:59:43"}
{"key":"manmanshou:embedding:lvkw4o","level":"debug","message":"缓存命中","timestamp":"2026-09-04 13:59:43"}
{"level":"debug","message":"使用缓存 [150/221]","timestamp":"2026-09-04 13:59:43"}
{"level":"info","message":"已完成 150/221，暂停3秒...","timestamp":"2026-09-04 13:59:43"}
{"key":"manmanshou:embedding:w3uyew","level":"debug","message":"缓存命中","timestamp":"2026-09-04 13:59:46"}
{"level":"debug","message":"使用缓存 [151/221]","timestamp":"2026-09-04 13:59:46"}
{"key":"manmanshou:embedding:wjcoay","level":"debug","message":"缓存命中","timestamp":"2026-09-04 13:59:46"}
{"level":"debug","message":"使用缓存 [152/221]","timestamp":"2026-09-04 13:59:46"}
{"key":"manmanshou:embedding:mgijrr","level":"debug","message":"缓存命中","timestamp":"2026-09-04 13:59:46"}
{"level":"debug","message":"使用缓存 [153/221]","timestamp":"2026-09-04 13:59:46"}
{"key":"manmanshou:embedding:llq8se","level":"debug","message":"缓存命中","timestamp":"2026-09-04 13:59:46"}
{"level":"debug","message":"使用缓存 [154/221]","timestamp":"2026-09-04 13:59:46"}
{"key":"manmanshou:embedding:ica6n0","level":"debug","message":"缓存命中","timestamp":"2026-09-04 13:59:46"}
{"level":"debug","message":"使用缓存 [155/221]","timestamp":"2026-09-04 13:59:46"}
{"key":"manmanshou:embedding:ghg2r2","level":"debug","message":"缓存命中","timestamp":"2026-09-04 13:59:46"}
{"level":"debug","message":"使用缓存 [156/221]","timestamp":"2026-09-04 13:59:46"}
{"key":"manmanshou:embedding:qck2iu","level":"debug","message":"缓存命中","timestamp":"2026-09-04 13:59:46"}
{"level":"debug","message":"使用缓存 [157/221]","timestamp":"2026-09-04 13:59:46"}
{"key":"manmanshou:embedding:wuizim","level":"debug","message":"缓存命中","timestamp":"2026-09-04 13:59:46"}
{"level":"debug","message":"使用缓存 [158/221]","timestamp":"2026-09-04 13:59:46"}
{"key":"manmanshou:embedding:a1kbrq","level":"debug","message":"缓存命中","timestamp":"2026-09-04 13:59:46"}
{"level":"debug","message":"使用缓存 [159/221]","timestamp":"2026-09-04 13:59:46"}
{"key":"manmanshou:embedding:kcn72c","level":"debug","message":"缓存命中","timestamp":"2026-09-04 13:59:46"}
{"level":"debug","message":"使用缓存 [160/221]","timestamp":"2026-09-04 13:59:46"}
{"level":"info","message":"已完成 160/221，暂停3秒...","timestamp":"2026-09-04 13:59:46"}
{"key":"manmanshou:embedding:aii3wu","level":"debug","message":"缓存命中","timestamp":"2026-09-04 13:59:49"}
{"level":"debug","message":"使用缓存 [161/221]","timestamp":"2026-09-04 13:59:49"}
{"key":"manmanshou:embedding:d8x80i","level":"debug","message":"缓存命中","timestamp":"2026-09-04 13:59:49"}
{"level":"debug","message":"使用缓存 [162/221]","timestamp":"2026-09-04 13:59:49"}
{"key":"manmanshou:embedding:6s85aq","level":"debug","message":"缓存命中","timestamp":"2026-09-04 13:59:49"}
{"level":"debug","message":"使用缓存 [163/221]","timestamp":"2026-09-04 13:59:49"}
{"key":"manmanshou:embedding:94ezvs","level":"debug","message":"缓存命中","timestamp":"2026-09-04 13:59:50"}
{"level":"debug","message":"使用缓存 [164/221]","timestamp":"2026-09-04 13:59:50"}
{"key":"manmanshou:embedding:9cjfr4","level":"debug","message":"缓存命中","timestamp":"2026-09-04 13:59:50"}
{"level":"debug","message":"使用缓存 [165/221]","timestamp":"2026-09-04 13:59:50"}
{"key":"manmanshou:embedding:tg7us8","level":"debug","message":"缓存命中","timestamp":"2026-09-04 13:59:50"}
{"level":"debug","message":"使用缓存 [166/221]","timestamp":"2026-09-04 13:59:50"}
{"key":"manmanshou:embedding:2x6h0k","level":"debug","message":"缓存命中","timestamp":"2026-09-04 13:59:50"}
{"level":"debug","message":"使用缓存 [167/221]","timestamp":"2026-09-04 13:59:50"}
{"key":"manmanshou:embedding:ap2gfk","level":"debug","message":"缓存命中","timestamp":"2026-09-04 13:59:50"}
{"level":"debug","message":"使用缓存 [168/221]","timestamp":"2026-09-04 13:59:50"}
{"key":"manmanshou:embedding:rzddqs","level":"debug","message":"缓存命中","timestamp":"2026-09-04 13:59:50"}
{"level":"debug","message":"使用缓存 [169/221]","timestamp":"2026-09-04 13:59:50"}
{"key":"manmanshou:embedding:2sh5vu","level":"debug","message":"缓存命中","timestamp":"2026-09-04 13:59:50"}
{"level":"debug","message":"使用缓存 [170/221]","timestamp":"2026-09-04 13:59:50"}
{"level":"info","message":"已完成 170/221，暂停3秒...","timestamp":"2026-09-04 13:59:50"}
{"key":"manmanshou:embedding:cla14t","level":"debug","message":"缓存命中","timestamp":"2026-09-04 13:59:53"}
{"level":"debug","message":"使用缓存 [171/221]","timestamp":"2026-09-04 13:59:53"}
{"key":"manmanshou:embedding:17bzoa","level":"debug","message":"缓存命中","timestamp":"2026-09-04 13:59:53"}
{"level":"debug","message":"使用缓存 [172/221]","timestamp":"2026-09-04 13:59:53"}
{"key":"manmanshou:embedding:onk77x","level":"debug","message":"缓存命中","timestamp":"2026-09-04 13:59:53"}
{"level":"debug","message":"使用缓存 [173/221]","timestamp":"2026-09-04 13:59:53"}
{"key":"manmanshou:embedding:qdwdw8","level":"debug","message":"缓存命中","timestamp":"2026-09-04 13:59:53"}
{"level":"debug","message":"使用缓存 [174/221]","timestamp":"2026-09-04 13:59:53"}
{"key":"manmanshou:embedding:gfwuew","level":"debug","message":"缓存命中","timestamp":"2026-09-04 13:59:53"}
{"level":"debug","message":"使用缓存 [175/221]","timestamp":"2026-09-04 13:59:53"}
{"key":"manmanshou:embedding:e0c3h7","level":"debug","message":"缓存命中","timestamp":"2026-09-04 13:59:53"}
{"level":"debug","message":"使用缓存 [176/221]","timestamp":"2026-09-04 13:59:53"}
{"key":"manmanshou:embedding:fesssm","level":"debug","message":"缓存命中","timestamp":"2026-09-04 13:59:53"}
{"level":"debug","message":"使用缓存 [177/221]","timestamp":"2026-09-04 13:59:53"}
{"key":"manmanshou:embedding:goqra7","level":"debug","message":"缓存命中","timestamp":"2026-09-04 13:59:53"}
{"level":"debug","message":"使用缓存 [178/221]","timestamp":"2026-09-04 13:59:53"}
{"key":"manmanshou:embedding:z6ley6","level":"debug","message":"缓存命中","timestamp":"2026-09-04 13:59:53"}
{"level":"debug","message":"使用缓存 [179/221]","timestamp":"2026-09-04 13:59:53"}
{"key":"manmanshou:embedding:y2ki7n","level":"debug","message":"缓存命中","timestamp":"2026-09-04 13:59:53"}
{"level":"debug","message":"使用缓存 [180/221]","timestamp":"2026-09-04 13:59:53"}
{"level":"info","message":"已完成 180/221，暂停3秒...","timestamp":"2026-09-04 13:59:53"}
{"key":"manmanshou:embedding:2ba7q7","level":"debug","message":"缓存命中","timestamp":"2026-09-04 13:59:56"}
{"level":"debug","message":"使用缓存 [181/221]","timestamp":"2026-09-04 13:59:56"}
{"key":"manmanshou:embedding:7ss57b","level":"debug","message":"缓存命中","timestamp":"2026-09-04 13:59:56"}
{"level":"debug","message":"使用缓存 [182/221]","timestamp":"2026-09-04 13:59:56"}
{"key":"manmanshou:embedding:d7v9x5","level":"debug","message":"缓存命中","timestamp":"2026-09-04 13:59:56"}
{"level":"debug","message":"使用缓存 [183/221]","timestamp":"2026-09-04 13:59:56"}
{"key":"manmanshou:embedding:bvk9dz","level":"debug","message":"缓存命中","timestamp":"2026-09-04 13:59:56"}
{"level":"debug","message":"使用缓存 [184/221]","timestamp":"2026-09-04 13:59:56"}
{"key":"manmanshou:embedding:135y6o","level":"debug","message":"缓存命中","timestamp":"2026-09-04 13:59:56"}
{"level":"debug","message":"使用缓存 [185/221]","timestamp":"2026-09-04 13:59:56"}
{"key":"manmanshou:embedding:3sgepf","level":"debug","message":"缓存命中","timestamp":"2026-09-04 13:59:56"}
{"level":"debug","message":"使用缓存 [186/221]","timestamp":"2026-09-04 13:59:56"}
{"key":"manmanshou:embedding:5lbpl8","level":"debug","message":"缓存命中","timestamp":"2026-09-04 13:59:56"}
{"level":"debug","message":"使用缓存 [187/221]","timestamp":"2026-09-04 13:59:56"}
{"key":"manmanshou:embedding:ftckbm","level":"debug","message":"缓存命中","timestamp":"2026-09-04 13:59:56"}
{"level":"debug","message":"使用缓存 [188/221]","timestamp":"2026-09-04 13:59:56"}
{"key":"manmanshou:embedding:g6xh7b","level":"debug","message":"缓存命中","timestamp":"2026-09-04 13:59:56"}
{"level":"debug","message":"使用缓存 [189/221]","timestamp":"2026-09-04 13:59:56"}
{"key":"manmanshou:embedding:uaxl1n","level":"debug","message":"缓存命中","timestamp":"2026-09-04 13:59:56"}
{"level":"debug","message":"使用缓存 [190/221]","timestamp":"2026-09-04 13:59:56"}
{"level":"info","message":"已完成 190/221，暂停3秒...","timestamp":"2026-09-04 13:59:56"}
{"key":"manmanshou:embedding:le5jiu","level":"debug","message":"缓存命中","timestamp":"2026-09-04 13:59:59"}
{"level":"debug","message":"使用缓存 [191/221]","timestamp":"2026-09-04 13:59:59"}
{"key":"manmanshou:embedding:lwjyq4","level":"debug","message":"缓存命中","timestamp":"2026-09-04 13:59:59"}
{"level":"debug","message":"使用缓存 [192/221]","timestamp":"2026-09-04 13:59:59"}
{"key":"manmanshou:embedding:drv1ir","level":"debug","message":"缓存命中","timestamp":"2026-09-04 13:59:59"}
{"level":"debug","message":"使用缓存 [193/221]","timestamp":"2026-09-04 13:59:59"}
{"key":"manmanshou:embedding:o2gg79","level":"debug","message":"缓存命中","timestamp":"2026-09-04 13:59:59"}
{"level":"debug","message":"使用缓存 [194/221]","timestamp":"2026-09-04 13:59:59"}
{"key":"manmanshou:embedding:orj66c","level":"debug","message":"缓存命中","timestamp":"2026-09-04 13:59:59"}
{"level":"debug","message":"使用缓存 [195/221]","timestamp":"2026-09-04 13:59:59"}
{"key":"manmanshou:embedding:vz9jv7","level":"debug","message":"缓存命中","timestamp":"2026-09-04 13:59:59"}
{"level":"debug","message":"使用缓存 [196/221]","timestamp":"2026-09-04 13:59:59"}
{"key":"manmanshou:embedding:lemsbt","level":"debug","message":"缓存命中","timestamp":"2026-09-04 13:59:59"}
{"level":"debug","message":"使用缓存 [197/221]","timestamp":"2026-09-04 13:59:59"}
{"key":"manmanshou:embedding:ljp19w","level":"debug","message":"缓存命中","timestamp":"2026-09-04 13:59:59"}
{"level":"debug","message":"使用缓存 [198/221]","timestamp":"2026-09-04 13:59:59"}
{"key":"manmanshou:embedding:xaxhwx","level":"debug","message":"缓存命中","timestamp":"2026-09-04 13:59:59"}
{"level":"debug","message":"使用缓存 [199/221]","timestamp":"2026-09-04 13:59:59"}
{"key":"manmanshou:embedding:2s6q6s","level":"debug","message":"缓存命中","timestamp":"2026-09-04 13:59:59"}
{"level":"debug","message":"使用缓存 [200/221]","timestamp":"2026-09-04 13:59:59"}
{"level":"info","message":"已完成 200/221，暂停3秒...","timestamp":"2026-09-04 13:59:59"}
{"key":"manmanshou:embedding:9whmxe","level":"debug","message":"缓存命中","timestamp":"2026-09-04 14:00:02"}
{"level":"debug","message":"使用缓存 [201/221]","timestamp":"2026-09-04 14:00:02"}
{"key":"manmanshou:embedding:ps7pd8","level":"debug","message":"缓存命中","timestamp":"2026-09-04 14:00:02"}
{"level":"debug","message":"使用缓存 [202/221]","timestamp":"2026-09-04 14:00:02"}
{"key":"manmanshou:embedding:te00sh","level":"debug","message":"缓存命中","timestamp":"2026-09-04 14:00:02"}
{"level":"debug","message":"使用缓存 [203/221]","timestamp":"2026-09-04 14:00:02"}
{"key":"manmanshou:embedding:v776vs","level":"debug","message":"缓存命中","timestamp":"2026-09-04 14:00:02"}
{"level":"debug","message":"使用缓存 [204/221]","timestamp":"2026-09-04 14:00:02"}
{"key":"manmanshou:embedding:yqnm2h","level":"debug","message":"缓存命中","timestamp":"2026-09-04 14:00:02"}
{"level":"debug","message":"使用缓存 [205/221]","timestamp":"2026-09-04 14:00:02"}
{"key":"manmanshou:embedding:lyknk4","level":"debug","message":"缓存命中","timestamp":"2026-09-04 14:00:02"}
{"level":"debug","message":"使用缓存 [206/221]","timestamp":"2026-09-04 14:00:02"}
{"key":"manmanshou:embedding:1wip90","level":"debug","message":"缓存命中","timestamp":"2026-09-04 14:00:02"}
{"level":"debug","message":"使用缓存 [207/221]","timestamp":"2026-09-04 14:00:02"}
{"key":"manmanshou:embedding:ep4hhg","level":"debug","message":"缓存命中","timestamp":"2026-09-04 14:00:02"}
{"level":"debug","message":"使用缓存 [208/221]","timestamp":"2026-09-04 14:00:02"}
{"key":"manmanshou:embedding:j8o37i","level":"debug","message":"缓存命中","timestamp":"2026-09-04 14:00:02"}
{"level":"debug","message":"使用缓存 [209/221]","timestamp":"2026-09-04 14:00:02"}
{"key":"manmanshou:embedding:rks3na","level":"debug","message":"缓存命中","timestamp":"2026-09-04 14:00:02"}
{"level":"debug","message":"使用缓存 [210/221]","timestamp":"2026-09-04 14:00:02"}
{"level":"info","message":"已完成 210/221，暂停3秒...","timestamp":"2026-09-04 14:00:02"}
{"key":"manmanshou:embedding:ylr78t","level":"debug","message":"缓存命中","timestamp":"2026-09-04 14:00:05"}
{"level":"debug","message":"使用缓存 [211/221]","timestamp":"2026-09-04 14:00:05"}
{"key":"manmanshou:embedding:l3ne9q","level":"debug","message":"缓存命中","timestamp":"2026-09-04 14:00:05"}
{"level":"debug","message":"使用缓存 [212/221]","timestamp":"2026-09-04 14:00:05"}
{"key":"manmanshou:embedding:83z4dp","level":"debug","message":"缓存命中","timestamp":"2026-09-04 14:00:05"}
{"level":"debug","message":"使用缓存 [213/221]","timestamp":"2026-09-04 14:00:05"}
{"key":"manmanshou:embedding:u6conv","level":"debug","message":"缓存命中","timestamp":"2026-09-04 14:00:05"}
{"level":"debug","message":"使用缓存 [214/221]","timestamp":"2026-09-04 14:00:05"}
{"key":"manmanshou:embedding:xdhb5p","level":"debug","message":"缓存命中","timestamp":"2026-09-04 14:00:05"}
{"level":"debug","message":"使用缓存 [215/221]","timestamp":"2026-09-04 14:00:05"}
{"key":"manmanshou:embedding:n4yojs","level":"debug","message":"缓存命中","timestamp":"2026-09-04 14:00:05"}
{"level":"debug","message":"使用缓存 [216/221]","timestamp":"2026-09-04 14:00:05"}
{"key":"manmanshou:embedding:gtx955","level":"debug","message":"缓存命中","timestamp":"2026-09-04 14:00:05"}
{"level":"debug","message":"使用缓存 [217/221]","timestamp":"2026-09-04 14:00:05"}
{"key":"manmanshou:embedding:63rfrf","level":"debug","message":"缓存命中","timestamp":"2026-09-04 14:00:05"}
{"level":"debug","message":"使用缓存 [218/221]","timestamp":"2026-09-04 14:00:05"}
{"key":"manmanshou:embedding:bhgu9p","level":"debug","message":"缓存命中","timestamp":"2026-09-04 14:00:05"}
{"level":"debug","message":"使用缓存 [219/221]","timestamp":"2026-09-04 14:00:05"}
{"key":"manmanshou:embedding:967xn","level":"debug","message":"缓存命中","timestamp":"2026-09-04 14:00:05"}
{"level":"debug","message":"使用缓存 [220/221]","timestamp":"2026-09-04 14:00:05"}
{"level":"info","message":"已完成 220/221，暂停3秒...","timestamp":"2026-09-04 14:00:05"}
{"key":"manmanshou:embedding:1aoa73","level":"debug","message":"缓存命中","timestamp":"2026-09-04 14:00:08"}
{"level":"debug","message":"使用缓存 [221/221]","timestamp":"2026-09-04 14:00:08"}
{"error":"Bad Request","level":"error","message":"向量插入失败","timestamp":"2026-09-04 14:00:08"}
{"error":"Bad Request","level":"error","message":"向量化失败","timestamp":"2026-09-04 14:00:08"}
{"level":"info","message":"已保存 221 个文档到内存","timestamp":"2026-09-04 14:00:08"}
{"filename":"D:\\科林冲刺\\项目班\\AI\\AIcode\\慢慢瘦\\logs\\metrics-2026-09-04.json","level":"info","message":"指标已保存","timestamp":"2026-09-04 14:01:42"}
{"filename":"D:\\科林冲刺\\项目班\\AI\\AIcode\\慢慢瘦\\logs\\metrics-2026-09-04.json","level":"info","message":"指标已保存","timestamp":"2026-09-04 14:59:04"}
{"filename":"D:\\科林冲刺\\项目班\\AI\\AIcode\\慢慢瘦\\logs\\metrics-2026-09-04.json","level":"info","message":"指标已保存","timestamp":"2026-09-04 15:01:45"}
{"level":"info","message":"Redis连接成功","timestamp":"2026-09-04 15:42:22"}
{"level":"info","message":"Redis连接成功","timestamp":"2026-09-04 15:42:22"}
{"level":"info","message":"Redis连接成功","timestamp":"2026-09-04 15:42:22"}
{"level":"info","message":"Redis连接成功","timestamp":"2026-09-04 15:42:22"}
{"level":"info","message":"Redis连接成功","timestamp":"2026-09-04 15:42:22"}
{"level":"info","message":"Redis连接成功","timestamp":"2026-09-04 15:42:22"}
{"level":"warn","message":"Redis连接失败，使用内存缓存","timestamp":"2026-09-04 15:42:23"}
{"level":"warn","message":"Redis连接失败，使用内存缓存","timestamp":"2026-09-04 15:42:23"}
{"filename":"D:\\科林冲刺\\项目班\\AI\\AIcode\\慢慢瘦\\logs\\metrics-2026-09-04.json","level":"info","message":"指标已保存","timestamp":"2026-09-04 15:59:04"}
{"filename":"D:\\科林冲刺\\项目班\\AI\\AIcode\\慢慢瘦\\logs\\metrics-2026-09-04.json","level":"info","message":"指标已保存","timestamp":"2026-09-04 16:01:45"}
{"filename":"D:\\科林冲刺\\项目班\\AI\\AIcode\\慢慢瘦\\logs\\metrics-2026-09-04.json","level":"info","message":"指标已保存","timestamp":"2026-09-04 16:59:04"}
{"filename":"D:\\科林冲刺\\项目班\\AI\\AIcode\\慢慢瘦\\logs\\metrics-2026-09-04.json","level":"info","message":"指标已保存","timestamp":"2026-09-04 17:01:45"}
{"level":"info","message":"Elasticsearch客户端已初始化","timestamp":"2026-09-04 17:32:52"}
{"level":"info","message":"Embedding服务: dashscope","timestamp":"2026-09-04 17:32:52"}
{"level":"info","message":"Redis连接成功","timestamp":"2026-09-04 17:32:52"}
{"level":"info","message":"Qdrant集合已存在: manmanshou_knowledge","timestamp":"2026-09-04 17:32:52"}
{"error":"mapper_parsing_exception\n\tCaused by:\n\t\tillegal_argument_exception: analyzer [ik_smart] has not been configured in mappings\n\tRoot causes:\n\t\tmapper_parsing_exception: Failed to parse mapping: analyzer [ik_smart] has not been configured in mappings","level":"error","message":"ES索引初始化失败","timestamp":"2026-09-04 17:32:53"}
{"key":"manmanshou:embedding:8a0mbz","level":"debug","message":"缓存命中","timestamp":"2026-09-04 17:32:53"}
{"level":"debug","message":"使用缓存 [1/221]","timestamp":"2026-09-04 17:32:53"}
{"key":"manmanshou:embedding:hrc6ux","level":"debug","message":"缓存命中","timestamp":"2026-09-04 17:32:53"}
{"level":"debug","message":"使用缓存 [2/221]","timestamp":"2026-09-04 17:32:53"}
{"key":"manmanshou:embedding:lbqev7","level":"debug","message":"缓存命中","timestamp":"2026-09-04 17:32:53"}
{"level":"debug","message":"使用缓存 [3/221]","timestamp":"2026-09-04 17:32:53"}
{"key":"manmanshou:embedding:pqqx34","level":"debug","message":"缓存命中","timestamp":"2026-09-04 17:32:53"}
{"level":"debug","message":"使用缓存 [4/221]","timestamp":"2026-09-04 17:32:53"}
{"key":"manmanshou:embedding:urrhp5","level":"debug","message":"缓存命中","timestamp":"2026-09-04 17:32:53"}
{"level":"debug","message":"使用缓存 [5/221]","timestamp":"2026-09-04 17:32:53"}
{"key":"manmanshou:embedding:y4s28f","level":"debug","message":"缓存命中","timestamp":"2026-09-04 17:32:53"}
{"level":"debug","message":"使用缓存 [6/221]","timestamp":"2026-09-04 17:32:53"}
{"key":"manmanshou:embedding:zaspt9","level":"debug","message":"缓存命中","timestamp":"2026-09-04 17:32:53"}
{"level":"debug","message":"使用缓存 [7/221]","timestamp":"2026-09-04 17:32:53"}
{"key":"manmanshou:embedding:jy0vt8","level":"debug","message":"缓存命中","timestamp":"2026-09-04 17:32:53"}
{"level":"debug","message":"使用缓存 [8/221]","timestamp":"2026-09-04 17:32:53"}
{"key":"manmanshou:embedding:p38oit","level":"debug","message":"缓存命中","timestamp":"2026-09-04 17:32:53"}
{"level":"debug","message":"使用缓存 [9/221]","timestamp":"2026-09-04 17:32:53"}
{"key":"manmanshou:embedding:2erro5","level":"debug","message":"缓存命中","timestamp":"2026-09-04 17:32:53"}
{"level":"debug","message":"使用缓存 [10/221]","timestamp":"2026-09-04 17:32:53"}
{"level":"info","message":"已完成 10/221，暂停3秒...","timestamp":"2026-09-04 17:32:53"}
{"key":"manmanshou:embedding:t42ow7","level":"debug","message":"缓存命中","timestamp":"2026-09-04 17:32:56"}
{"level":"debug","message":"使用缓存 [11/221]","timestamp":"2026-09-04 17:32:56"}
{"key":"manmanshou:embedding:rkv157","level":"debug","message":"缓存命中","timestamp":"2026-09-04 17:32:56"}
{"level":"debug","message":"使用缓存 [12/221]","timestamp":"2026-09-04 17:32:56"}
{"key":"manmanshou:embedding:zhch6r","level":"debug","message":"缓存命中","timestamp":"2026-09-04 17:32:56"}
{"level":"debug","message":"使用缓存 [13/221]","timestamp":"2026-09-04 17:32:56"}
{"key":"manmanshou:embedding:bxyvsc","level":"debug","message":"缓存命中","timestamp":"2026-09-04 17:32:56"}
{"level":"debug","message":"使用缓存 [14/221]","timestamp":"2026-09-04 17:32:56"}
{"key":"manmanshou:embedding:jbprbj","level":"debug","message":"缓存命中","timestamp":"2026-09-04 17:32:56"}
{"level":"debug","message":"使用缓存 [15/221]","timestamp":"2026-09-04 17:32:56"}
{"key":"manmanshou:embedding:wmc4n3","level":"debug","message":"缓存命中","timestamp":"2026-09-04 17:32:56"}
{"level":"debug","message":"使用缓存 [16/221]","timestamp":"2026-09-04 17:32:56"}
{"key":"manmanshou:embedding:c9hgkb","level":"debug","message":"缓存命中","timestamp":"2026-09-04 17:32:56"}
{"level":"debug","message":"使用缓存 [17/221]","timestamp":"2026-09-04 17:32:56"}
{"key":"manmanshou:embedding:hyowao","level":"debug","message":"缓存命中","timestamp":"2026-09-04 17:32:56"}
{"level":"debug","message":"使用缓存 [18/221]","timestamp":"2026-09-04 17:32:56"}
{"key":"manmanshou:embedding:whmwh8","level":"debug","message":"缓存命中","timestamp":"2026-09-04 17:32:56"}
{"level":"debug","message":"使用缓存 [19/221]","timestamp":"2026-09-04 17:32:56"}
{"key":"manmanshou:embedding:oi0lnf","level":"debug","message":"缓存命中","timestamp":"2026-09-04 17:32:56"}
{"level":"debug","message":"使用缓存 [20/221]","timestamp":"2026-09-04 17:32:56"}
{"level":"info","message":"已完成 20/221，暂停3秒...","timestamp":"2026-09-04 17:32:56"}
{"key":"manmanshou:embedding:fy77kl","level":"debug","message":"缓存命中","timestamp":"2026-09-04 17:32:59"}
{"level":"debug","message":"使用缓存 [21/221]","timestamp":"2026-09-04 17:32:59"}
{"key":"manmanshou:embedding:xs5dzi","level":"debug","message":"缓存命中","timestamp":"2026-09-04 17:32:59"}
{"level":"debug","message":"使用缓存 [22/221]","timestamp":"2026-09-04 17:32:59"}
{"key":"manmanshou:embedding:mmgl0l","level":"debug","message":"缓存命中","timestamp":"2026-09-04 17:32:59"}
{"level":"debug","message":"使用缓存 [23/221]","timestamp":"2026-09-04 17:32:59"}
{"key":"manmanshou:embedding:2qatuu","level":"debug","message":"缓存命中","timestamp":"2026-09-04 17:32:59"}
{"level":"debug","message":"使用缓存 [24/221]","timestamp":"2026-09-04 17:32:59"}
{"key":"manmanshou:embedding:3re39o","level":"debug","message":"缓存命中","timestamp":"2026-09-04 17:32:59"}
{"level":"debug","message":"使用缓存 [25/221]","timestamp":"2026-09-04 17:32:59"}
{"key":"manmanshou:embedding:wx7s6l","level":"debug","message":"缓存命中","timestamp":"2026-09-04 17:32:59"}
{"level":"debug","message":"使用缓存 [26/221]","timestamp":"2026-09-04 17:32:59"}
{"key":"manmanshou:embedding:l8khz0","level":"debug","message":"缓存命中","timestamp":"2026-09-04 17:32:59"}
{"level":"debug","message":"使用缓存 [27/221]","timestamp":"2026-09-04 17:32:59"}
{"key":"manmanshou:embedding:ulri4x","level":"debug","message":"缓存命中","timestamp":"2026-09-04 17:32:59"}
{"level":"debug","message":"使用缓存 [28/221]","timestamp":"2026-09-04 17:32:59"}
{"key":"manmanshou:embedding:kehern","level":"debug","message":"缓存命中","timestamp":"2026-09-04 17:32:59"}
{"level":"debug","message":"使用缓存 [29/221]","timestamp":"2026-09-04 17:32:59"}
{"key":"manmanshou:embedding:lun01n","level":"debug","message":"缓存命中","timestamp":"2026-09-04 17:32:59"}
{"level":"debug","message":"使用缓存 [30/221]","timestamp":"2026-09-04 17:32:59"}
{"level":"info","message":"已完成 30/221，暂停3秒...","timestamp":"2026-09-04 17:32:59"}
{"key":"manmanshou:embedding:auvbqg","level":"debug","message":"缓存命中","timestamp":"2026-09-04 17:33:02"}
{"level":"debug","message":"使用缓存 [31/221]","timestamp":"2026-09-04 17:33:02"}
{"key":"manmanshou:embedding:uab44o","level":"debug","message":"缓存命中","timestamp":"2026-09-04 17:33:02"}
{"level":"debug","message":"使用缓存 [32/221]","timestamp":"2026-09-04 17:33:02"}
{"key":"manmanshou:embedding:ac7oj8","level":"debug","message":"缓存命中","timestamp":"2026-09-04 17:33:02"}
{"level":"debug","message":"使用缓存 [33/221]","timestamp":"2026-09-04 17:33:02"}
{"key":"manmanshou:embedding:mwnxjc","level":"debug","message":"缓存命中","timestamp":"2026-09-04 17:33:02"}
{"level":"debug","message":"使用缓存 [34/221]","timestamp":"2026-09-04 17:33:02"}
{"key":"manmanshou:embedding:ha32vs","level":"debug","message":"缓存命中","timestamp":"2026-09-04 17:33:02"}
{"level":"debug","message":"使用缓存 [35/221]","timestamp":"2026-09-04 17:33:02"}
{"key":"manmanshou:embedding:kfibt8","level":"debug","message":"缓存命中","timestamp":"2026-09-04 17:33:02"}
{"level":"debug","message":"使用缓存 [36/221]","timestamp":"2026-09-04 17:33:02"}
{"key":"manmanshou:embedding:33pzax","level":"debug","message":"缓存命中","timestamp":"2026-09-04 17:33:02"}
{"level":"debug","message":"使用缓存 [37/221]","timestamp":"2026-09-04 17:33:02"}
{"key":"manmanshou:embedding:l67yir","level":"debug","message":"缓存命中","timestamp":"2026-09-04 17:33:02"}
{"level":"debug","message":"使用缓存 [38/221]","timestamp":"2026-09-04 17:33:02"}
{"key":"manmanshou:embedding:jlpktv","level":"debug","message":"缓存命中","timestamp":"2026-09-04 17:33:02"}
{"level":"debug","message":"使用缓存 [39/221]","timestamp":"2026-09-04 17:33:02"}
{"key":"manmanshou:embedding:w5kkzl","level":"debug","message":"缓存命中","timestamp":"2026-09-04 17:33:02"}
{"level":"debug","message":"使用缓存 [40/221]","timestamp":"2026-09-04 17:33:02"}
{"level":"info","message":"已完成 40/221，暂停3秒...","timestamp":"2026-09-04 17:33:02"}
{"key":"manmanshou:embedding:hbvwb6","level":"debug","message":"缓存命中","timestamp":"2026-09-04 17:33:05"}
{"level":"debug","message":"使用缓存 [41/221]","timestamp":"2026-09-04 17:33:05"}
{"key":"manmanshou:embedding:2xhr6e","level":"debug","message":"缓存命中","timestamp":"2026-09-04 17:33:05"}
{"level":"debug","message":"使用缓存 [42/221]","timestamp":"2026-09-04 17:33:05"}
{"key":"manmanshou:embedding:slhsow","level":"debug","message":"缓存命中","timestamp":"2026-09-04 17:33:05"}
{"level":"debug","message":"使用缓存 [43/221]","timestamp":"2026-09-04 17:33:05"}
{"key":"manmanshou:embedding:jxceyo","level":"debug","message":"缓存命中","timestamp":"2026-09-04 17:33:05"}
{"level":"debug","message":"使用缓存 [44/221]","timestamp":"2026-09-04 17:33:05"}
{"key":"manmanshou:embedding:eexbs9","level":"debug","message":"缓存命中","timestamp":"2026-09-04 17:33:05"}
{"level":"debug","message":"使用缓存 [45/221]","timestamp":"2026-09-04 17:33:05"}
{"key":"manmanshou:embedding:61foey","level":"debug","message":"缓存命中","timestamp":"2026-09-04 17:33:05"}
{"level":"debug","message":"使用缓存 [46/221]","timestamp":"2026-09-04 17:33:05"}
{"key":"manmanshou:embedding:4gt7zj","level":"debug","message":"缓存命中","timestamp":"2026-09-04 17:33:05"}
{"level":"debug","message":"使用缓存 [47/221]","timestamp":"2026-09-04 17:33:05"}
{"key":"manmanshou:embedding:vn72ut","level":"debug","message":"缓存命中","timestamp":"2026-09-04 17:33:05"}
{"level":"debug","message":"使用缓存 [48/221]","timestamp":"2026-09-04 17:33:05"}
{"key":"manmanshou:embedding:33axjy","level":"debug","message":"缓存命中","timestamp":"2026-09-04 17:33:05"}
{"level":"debug","message":"使用缓存 [49/221]","timestamp":"2026-09-04 17:33:05"}
{"key":"manmanshou:embedding:9n91bi","level":"debug","message":"缓存命中","timestamp":"2026-09-04 17:33:05"}
{"level":"debug","message":"使用缓存 [50/221]","timestamp":"2026-09-04 17:33:05"}
{"level":"info","message":"已完成 50/221，暂停3秒...","timestamp":"2026-09-04 17:33:05"}
{"key":"manmanshou:embedding:7x0y9f","level":"debug","message":"缓存命中","timestamp":"2026-09-04 17:33:08"}
{"level":"debug","message":"使用缓存 [51/221]","timestamp":"2026-09-04 17:33:08"}
{"key":"manmanshou:embedding:f22m0p","level":"debug","message":"缓存命中","timestamp":"2026-09-04 17:33:08"}
{"level":"debug","message":"使用缓存 [52/221]","timestamp":"2026-09-04 17:33:08"}
{"key":"manmanshou:embedding:uriuty","level":"debug","message":"缓存命中","timestamp":"2026-09-04 17:33:08"}
{"level":"debug","message":"使用缓存 [53/221]","timestamp":"2026-09-04 17:33:08"}
{"key":"manmanshou:embedding:ny3m9d","level":"debug","message":"缓存命中","timestamp":"2026-09-04 17:33:08"}
{"level":"debug","message":"使用缓存 [54/221]","timestamp":"2026-09-04 17:33:08"}
{"key":"manmanshou:embedding:ec0epw","level":"debug","message":"缓存命中","timestamp":"2026-09-04 17:33:08"}
{"level":"debug","message":"使用缓存 [55/221]","timestamp":"2026-09-04 17:33:08"}
{"key":"manmanshou:embedding:2e12z8","level":"debug","message":"缓存命中","timestamp":"2026-09-04 17:33:08"}
{"level":"debug","message":"使用缓存 [56/221]","timestamp":"2026-09-04 17:33:08"}
{"key":"manmanshou:embedding:uumya3","level":"debug","message":"缓存命中","timestamp":"2026-09-04 17:33:08"}
{"level":"debug","message":"使用缓存 [57/221]","timestamp":"2026-09-04 17:33:08"}
{"key":"manmanshou:embedding:83bne","level":"debug","message":"缓存命中","timestamp":"2026-09-04 17:33:08"}
{"level":"debug","message":"使用缓存 [58/221]","timestamp":"2026-09-04 17:33:08"}
{"key":"manmanshou:embedding:ul8yyl","level":"debug","message":"缓存命中","timestamp":"2026-09-04 17:33:08"}
{"level":"debug","message":"使用缓存 [59/221]","timestamp":"2026-09-04 17:33:08"}
{"key":"manmanshou:embedding:mizn8i","level":"debug","message":"缓存命中","timestamp":"2026-09-04 17:33:08"}
{"level":"debug","message":"使用缓存 [60/221]","timestamp":"2026-09-04 17:33:08"}
{"level":"info","message":"已完成 60/221，暂停3秒...","timestamp":"2026-09-04 17:33:08"}
{"key":"manmanshou:embedding:oxf5yv","level":"debug","message":"缓存命中","timestamp":"2026-09-04 17:33:11"}
{"level":"debug","message":"使用缓存 [61/221]","timestamp":"2026-09-04 17:33:11"}
{"key":"manmanshou:embedding:6nsyia","level":"debug","message":"缓存命中","timestamp":"2026-09-04 17:33:11"}
{"level":"debug","message":"使用缓存 [62/221]","timestamp":"2026-09-04 17:33:11"}
{"key":"manmanshou:embedding:nnma5g","level":"debug","message":"缓存命中","timestamp":"2026-09-04 17:33:11"}
{"level":"debug","message":"使用缓存 [63/221]","timestamp":"2026-09-04 17:33:11"}
{"key":"manmanshou:embedding:q4tvrh","level":"debug","message":"缓存命中","timestamp":"2026-09-04 17:33:11"}
{"level":"debug","message":"使用缓存 [64/221]","timestamp":"2026-09-04 17:33:11"}
{"key":"manmanshou:embedding:eaktak","level":"debug","message":"缓存命中","timestamp":"2026-09-04 17:33:11"}
{"level":"debug","message":"使用缓存 [65/221]","timestamp":"2026-09-04 17:33:11"}
{"key":"manmanshou:embedding:xjyt9d","level":"debug","message":"缓存命中","timestamp":"2026-09-04 17:33:11"}
{"level":"debug","message":"使用缓存 [66/221]","timestamp":"2026-09-04 17:33:11"}
{"key":"manmanshou:embedding:9d7cqv","level":"debug","message":"缓存命中","timestamp":"2026-09-04 17:33:11"}
{"level":"debug","message":"使用缓存 [67/221]","timestamp":"2026-09-04 17:33:11"}
{"key":"manmanshou:embedding:22ybuf","level":"debug","message":"缓存命中","timestamp":"2026-09-04 17:33:11"}
{"level":"debug","message":"使用缓存 [68/221]","timestamp":"2026-09-04 17:33:11"}
{"key":"manmanshou:embedding:eylpys","level":"debug","message":"缓存命中","timestamp":"2026-09-04 17:33:11"}
{"level":"debug","message":"使用缓存 [69/221]","timestamp":"2026-09-04 17:33:11"}
{"key":"manmanshou:embedding:93wwat","level":"debug","message":"缓存命中","timestamp":"2026-09-04 17:33:11"}
{"level":"debug","message":"使用缓存 [70/221]","timestamp":"2026-09-04 17:33:11"}
{"level":"info","message":"已完成 70/221，暂停3秒...","timestamp":"2026-09-04 17:33:11"}
{"key":"manmanshou:embedding:s0tuct","level":"debug","message":"缓存命中","timestamp":"2026-09-04 17:33:14"}
{"level":"debug","message":"使用缓存 [71/221]","timestamp":"2026-09-04 17:33:14"}
{"key":"manmanshou:embedding:3rw0pp","level":"debug","message":"缓存命中","timestamp":"2026-09-04 17:33:14"}
{"level":"debug","message":"使用缓存 [72/221]","timestamp":"2026-09-04 17:33:14"}
{"key":"manmanshou:embedding:5r407h","level":"debug","message":"缓存命中","timestamp":"2026-09-04 17:33:14"}
{"level":"debug","message":"使用缓存 [73/221]","timestamp":"2026-09-04 17:33:14"}
{"key":"manmanshou:embedding:415ue6","level":"debug","message":"缓存命中","timestamp":"2026-09-04 17:33:14"}
{"level":"debug","message":"使用缓存 [74/221]","timestamp":"2026-09-04 17:33:14"}
{"key":"manmanshou:embedding:z4h0pb","level":"debug","message":"缓存命中","timestamp":"2026-09-04 17:33:14"}
{"level":"debug","message":"使用缓存 [75/221]","timestamp":"2026-09-04 17:33:14"}
{"key":"manmanshou:embedding:u6c2ia","level":"debug","message":"缓存命中","timestamp":"2026-09-04 17:33:14"}
{"level":"debug","message":"使用缓存 [76/221]","timestamp":"2026-09-04 17:33:14"}
{"key":"manmanshou:embedding:q51qvg","level":"debug","message":"缓存命中","timestamp":"2026-09-04 17:33:14"}
{"level":"debug","message":"使用缓存 [77/221]","timestamp":"2026-09-04 17:33:14"}
{"key":"manmanshou:embedding:4ixth1","level":"debug","message":"缓存命中","timestamp":"2026-09-04 17:33:14"}
{"level":"debug","message":"使用缓存 [78/221]","timestamp":"2026-09-04 17:33:14"}
{"key":"manmanshou:embedding:djpexr","level":"debug","message":"缓存命中","timestamp":"2026-09-04 17:33:14"}
{"level":"debug","message":"使用缓存 [79/221]","timestamp":"2026-09-04 17:33:14"}
{"key":"manmanshou:embedding:vznxkh","level":"debug","message":"缓存命中","timestamp":"2026-09-04 17:33:14"}
{"level":"debug","message":"使用缓存 [80/221]","timestamp":"2026-09-04 17:33:14"}
{"level":"info","message":"已完成 80/221，暂停3秒...","timestamp":"2026-09-04 17:33:14"}
{"key":"manmanshou:embedding:cl8ctz","level":"debug","message":"缓存命中","timestamp":"2026-09-04 17:33:17"}
{"level":"debug","message":"使用缓存 [81/221]","timestamp":"2026-09-04 17:33:17"}
{"key":"manmanshou:embedding:rpdcvk","level":"debug","message":"缓存命中","timestamp":"2026-09-04 17:33:17"}
{"level":"debug","message":"使用缓存 [82/221]","timestamp":"2026-09-04 17:33:17"}
{"key":"manmanshou:embedding:k4c88r","level":"debug","message":"缓存命中","timestamp":"2026-09-04 17:33:17"}
{"level":"debug","message":"使用缓存 [83/221]","timestamp":"2026-09-04 17:33:17"}
{"key":"manmanshou:embedding:je8wxn","level":"debug","message":"缓存命中","timestamp":"2026-09-04 17:33:17"}
{"level":"debug","message":"使用缓存 [84/221]","timestamp":"2026-09-04 17:33:17"}
{"key":"manmanshou:embedding:aj1ry3","level":"debug","message":"缓存命中","timestamp":"2026-09-04 17:33:17"}
{"level":"debug","message":"使用缓存 [85/221]","timestamp":"2026-09-04 17:33:17"}
{"key":"manmanshou:embedding:dmuokg","level":"debug","message":"缓存命中","timestamp":"2026-09-04 17:33:17"}
{"level":"debug","message":"使用缓存 [86/221]","timestamp":"2026-09-04 17:33:17"}
{"key":"manmanshou:embedding:pijosn","level":"debug","message":"缓存命中","timestamp":"2026-09-04 17:33:17"}
{"level":"debug","message":"使用缓存 [87/221]","timestamp":"2026-09-04 17:33:17"}
{"key":"manmanshou:embedding:80zz5e","level":"debug","message":"缓存命中","timestamp":"2026-09-04 17:33:17"}
{"level":"debug","message":"使用缓存 [88/221]","timestamp":"2026-09-04 17:33:17"}
{"key":"manmanshou:embedding:tg75be","level":"debug","message":"缓存命中","timestamp":"2026-09-04 17:33:17"}
{"level":"debug","message":"使用缓存 [89/221]","timestamp":"2026-09-04 17:33:17"}
{"key":"manmanshou:embedding:ndnf54","level":"debug","message":"缓存命中","timestamp":"2026-09-04 17:33:17"}
{"level":"debug","message":"使用缓存 [90/221]","timestamp":"2026-09-04 17:33:17"}
{"level":"info","message":"已完成 90/221，暂停3秒...","timestamp":"2026-09-04 17:33:17"}
{"key":"manmanshou:embedding:7twa35","level":"debug","message":"缓存命中","timestamp":"2026-09-04 17:33:20"}
{"level":"debug","message":"使用缓存 [91/221]","timestamp":"2026-09-04 17:33:20"}
{"key":"manmanshou:embedding:4x0h6r","level":"debug","message":"缓存命中","timestamp":"2026-09-04 17:33:20"}
{"level":"debug","message":"使用缓存 [92/221]","timestamp":"2026-09-04 17:33:20"}
{"key":"manmanshou:embedding:f9dai4","level":"debug","message":"缓存命中","timestamp":"2026-09-04 17:33:20"}
{"level":"debug","message":"使用缓存 [93/221]","timestamp":"2026-09-04 17:33:20"}
{"key":"manmanshou:embedding:khydh8","level":"debug","message":"缓存命中","timestamp":"2026-09-04 17:33:20"}
{"level":"debug","message":"使用缓存 [94/221]","timestamp":"2026-09-04 17:33:20"}
{"key":"manmanshou:embedding:nd3sm6","level":"debug","message":"缓存命中","timestamp":"2026-09-04 17:33:20"}
{"level":"debug","message":"使用缓存 [95/221]","timestamp":"2026-09-04 17:33:20"}
{"key":"manmanshou:embedding:xm2mij","level":"debug","message":"缓存命中","timestamp":"2026-09-04 17:33:20"}
{"level":"debug","message":"使用缓存 [96/221]","timestamp":"2026-09-04 17:33:20"}
{"key":"manmanshou:embedding:askahf","level":"debug","message":"缓存命中","timestamp":"2026-09-04 17:33:20"}
{"level":"debug","message":"使用缓存 [97/221]","timestamp":"2026-09-04 17:33:20"}
{"key":"manmanshou:embedding:ilcxs4","level":"debug","message":"缓存命中","timestamp":"2026-09-04 17:33:20"}
{"level":"debug","message":"使用缓存 [98/221]","timestamp":"2026-09-04 17:33:20"}
{"key":"manmanshou:embedding:qnell","level":"debug","message":"缓存命中","timestamp":"2026-09-04 17:33:20"}
{"level":"debug","message":"使用缓存 [99/221]","timestamp":"2026-09-04 17:33:20"}
{"key":"manmanshou:embedding:vdaggc","level":"debug","message":"缓存命中","timestamp":"2026-09-04 17:33:20"}
{"level":"debug","message":"使用缓存 [100/221]","timestamp":"2026-09-04 17:33:20"}
{"level":"info","message":"已完成 100/221，暂停3秒...","timestamp":"2026-09-04 17:33:20"}
{"key":"manmanshou:embedding:pmmr8","level":"debug","message":"缓存命中","timestamp":"2026-09-04 17:33:23"}
{"level":"debug","message":"使用缓存 [101/221]","timestamp":"2026-09-04 17:33:23"}
{"key":"manmanshou:embedding:u2c1ei","level":"debug","message":"缓存命中","timestamp":"2026-09-04 17:33:23"}
{"level":"debug","message":"使用缓存 [102/221]","timestamp":"2026-09-04 17:33:23"}
{"key":"manmanshou:embedding:akj3c8","level":"debug","message":"缓存命中","timestamp":"2026-09-04 17:33:23"}
{"level":"debug","message":"使用缓存 [103/221]","timestamp":"2026-09-04 17:33:23"}
{"key":"manmanshou:embedding:ujv7fp","level":"debug","message":"缓存命中","timestamp":"2026-09-04 17:33:23"}
{"level":"debug","message":"使用缓存 [104/221]","timestamp":"2026-09-04 17:33:23"}
{"key":"manmanshou:embedding:za54sy","level":"debug","message":"缓存命中","timestamp":"2026-09-04 17:33:23"}
{"level":"debug","message":"使用缓存 [105/221]","timestamp":"2026-09-04 17:33:23"}
{"key":"manmanshou:embedding:qpn5nk","level":"debug","message":"缓存命中","timestamp":"2026-09-04 17:33:23"}
{"level":"debug","message":"使用缓存 [106/221]","timestamp":"2026-09-04 17:33:23"}
{"key":"manmanshou:embedding:uesy25","level":"debug","message":"缓存命中","timestamp":"2026-09-04 17:33:23"}
{"level":"debug","message":"使用缓存 [107/221]","timestamp":"2026-09-04 17:33:23"}
{"key":"manmanshou:embedding:biauyt","level":"debug","message":"缓存命中","timestamp":"2026-09-04 17:33:23"}
{"level":"debug","message":"使用缓存 [108/221]","timestamp":"2026-09-04 17:33:23"}
{"key":"manmanshou:embedding:n14hvp","level":"debug","message":"缓存命中","timestamp":"2026-09-04 17:33:23"}
{"level":"debug","message":"使用缓存 [109/221]","timestamp":"2026-09-04 17:33:23"}
{"key":"manmanshou:embedding:k1ee8s","level":"debug","message":"缓存命中","timestamp":"2026-09-04 17:33:23"}
{"level":"debug","message":"使用缓存 [110/221]","timestamp":"2026-09-04 17:33:23"}
{"level":"info","message":"已完成 110/221，暂停3秒...","timestamp":"2026-09-04 17:33:23"}
{"key":"manmanshou:embedding:qewbfd","level":"debug","message":"缓存命中","timestamp":"2026-09-04 17:33:26"}
{"level":"debug","message":"使用缓存 [111/221]","timestamp":"2026-09-04 17:33:26"}
{"key":"manmanshou:embedding:d6q9cf","level":"debug","message":"缓存命中","timestamp":"2026-09-04 17:33:26"}
{"level":"debug","message":"使用缓存 [112/221]","timestamp":"2026-09-04 17:33:26"}
{"key":"manmanshou:embedding:nwg7wc","level":"debug","message":"缓存命中","timestamp":"2026-09-04 17:33:26"}
{"level":"debug","message":"使用缓存 [113/221]","timestamp":"2026-09-04 17:33:26"}
{"key":"manmanshou:embedding:7u2fb9","level":"debug","message":"缓存命中","timestamp":"2026-09-04 17:33:26"}
{"level":"debug","message":"使用缓存 [114/221]","timestamp":"2026-09-04 17:33:26"}
{"key":"manmanshou:embedding:8ijijm","level":"debug","message":"缓存命中","timestamp":"2026-09-04 17:33:26"}
{"level":"debug","message":"使用缓存 [115/221]","timestamp":"2026-09-04 17:33:26"}
{"key":"manmanshou:embedding:oqimh6","level":"debug","message":"缓存命中","timestamp":"2026-09-04 17:33:26"}
{"level":"debug","message":"使用缓存 [116/221]","timestamp":"2026-09-04 17:33:26"}
{"key":"manmanshou:embedding:33thj8","level":"debug","message":"缓存命中","timestamp":"2026-09-04 17:33:26"}
{"level":"debug","message":"使用缓存 [117/221]","timestamp":"2026-09-04 17:33:26"}
{"key":"manmanshou:embedding:6pl4fv","level":"debug","message":"缓存命中","timestamp":"2026-09-04 17:33:26"}
{"level":"debug","message":"使用缓存 [118/221]","timestamp":"2026-09-04 17:33:26"}
{"key":"manmanshou:embedding:og0q5c","level":"debug","message":"缓存命中","timestamp":"2026-09-04 17:33:26"}
{"level":"debug","message":"使用缓存 [119/221]","timestamp":"2026-09-04 17:33:26"}
{"key":"manmanshou:embedding:jszl3s","level":"debug","message":"缓存命中","timestamp":"2026-09-04 17:33:26"}
{"level":"debug","message":"使用缓存 [120/221]","timestamp":"2026-09-04 17:33:26"}
{"level":"info","message":"已完成 120/221，暂停3秒...","timestamp":"2026-09-04 17:33:26"}
{"key":"manmanshou:embedding:yh0vmz","level":"debug","message":"缓存命中","timestamp":"2026-09-04 17:33:29"}
{"level":"debug","message":"使用缓存 [121/221]","timestamp":"2026-09-04 17:33:29"}
{"key":"manmanshou:embedding:3ai4n","level":"debug","message":"缓存命中","timestamp":"2026-09-04 17:33:29"}
{"level":"debug","message":"使用缓存 [122/221]","timestamp":"2026-09-04 17:33:29"}
{"key":"manmanshou:embedding:1i0rz2","level":"debug","message":"缓存命中","timestamp":"2026-09-04 17:33:29"}
{"level":"debug","message":"使用缓存 [123/221]","timestamp":"2026-09-04 17:33:29"}
{"key":"manmanshou:embedding:doowux","level":"debug","message":"缓存命中","timestamp":"2026-09-04 17:33:29"}
{"level":"debug","message":"使用缓存 [124/221]","timestamp":"2026-09-04 17:33:29"}
{"key":"manmanshou:embedding:2ev5rx","level":"debug","message":"缓存命中","timestamp":"2026-09-04 17:33:29"}
{"level":"debug","message":"使用缓存 [125/221]","timestamp":"2026-09-04 17:33:29"}
{"key":"manmanshou:embedding:ouwktp","level":"debug","message":"缓存命中","timestamp":"2026-09-04 17:33:29"}
{"level":"debug","message":"使用缓存 [126/221]","timestamp":"2026-09-04 17:33:29"}
{"key":"manmanshou:embedding:qmjcyf","level":"debug","message":"缓存命中","timestamp":"2026-09-04 17:33:29"}
{"level":"debug","message":"使用缓存 [127/221]","timestamp":"2026-09-04 17:33:29"}
{"key":"manmanshou:embedding:jtug4t","level":"debug","message":"缓存命中","timestamp":"2026-09-04 17:33:29"}
{"level":"debug","message":"使用缓存 [128/221]","timestamp":"2026-09-04 17:33:29"}
{"key":"manmanshou:embedding:yliijd","level":"debug","message":"缓存命中","timestamp":"2026-09-04 17:33:29"}
{"level":"debug","message":"使用缓存 [129/221]","timestamp":"2026-09-04 17:33:29"}
{"key":"manmanshou:embedding:a39sq","level":"debug","message":"缓存命中","timestamp":"2026-09-04 17:33:29"}
{"level":"debug","message":"使用缓存 [130/221]","timestamp":"2026-09-04 17:33:29"}
{"level":"info","message":"已完成 130/221，暂停3秒...","timestamp":"2026-09-04 17:33:29"}
{"key":"manmanshou:embedding:vzqjin","level":"debug","message":"缓存命中","timestamp":"2026-09-04 17:33:32"}
{"level":"debug","message":"使用缓存 [131/221]","timestamp":"2026-09-04 17:33:32"}
{"key":"manmanshou:embedding:kainzy","level":"debug","message":"缓存命中","timestamp":"2026-09-04 17:33:32"}
{"level":"debug","message":"使用缓存 [132/221]","timestamp":"2026-09-04 17:33:32"}
{"key":"manmanshou:embedding:if551q","level":"debug","message":"缓存命中","timestamp":"2026-09-04 17:33:32"}
{"level":"debug","message":"使用缓存 [133/221]","timestamp":"2026-09-04 17:33:32"}
{"key":"manmanshou:embedding:9e1fnl","level":"debug","message":"缓存命中","timestamp":"2026-09-04 17:33:32"}
{"level":"debug","message":"使用缓存 [134/221]","timestamp":"2026-09-04 17:33:32"}
{"key":"manmanshou:embedding:mye0nu","level":"debug","message":"缓存命中","timestamp":"2026-09-04 17:33:32"}
{"level":"debug","message":"使用缓存 [135/221]","timestamp":"2026-09-04 17:33:32"}
{"key":"manmanshou:embedding:fzfa7j","level":"debug","message":"缓存命中","timestamp":"2026-09-04 17:33:32"}
{"level":"debug","message":"使用缓存 [136/221]","timestamp":"2026-09-04 17:33:32"}
{"key":"manmanshou:embedding:mwkfdq","level":"debug","message":"缓存命中","timestamp":"2026-09-04 17:33:32"}
{"level":"debug","message":"使用缓存 [137/221]","timestamp":"2026-09-04 17:33:32"}
{"key":"manmanshou:embedding:vpuhjn","level":"debug","message":"缓存命中","timestamp":"2026-09-04 17:33:32"}
{"level":"debug","message":"使用缓存 [138/221]","timestamp":"2026-09-04 17:33:32"}
{"key":"manmanshou:embedding:ggxrlx","level":"debug","message":"缓存命中","timestamp":"2026-09-04 17:33:32"}
{"level":"debug","message":"使用缓存 [139/221]","timestamp":"2026-09-04 17:33:32"}
{"key":"manmanshou:embedding:g84wrl","level":"debug","message":"缓存命中","timestamp":"2026-09-04 17:33:32"}
{"level":"debug","message":"使用缓存 [140/221]","timestamp":"2026-09-04 17:33:32"}
{"level":"info","message":"已完成 140/221，暂停3秒...","timestamp":"2026-09-04 17:33:32"}
{"key":"manmanshou:embedding:5k2y19","level":"debug","message":"缓存命中","timestamp":"2026-09-04 17:33:35"}
{"level":"debug","message":"使用缓存 [141/221]","timestamp":"2026-09-04 17:33:35"}
{"key":"manmanshou:embedding:jx184s","level":"debug","message":"缓存命中","timestamp":"2026-09-04 17:33:35"}
{"level":"debug","message":"使用缓存 [142/221]","timestamp":"2026-09-04 17:33:35"}
{"key":"manmanshou:embedding:cy5hkj","level":"debug","message":"缓存命中","timestamp":"2026-09-04 17:33:35"}
{"level":"debug","message":"使用缓存 [143/221]","timestamp":"2026-09-04 17:33:35"}
{"key":"manmanshou:embedding:v9ezsu","level":"debug","message":"缓存命中","timestamp":"2026-09-04 17:33:35"}
{"level":"debug","message":"使用缓存 [144/221]","timestamp":"2026-09-04 17:33:35"}
{"key":"manmanshou:embedding:174af5","level":"debug","message":"缓存命中","timestamp":"2026-09-04 17:33:35"}
{"level":"debug","message":"使用缓存 [145/221]","timestamp":"2026-09-04 17:33:35"}
{"key":"manmanshou:embedding:ripquy","level":"debug","message":"缓存命中","timestamp":"2026-09-04 17:33:35"}
{"level":"debug","message":"使用缓存 [146/221]","timestamp":"2026-09-04 17:33:35"}
{"key":"manmanshou:embedding:zanzge","level":"debug","message":"缓存命中","timestamp":"2026-09-04 17:33:35"}
{"level":"debug","message":"使用缓存 [147/221]","timestamp":"2026-09-04 17:33:35"}
{"key":"manmanshou:embedding:d3ksls","level":"debug","message":"缓存命中","timestamp":"2026-09-04 17:33:35"}
{"level":"debug","message":"使用缓存 [148/221]","timestamp":"2026-09-04 17:33:35"}
{"key":"manmanshou:embedding:1zouax","level":"debug","message":"缓存命中","timestamp":"2026-09-04 17:33:35"}
{"level":"debug","message":"使用缓存 [149/221]","timestamp":"2026-09-04 17:33:35"}
{"key":"manmanshou:embedding:lvkw4o","level":"debug","message":"缓存命中","timestamp":"2026-09-04 17:33:35"}
{"level":"debug","message":"使用缓存 [150/221]","timestamp":"2026-09-04 17:33:35"}
{"level":"info","message":"已完成 150/221，暂停3秒...","timestamp":"2026-09-04 17:33:35"}
{"key":"manmanshou:embedding:w3uyew","level":"debug","message":"缓存命中","timestamp":"2026-09-04 17:33:38"}
{"level":"debug","message":"使用缓存 [151/221]","timestamp":"2026-09-04 17:33:38"}
{"key":"manmanshou:embedding:wjcoay","level":"debug","message":"缓存命中","timestamp":"2026-09-04 17:33:38"}
{"level":"debug","message":"使用缓存 [152/221]","timestamp":"2026-09-04 17:33:38"}
{"key":"manmanshou:embedding:mgijrr","level":"debug","message":"缓存命中","timestamp":"2026-09-04 17:33:38"}
{"level":"debug","message":"使用缓存 [153/221]","timestamp":"2026-09-04 17:33:38"}
{"key":"manmanshou:embedding:llq8se","level":"debug","message":"缓存命中","timestamp":"2026-09-04 17:33:38"}
{"level":"debug","message":"使用缓存 [154/221]","timestamp":"2026-09-04 17:33:38"}
{"key":"manmanshou:embedding:ica6n0","level":"debug","message":"缓存命中","timestamp":"2026-09-04 17:33:38"}
{"level":"debug","message":"使用缓存 [155/221]","timestamp":"2026-09-04 17:33:38"}
{"key":"manmanshou:embedding:ghg2r2","level":"debug","message":"缓存命中","timestamp":"2026-09-04 17:33:38"}
{"level":"debug","message":"使用缓存 [156/221]","timestamp":"2026-09-04 17:33:38"}
{"key":"manmanshou:embedding:qck2iu","level":"debug","message":"缓存命中","timestamp":"2026-09-04 17:33:38"}
{"level":"debug","message":"使用缓存 [157/221]","timestamp":"2026-09-04 17:33:38"}
{"key":"manmanshou:embedding:wuizim","level":"debug","message":"缓存命中","timestamp":"2026-09-04 17:33:38"}
{"level":"debug","message":"使用缓存 [158/221]","timestamp":"2026-09-04 17:33:38"}
{"key":"manmanshou:embedding:a1kbrq","level":"debug","message":"缓存命中","timestamp":"2026-09-04 17:33:38"}
{"level":"debug","message":"使用缓存 [159/221]","timestamp":"2026-09-04 17:33:38"}
{"key":"manmanshou:embedding:kcn72c","level":"debug","message":"缓存命中","timestamp":"2026-09-04 17:33:38"}
{"level":"debug","message":"使用缓存 [160/221]","timestamp":"2026-09-04 17:33:38"}
{"level":"info","message":"已完成 160/221，暂停3秒...","timestamp":"2026-09-04 17:33:38"}
{"key":"manmanshou:embedding:aii3wu","level":"debug","message":"缓存命中","timestamp":"2026-09-04 17:33:41"}
{"level":"debug","message":"使用缓存 [161/221]","timestamp":"2026-09-04 17:33:41"}
{"key":"manmanshou:embedding:d8x80i","level":"debug","message":"缓存命中","timestamp":"2026-09-04 17:33:41"}
{"level":"debug","message":"使用缓存 [162/221]","timestamp":"2026-09-04 17:33:41"}
{"key":"manmanshou:embedding:6s85aq","level":"debug","message":"缓存命中","timestamp":"2026-09-04 17:33:41"}
{"level":"debug","message":"使用缓存 [163/221]","timestamp":"2026-09-04 17:33:41"}
{"key":"manmanshou:embedding:94ezvs","level":"debug","message":"缓存命中","timestamp":"2026-09-04 17:33:41"}
{"level":"debug","message":"使用缓存 [164/221]","timestamp":"2026-09-04 17:33:41"}
{"key":"manmanshou:embedding:9cjfr4","level":"debug","message":"缓存命中","timestamp":"2026-09-04 17:33:41"}
{"level":"debug","message":"使用缓存 [165/221]","timestamp":"2026-09-04 17:33:41"}
{"key":"manmanshou:embedding:tg7us8","level":"debug","message":"缓存命中","timestamp":"2026-09-04 17:33:41"}
{"level":"debug","message":"使用缓存 [166/221]","timestamp":"2026-09-04 17:33:41"}
{"key":"manmanshou:embedding:2x6h0k","level":"debug","message":"缓存命中","timestamp":"2026-09-04 17:33:41"}
{"level":"debug","message":"使用缓存 [167/221]","timestamp":"2026-09-04 17:33:41"}
{"key":"manmanshou:embedding:ap2gfk","level":"debug","message":"缓存命中","timestamp":"2026-09-04 17:33:42"}
{"level":"debug","message":"使用缓存 [168/221]","timestamp":"2026-09-04 17:33:42"}
{"key":"manmanshou:embedding:rzddqs","level":"debug","message":"缓存命中","timestamp":"2026-09-04 17:33:42"}
{"level":"debug","message":"使用缓存 [169/221]","timestamp":"2026-09-04 17:33:42"}
{"key":"manmanshou:embedding:2sh5vu","level":"debug","message":"缓存命中","timestamp":"2026-09-04 17:33:42"}
{"level":"debug","message":"使用缓存 [170/221]","timestamp":"2026-09-04 17:33:42"}
{"level":"info","message":"已完成 170/221，暂停3秒...","timestamp":"2026-09-04 17:33:42"}
{"key":"manmanshou:embedding:cla14t","level":"debug","message":"缓存命中","timestamp":"2026-09-04 17:33:45"}
{"level":"debug","message":"使用缓存 [171/221]","timestamp":"2026-09-04 17:33:45"}
{"key":"manmanshou:embedding:17bzoa","level":"debug","message":"缓存命中","timestamp":"2026-09-04 17:33:45"}
{"level":"debug","message":"使用缓存 [172/221]","timestamp":"2026-09-04 17:33:45"}
{"key":"manmanshou:embedding:onk77x","level":"debug","message":"缓存命中","timestamp":"2026-09-04 17:33:45"}
{"level":"debug","message":"使用缓存 [173/221]","timestamp":"2026-09-04 17:33:45"}
{"key":"manmanshou:embedding:qdwdw8","level":"debug","message":"缓存命中","timestamp":"2026-09-04 17:33:45"}
{"level":"debug","message":"使用缓存 [174/221]","timestamp":"2026-09-04 17:33:45"}
{"key":"manmanshou:embedding:gfwuew","level":"debug","message":"缓存命中","timestamp":"2026-09-04 17:33:45"}
{"level":"debug","message":"使用缓存 [175/221]","timestamp":"2026-09-04 17:33:45"}
{"key":"manmanshou:embedding:e0c3h7","level":"debug","message":"缓存命中","timestamp":"2026-09-04 17:33:45"}
{"level":"debug","message":"使用缓存 [176/221]","timestamp":"2026-09-04 17:33:45"}
{"key":"manmanshou:embedding:fesssm","level":"debug","message":"缓存命中","timestamp":"2026-09-04 17:33:45"}
{"level":"debug","message":"使用缓存 [177/221]","timestamp":"2026-09-04 17:33:45"}
{"key":"manmanshou:embedding:goqra7","level":"debug","message":"缓存命中","timestamp":"2026-09-04 17:33:45"}
{"level":"debug","message":"使用缓存 [178/221]","timestamp":"2026-09-04 17:33:45"}
{"key":"manmanshou:embedding:z6ley6","level":"debug","message":"缓存命中","timestamp":"2026-09-04 17:33:45"}
{"level":"debug","message":"使用缓存 [179/221]","timestamp":"2026-09-04 17:33:45"}
{"key":"manmanshou:embedding:y2ki7n","level":"debug","message":"缓存命中","timestamp":"2026-09-04 17:33:45"}
{"level":"debug","message":"使用缓存 [180/221]","timestamp":"2026-09-04 17:33:45"}
{"level":"info","message":"已完成 180/221，暂停3秒...","timestamp":"2026-09-04 17:33:45"}
{"key":"manmanshou:embedding:2ba7q7","level":"debug","message":"缓存命中","timestamp":"2026-09-04 17:33:48"}
{"level":"debug","message":"使用缓存 [181/221]","timestamp":"2026-09-04 17:33:48"}
{"key":"manmanshou:embedding:7ss57b","level":"debug","message":"缓存命中","timestamp":"2026-09-04 17:33:48"}
{"level":"debug","message":"使用缓存 [182/221]","timestamp":"2026-09-04 17:33:48"}
{"key":"manmanshou:embedding:d7v9x5","level":"debug","message":"缓存命中","timestamp":"2026-09-04 17:33:48"}
{"level":"debug","message":"使用缓存 [183/221]","timestamp":"2026-09-04 17:33:48"}
{"key":"manmanshou:embedding:bvk9dz","level":"debug","message":"缓存命中","timestamp":"2026-09-04 17:33:48"}
{"level":"debug","message":"使用缓存 [184/221]","timestamp":"2026-09-04 17:33:48"}
{"key":"manmanshou:embedding:135y6o","level":"debug","message":"缓存命中","timestamp":"2026-09-04 17:33:48"}
{"level":"debug","message":"使用缓存 [185/221]","timestamp":"2026-09-04 17:33:48"}
{"key":"manmanshou:embedding:3sgepf","level":"debug","message":"缓存命中","timestamp":"2026-09-04 17:33:48"}
{"level":"debug","message":"使用缓存 [186/221]","timestamp":"2026-09-04 17:33:48"}
{"key":"manmanshou:embedding:5lbpl8","level":"debug","message":"缓存命中","timestamp":"2026-09-04 17:33:48"}
{"level":"debug","message":"使用缓存 [187/221]","timestamp":"2026-09-04 17:33:48"}
{"key":"manmanshou:embedding:ftckbm","level":"debug","message":"缓存命中","timestamp":"2026-09-04 17:33:48"}
{"level":"debug","message":"使用缓存 [188/221]","timestamp":"2026-09-04 17:33:48"}
{"key":"manmanshou:embedding:g6xh7b","level":"debug","message":"缓存命中","timestamp":"2026-09-04 17:33:48"}
{"level":"debug","message":"使用缓存 [189/221]","timestamp":"2026-09-04 17:33:48"}
{"key":"manmanshou:embedding:uaxl1n","level":"debug","message":"缓存命中","timestamp":"2026-09-04 17:33:48"}
{"level":"debug","message":"使用缓存 [190/221]","timestamp":"2026-09-04 17:33:48"}
{"level":"info","message":"已完成 190/221，暂停3秒...","timestamp":"2026-09-04 17:33:48"}
{"key":"manmanshou:embedding:le5jiu","level":"debug","message":"缓存命中","timestamp":"2026-09-04 17:33:51"}
{"level":"debug","message":"使用缓存 [191/221]","timestamp":"2026-09-04 17:33:51"}
{"key":"manmanshou:embedding:lwjyq4","level":"debug","message":"缓存命中","timestamp":"2026-09-04 17:33:51"}
{"level":"debug","message":"使用缓存 [192/221]","timestamp":"2026-09-04 17:33:51"}
{"key":"manmanshou:embedding:drv1ir","level":"debug","message":"缓存命中","timestamp":"2026-09-04 17:33:51"}
{"level":"debug","message":"使用缓存 [193/221]","timestamp":"2026-09-04 17:33:51"}
{"key":"manmanshou:embedding:o2gg79","level":"debug","message":"缓存命中","timestamp":"2026-09-04 17:33:51"}
{"level":"debug","message":"使用缓存 [194/221]","timestamp":"2026-09-04 17:33:51"}
{"key":"manmanshou:embedding:orj66c","level":"debug","message":"缓存命中","timestamp":"2026-09-04 17:33:51"}
{"level":"debug","message":"使用缓存 [195/221]","timestamp":"2026-09-04 17:33:51"}
{"key":"manmanshou:embedding:vz9jv7","level":"debug","message":"缓存命中","timestamp":"2026-09-04 17:33:51"}
{"level":"debug","message":"使用缓存 [196/221]","timestamp":"2026-09-04 17:33:51"}
{"key":"manmanshou:embedding:lemsbt","level":"debug","message":"缓存命中","timestamp":"2026-09-04 17:33:51"}
{"level":"debug","message":"使用缓存 [197/221]","timestamp":"2026-09-04 17:33:51"}
{"key":"manmanshou:embedding:ljp19w","level":"debug","message":"缓存命中","timestamp":"2026-09-04 17:33:51"}
{"level":"debug","message":"使用缓存 [198/221]","timestamp":"2026-09-04 17:33:51"}
{"key":"manmanshou:embedding:xaxhwx","level":"debug","message":"缓存命中","timestamp":"2026-09-04 17:33:51"}
{"level":"debug","message":"使用缓存 [199/221]","timestamp":"2026-09-04 17:33:51"}
{"key":"manmanshou:embedding:2s6q6s","level":"debug","message":"缓存命中","timestamp":"2026-09-04 17:33:51"}
{"level":"debug","message":"使用缓存 [200/221]","timestamp":"2026-09-04 17:33:51"}
{"level":"info","message":"已完成 200/221，暂停3秒...","timestamp":"2026-09-04 17:33:51"}
{"key":"manmanshou:embedding:9whmxe","level":"debug","message":"缓存命中","timestamp":"2026-09-04 17:33:54"}
{"level":"debug","message":"使用缓存 [201/221]","timestamp":"2026-09-04 17:33:54"}
{"key":"manmanshou:embedding:ps7pd8","level":"debug","message":"缓存命中","timestamp":"2026-09-04 17:33:54"}
{"level":"debug","message":"使用缓存 [202/221]","timestamp":"2026-09-04 17:33:54"}
{"key":"manmanshou:embedding:te00sh","level":"debug","message":"缓存命中","timestamp":"2026-09-04 17:33:54"}
{"level":"debug","message":"使用缓存 [203/221]","timestamp":"2026-09-04 17:33:54"}
{"key":"manmanshou:embedding:v776vs","level":"debug","message":"缓存命中","timestamp":"2026-09-04 17:33:54"}
{"level":"debug","message":"使用缓存 [204/221]","timestamp":"2026-09-04 17:33:54"}
{"key":"manmanshou:embedding:yqnm2h","level":"debug","message":"缓存命中","timestamp":"2026-09-04 17:33:54"}
{"level":"debug","message":"使用缓存 [205/221]","timestamp":"2026-09-04 17:33:54"}
{"key":"manmanshou:embedding:lyknk4","level":"debug","message":"缓存命中","timestamp":"2026-09-04 17:33:54"}
{"level":"debug","message":"使用缓存 [206/221]","timestamp":"2026-09-04 17:33:54"}
{"key":"manmanshou:embedding:1wip90","level":"debug","message":"缓存命中","timestamp":"2026-09-04 17:33:54"}
{"level":"debug","message":"使用缓存 [207/221]","timestamp":"2026-09-04 17:33:54"}
{"key":"manmanshou:embedding:ep4hhg","level":"debug","message":"缓存命中","timestamp":"2026-09-04 17:33:54"}
{"level":"debug","message":"使用缓存 [208/221]","timestamp":"2026-09-04 17:33:54"}
{"key":"manmanshou:embedding:j8o37i","level":"debug","message":"缓存命中","timestamp":"2026-09-04 17:33:54"}
{"level":"debug","message":"使用缓存 [209/221]","timestamp":"2026-09-04 17:33:54"}
{"key":"manmanshou:embedding:rks3na","level":"debug","message":"缓存命中","timestamp":"2026-09-04 17:33:54"}
{"level":"debug","message":"使用缓存 [210/221]","timestamp":"2026-09-04 17:33:54"}
{"level":"info","message":"已完成 210/221，暂停3秒...","timestamp":"2026-09-04 17:33:54"}
{"key":"manmanshou:embedding:ylr78t","level":"debug","message":"缓存命中","timestamp":"2026-09-04 17:33:57"}
{"level":"debug","message":"使用缓存 [211/221]","timestamp":"2026-09-04 17:33:57"}
{"key":"manmanshou:embedding:l3ne9q","level":"debug","message":"缓存命中","timestamp":"2026-09-04 17:33:57"}
{"level":"debug","message":"使用缓存 [212/221]","timestamp":"2026-09-04 17:33:57"}
{"key":"manmanshou:embedding:83z4dp","level":"debug","message":"缓存命中","timestamp":"2026-09-04 17:33:57"}
{"level":"debug","message":"使用缓存 [213/221]","timestamp":"2026-09-04 17:33:57"}
{"key":"manmanshou:embedding:u6conv","level":"debug","message":"缓存命中","timestamp":"2026-09-04 17:33:57"}
{"level":"debug","message":"使用缓存 [214/221]","timestamp":"2026-09-04 17:33:57"}
{"key":"manmanshou:embedding:xdhb5p","level":"debug","message":"缓存命中","timestamp":"2026-09-04 17:33:57"}
{"level":"debug","message":"使用缓存 [215/221]","timestamp":"2026-09-04 17:33:57"}
{"key":"manmanshou:embedding:n4yojs","level":"debug","message":"缓存命中","timestamp":"2026-09-04 17:33:57"}
{"level":"debug","message":"使用缓存 [216/221]","timestamp":"2026-09-04 17:33:57"}
{"key":"manmanshou:embedding:gtx955","level":"debug","message":"缓存命中","timestamp":"2026-09-04 17:33:57"}
{"level":"debug","message":"使用缓存 [217/221]","timestamp":"2026-09-04 17:33:57"}
{"key":"manmanshou:embedding:63rfrf","level":"debug","message":"缓存命中","timestamp":"2026-09-04 17:33:57"}
{"level":"debug","message":"使用缓存 [218/221]","timestamp":"2026-09-04 17:33:57"}
{"key":"manmanshou:embedding:bhgu9p","level":"debug","message":"缓存命中","timestamp":"2026-09-04 17:33:57"}
{"level":"debug","message":"使用缓存 [219/221]","timestamp":"2026-09-04 17:33:57"}
{"key":"manmanshou:embedding:967xn","level":"debug","message":"缓存命中","timestamp":"2026-09-04 17:33:57"}
{"level":"debug","message":"使用缓存 [220/221]","timestamp":"2026-09-04 17:33:57"}
{"level":"info","message":"已完成 220/221，暂停3秒...","timestamp":"2026-09-04 17:33:57"}
{"key":"manmanshou:embedding:1aoa73","level":"debug","message":"缓存命中","timestamp":"2026-09-04 17:34:00"}
{"level":"debug","message":"使用缓存 [221/221]","timestamp":"2026-09-04 17:34:00"}
{"error":"Bad Request","level":"error","message":"向量插入失败","timestamp":"2026-09-04 17:34:00"}
{"error":"Bad Request","level":"error","message":"向量化失败","timestamp":"2026-09-04 17:34:00"}
{"level":"info","message":"已保存 221 个文档到内存","timestamp":"2026-09-04 17:34:00"}
{"level":"info","message":"Elasticsearch客户端已初始化","timestamp":"2026-09-04 17:45:04"}
{"level":"info","message":"Embedding服务: dashscope","timestamp":"2026-09-04 17:45:04"}
{"level":"info","message":"Redis连接成功","timestamp":"2026-09-04 17:45:04"}
{"level":"info","message":"Qdrant集合已存在: manmanshou_knowledge","timestamp":"2026-09-04 17:45:04"}
{"error":"mapper_parsing_exception\n\tCaused by:\n\t\tillegal_argument_exception: analyzer [ik_smart] has not been configured in mappings\n\tRoot causes:\n\t\tmapper_parsing_exception: Failed to parse mapping: analyzer [ik_smart] has not been configured in mappings","level":"error","message":"ES索引初始化失败","timestamp":"2026-09-04 17:45:04"}
{"key":"manmanshou:embedding:8a0mbz","level":"debug","message":"缓存命中","timestamp":"2026-09-04 17:45:04"}
{"level":"debug","message":"使用缓存 [1/221]","timestamp":"2026-09-04 17:45:04"}
{"key":"manmanshou:embedding:hrc6ux","level":"debug","message":"缓存命中","timestamp":"2026-09-04 17:45:04"}
{"level":"debug","message":"使用缓存 [2/221]","timestamp":"2026-09-04 17:45:04"}
{"key":"manmanshou:embedding:lbqev7","level":"debug","message":"缓存命中","timestamp":"2026-09-04 17:45:04"}
{"level":"debug","message":"使用缓存 [3/221]","timestamp":"2026-09-04 17:45:04"}
{"key":"manmanshou:embedding:pqqx34","level":"debug","message":"缓存命中","timestamp":"2026-09-04 17:45:04"}
{"level":"debug","message":"使用缓存 [4/221]","timestamp":"2026-09-04 17:45:04"}
{"key":"manmanshou:embedding:urrhp5","level":"debug","message":"缓存命中","timestamp":"2026-09-04 17:45:04"}
{"level":"debug","message":"使用缓存 [5/221]","timestamp":"2026-09-04 17:45:04"}
{"key":"manmanshou:embedding:y4s28f","level":"debug","message":"缓存命中","timestamp":"2026-09-04 17:45:04"}
{"level":"debug","message":"使用缓存 [6/221]","timestamp":"2026-09-04 17:45:04"}
{"key":"manmanshou:embedding:zaspt9","level":"debug","message":"缓存命中","timestamp":"2026-09-04 17:45:04"}
{"level":"debug","message":"使用缓存 [7/221]","timestamp":"2026-09-04 17:45:04"}
{"key":"manmanshou:embedding:jy0vt8","level":"debug","message":"缓存命中","timestamp":"2026-09-04 17:45:04"}
{"level":"debug","message":"使用缓存 [8/221]","timestamp":"2026-09-04 17:45:04"}
{"key":"manmanshou:embedding:p38oit","level":"debug","message":"缓存命中","timestamp":"2026-09-04 17:45:04"}
{"level":"debug","message":"使用缓存 [9/221]","timestamp":"2026-09-04 17:45:04"}
{"key":"manmanshou:embedding:2erro5","level":"debug","message":"缓存命中","timestamp":"2026-09-04 17:45:04"}
{"level":"debug","message":"使用缓存 [10/221]","timestamp":"2026-09-04 17:45:04"}
{"level":"info","message":"已完成 10/221，暂停3秒...","timestamp":"2026-09-04 17:45:04"}
{"key":"manmanshou:embedding:t42ow7","level":"debug","message":"缓存命中","timestamp":"2026-09-04 17:45:07"}
{"level":"debug","message":"使用缓存 [11/221]","timestamp":"2026-09-04 17:45:07"}
{"key":"manmanshou:embedding:rkv157","level":"debug","message":"缓存命中","timestamp":"2026-09-04 17:45:07"}
{"level":"debug","message":"使用缓存 [12/221]","timestamp":"2026-09-04 17:45:07"}
{"key":"manmanshou:embedding:zhch6r","level":"debug","message":"缓存命中","timestamp":"2026-09-04 17:45:07"}
{"level":"debug","message":"使用缓存 [13/221]","timestamp":"2026-09-04 17:45:07"}
{"key":"manmanshou:embedding:bxyvsc","level":"debug","message":"缓存命中","timestamp":"2026-09-04 17:45:07"}
{"level":"debug","message":"使用缓存 [14/221]","timestamp":"2026-09-04 17:45:07"}
{"key":"manmanshou:embedding:jbprbj","level":"debug","message":"缓存命中","timestamp":"2026-09-04 17:45:07"}
{"level":"debug","message":"使用缓存 [15/221]","timestamp":"2026-09-04 17:45:07"}
{"key":"manmanshou:embedding:wmc4n3","level":"debug","message":"缓存命中","timestamp":"2026-09-04 17:45:07"}
{"level":"debug","message":"使用缓存 [16/221]","timestamp":"2026-09-04 17:45:07"}
{"key":"manmanshou:embedding:c9hgkb","level":"debug","message":"缓存命中","timestamp":"2026-09-04 17:45:07"}
{"level":"debug","message":"使用缓存 [17/221]","timestamp":"2026-09-04 17:45:07"}
{"key":"manmanshou:embedding:hyowao","level":"debug","message":"缓存命中","timestamp":"2026-09-04 17:45:07"}
{"level":"debug","message":"使用缓存 [18/221]","timestamp":"2026-09-04 17:45:07"}
{"key":"manmanshou:embedding:whmwh8","level":"debug","message":"缓存命中","timestamp":"2026-09-04 17:45:07"}
{"level":"debug","message":"使用缓存 [19/221]","timestamp":"2026-09-04 17:45:07"}
{"key":"manmanshou:embedding:oi0lnf","level":"debug","message":"缓存命中","timestamp":"2026-09-04 17:45:07"}
{"level":"debug","message":"使用缓存 [20/221]","timestamp":"2026-09-04 17:45:07"}
{"level":"info","message":"已完成 20/221，暂停3秒...","timestamp":"2026-09-04 17:45:07"}
{"key":"manmanshou:embedding:fy77kl","level":"debug","message":"缓存命中","timestamp":"2026-09-04 17:45:10"}
{"level":"debug","message":"使用缓存 [21/221]","timestamp":"2026-09-04 17:45:10"}
{"key":"manmanshou:embedding:xs5dzi","level":"debug","message":"缓存命中","timestamp":"2026-09-04 17:45:10"}
{"level":"debug","message":"使用缓存 [22/221]","timestamp":"2026-09-04 17:45:10"}
{"key":"manmanshou:embedding:mmgl0l","level":"debug","message":"缓存命中","timestamp":"2026-09-04 17:45:10"}
{"level":"debug","message":"使用缓存 [23/221]","timestamp":"2026-09-04 17:45:10"}
{"key":"manmanshou:embedding:2qatuu","level":"debug","message":"缓存命中","timestamp":"2026-09-04 17:45:10"}
{"level":"debug","message":"使用缓存 [24/221]","timestamp":"2026-09-04 17:45:10"}
{"key":"manmanshou:embedding:3re39o","level":"debug","message":"缓存命中","timestamp":"2026-09-04 17:45:10"}
{"level":"debug","message":"使用缓存 [25/221]","timestamp":"2026-09-04 17:45:10"}
{"key":"manmanshou:embedding:wx7s6l","level":"debug","message":"缓存命中","timestamp":"2026-09-04 17:45:10"}
{"level":"debug","message":"使用缓存 [26/221]","timestamp":"2026-09-04 17:45:10"}
{"key":"manmanshou:embedding:l8khz0","level":"debug","message":"缓存命中","timestamp":"2026-09-04 17:45:10"}
{"level":"debug","message":"使用缓存 [27/221]","timestamp":"2026-09-04 17:45:10"}
{"key":"manmanshou:embedding:ulri4x","level":"debug","message":"缓存命中","timestamp":"2026-09-04 17:45:10"}
{"level":"debug","message":"使用缓存 [28/221]","timestamp":"2026-09-04 17:45:10"}
{"key":"manmanshou:embedding:kehern","level":"debug","message":"缓存命中","timestamp":"2026-09-04 17:45:10"}
{"level":"debug","message":"使用缓存 [29/221]","timestamp":"2026-09-04 17:45:10"}
{"key":"manmanshou:embedding:lun01n","level":"debug","message":"缓存命中","timestamp":"2026-09-04 17:45:10"}
{"level":"debug","message":"使用缓存 [30/221]","timestamp":"2026-09-04 17:45:10"}
{"level":"info","message":"已完成 30/221，暂停3秒...","timestamp":"2026-09-04 17:45:10"}
{"key":"manmanshou:embedding:auvbqg","level":"debug","message":"缓存命中","timestamp":"2026-09-04 17:45:13"}
{"level":"debug","message":"使用缓存 [31/221]","timestamp":"2026-09-04 17:45:13"}
{"key":"manmanshou:embedding:uab44o","level":"debug","message":"缓存命中","timestamp":"2026-09-04 17:45:13"}
{"level":"debug","message":"使用缓存 [32/221]","timestamp":"2026-09-04 17:45:13"}
{"key":"manmanshou:embedding:ac7oj8","level":"debug","message":"缓存命中","timestamp":"2026-09-04 17:45:13"}
{"level":"debug","message":"使用缓存 [33/221]","timestamp":"2026-09-04 17:45:13"}
{"key":"manmanshou:embedding:mwnxjc","level":"debug","message":"缓存命中","timestamp":"2026-09-04 17:45:13"}
{"level":"debug","message":"使用缓存 [34/221]","timestamp":"2026-09-04 17:45:13"}
{"key":"manmanshou:embedding:ha32vs","level":"debug","message":"缓存命中","timestamp":"2026-09-04 17:45:13"}
{"level":"debug","message":"使用缓存 [35/221]","timestamp":"2026-09-04 17:45:13"}
{"key":"manmanshou:embedding:kfibt8","level":"debug","message":"缓存命中","timestamp":"2026-09-04 17:45:13"}
{"level":"debug","message":"使用缓存 [36/221]","timestamp":"2026-09-04 17:45:13"}
{"key":"manmanshou:embedding:33pzax","level":"debug","message":"缓存命中","timestamp":"2026-09-04 17:45:13"}
{"level":"debug","message":"使用缓存 [37/221]","timestamp":"2026-09-04 17:45:13"}
{"key":"manmanshou:embedding:l67yir","level":"debug","message":"缓存命中","timestamp":"2026-09-04 17:45:13"}
{"level":"debug","message":"使用缓存 [38/221]","timestamp":"2026-09-04 17:45:13"}
{"key":"manmanshou:embedding:jlpktv","level":"debug","message":"缓存命中","timestamp":"2026-09-04 17:45:13"}
{"level":"debug","message":"使用缓存 [39/221]","timestamp":"2026-09-04 17:45:13"}
{"key":"manmanshou:embedding:w5kkzl","level":"debug","message":"缓存命中","timestamp":"2026-09-04 17:45:13"}
{"level":"debug","message":"使用缓存 [40/221]","timestamp":"2026-09-04 17:45:13"}
{"level":"info","message":"已完成 40/221，暂停3秒...","timestamp":"2026-09-04 17:45:13"}
{"key":"manmanshou:embedding:hbvwb6","level":"debug","message":"缓存命中","timestamp":"2026-09-04 17:45:16"}
{"level":"debug","message":"使用缓存 [41/221]","timestamp":"2026-09-04 17:45:16"}
{"key":"manmanshou:embedding:2xhr6e","level":"debug","message":"缓存命中","timestamp":"2026-09-04 17:45:16"}
{"level":"debug","message":"使用缓存 [42/221]","timestamp":"2026-09-04 17:45:16"}
{"key":"manmanshou:embedding:slhsow","level":"debug","message":"缓存命中","timestamp":"2026-09-04 17:45:16"}
{"level":"debug","message":"使用缓存 [43/221]","timestamp":"2026-09-04 17:45:16"}
{"key":"manmanshou:embedding:jxceyo","level":"debug","message":"缓存命中","timestamp":"2026-09-04 17:45:16"}
{"level":"debug","message":"使用缓存 [44/221]","timestamp":"2026-09-04 17:45:16"}
{"key":"manmanshou:embedding:eexbs9","level":"debug","message":"缓存命中","timestamp":"2026-09-04 17:45:16"}
{"level":"debug","message":"使用缓存 [45/221]","timestamp":"2026-09-04 17:45:16"}
{"key":"manmanshou:embedding:61foey","level":"debug","message":"缓存命中","timestamp":"2026-09-04 17:45:16"}
{"level":"debug","message":"使用缓存 [46/221]","timestamp":"2026-09-04 17:45:16"}
{"key":"manmanshou:embedding:4gt7zj","level":"debug","message":"缓存命中","timestamp":"2026-09-04 17:45:16"}
{"level":"debug","message":"使用缓存 [47/221]","timestamp":"2026-09-04 17:45:16"}
{"key":"manmanshou:embedding:vn72ut","level":"debug","message":"缓存命中","timestamp":"2026-09-04 17:45:16"}
{"level":"debug","message":"使用缓存 [48/221]","timestamp":"2026-09-04 17:45:16"}
{"key":"manmanshou:embedding:33axjy","level":"debug","message":"缓存命中","timestamp":"2026-09-04 17:45:16"}
{"level":"debug","message":"使用缓存 [49/221]","timestamp":"2026-09-04 17:45:16"}
{"key":"manmanshou:embedding:9n91bi","level":"debug","message":"缓存命中","timestamp":"2026-09-04 17:45:16"}
{"level":"debug","message":"使用缓存 [50/221]","timestamp":"2026-09-04 17:45:16"}
{"level":"info","message":"已完成 50/221，暂停3秒...","timestamp":"2026-09-04 17:45:16"}
{"key":"manmanshou:embedding:7x0y9f","level":"debug","message":"缓存命中","timestamp":"2026-09-04 17:45:19"}
{"level":"debug","message":"使用缓存 [51/221]","timestamp":"2026-09-04 17:45:19"}
{"key":"manmanshou:embedding:f22m0p","level":"debug","message":"缓存命中","timestamp":"2026-09-04 17:45:19"}
{"level":"debug","message":"使用缓存 [52/221]","timestamp":"2026-09-04 17:45:19"}
{"key":"manmanshou:embedding:uriuty","level":"debug","message":"缓存命中","timestamp":"2026-09-04 17:45:19"}
{"level":"debug","message":"使用缓存 [53/221]","timestamp":"2026-09-04 17:45:19"}
{"key":"manmanshou:embedding:ny3m9d","level":"debug","message":"缓存命中","timestamp":"2026-09-04 17:45:19"}
{"level":"debug","message":"使用缓存 [54/221]","timestamp":"2026-09-04 17:45:19"}
{"key":"manmanshou:embedding:ec0epw","level":"debug","message":"缓存命中","timestamp":"2026-09-04 17:45:19"}
{"level":"debug","message":"使用缓存 [55/221]","timestamp":"2026-09-04 17:45:19"}
{"key":"manmanshou:embedding:2e12z8","level":"debug","message":"缓存命中","timestamp":"2026-09-04 17:45:19"}
{"level":"debug","message":"使用缓存 [56/221]","timestamp":"2026-09-04 17:45:19"}
{"key":"manmanshou:embedding:uumya3","level":"debug","message":"缓存命中","timestamp":"2026-09-04 17:45:19"}
{"level":"debug","message":"使用缓存 [57/221]","timestamp":"2026-09-04 17:45:19"}
{"key":"manmanshou:embedding:83bne","level":"debug","message":"缓存命中","timestamp":"2026-09-04 17:45:19"}
{"level":"debug","message":"使用缓存 [58/221]","timestamp":"2026-09-04 17:45:19"}
{"key":"manmanshou:embedding:ul8yyl","level":"debug","message":"缓存命中","timestamp":"2026-09-04 17:45:19"}
{"level":"debug","message":"使用缓存 [59/221]","timestamp":"2026-09-04 17:45:19"}
{"key":"manmanshou:embedding:mizn8i","level":"debug","message":"缓存命中","timestamp":"2026-09-04 17:45:19"}
{"level":"debug","message":"使用缓存 [60/221]","timestamp":"2026-09-04 17:45:19"}
{"level":"info","message":"已完成 60/221，暂停3秒...","timestamp":"2026-09-04 17:45:19"}
{"key":"manmanshou:embedding:oxf5yv","level":"debug","message":"缓存命中","timestamp":"2026-09-04 17:45:22"}
{"level":"debug","message":"使用缓存 [61/221]","timestamp":"2026-09-04 17:45:22"}
{"key":"manmanshou:embedding:6nsyia","level":"debug","message":"缓存命中","timestamp":"2026-09-04 17:45:22"}
{"level":"debug","message":"使用缓存 [62/221]","timestamp":"2026-09-04 17:45:22"}
{"key":"manmanshou:embedding:nnma5g","level":"debug","message":"缓存命中","timestamp":"2026-09-04 17:45:22"}
{"level":"debug","message":"使用缓存 [63/221]","timestamp":"2026-09-04 17:45:22"}
{"key":"manmanshou:embedding:q4tvrh","level":"debug","message":"缓存命中","timestamp":"2026-09-04 17:45:22"}
{"level":"debug","message":"使用缓存 [64/221]","timestamp":"2026-09-04 17:45:22"}
{"key":"manmanshou:embedding:eaktak","level":"debug","message":"缓存命中","timestamp":"2026-09-04 17:45:22"}
{"level":"debug","message":"使用缓存 [65/221]","timestamp":"2026-09-04 17:45:22"}
{"key":"manmanshou:embedding:xjyt9d","level":"debug","message":"缓存命中","timestamp":"2026-09-04 17:45:22"}
{"level":"debug","message":"使用缓存 [66/221]","timestamp":"2026-09-04 17:45:22"}
{"key":"manmanshou:embedding:9d7cqv","level":"debug","message":"缓存命中","timestamp":"2026-09-04 17:45:22"}
{"level":"debug","message":"使用缓存 [67/221]","timestamp":"2026-09-04 17:45:22"}
{"key":"manmanshou:embedding:22ybuf","level":"debug","message":"缓存命中","timestamp":"2026-09-04 17:45:22"}
{"level":"debug","message":"使用缓存 [68/221]","timestamp":"2026-09-04 17:45:22"}
{"key":"manmanshou:embedding:eylpys","level":"debug","message":"缓存命中","timestamp":"2026-09-04 17:45:22"}
{"level":"debug","message":"使用缓存 [69/221]","timestamp":"2026-09-04 17:45:22"}
{"key":"manmanshou:embedding:93wwat","level":"debug","message":"缓存命中","timestamp":"2026-09-04 17:45:22"}
{"level":"debug","message":"使用缓存 [70/221]","timestamp":"2026-09-04 17:45:22"}
{"level":"info","message":"已完成 70/221，暂停3秒...","timestamp":"2026-09-04 17:45:22"}
{"key":"manmanshou:embedding:s0tuct","level":"debug","message":"缓存命中","timestamp":"2026-09-04 17:45:25"}
{"level":"debug","message":"使用缓存 [71/221]","timestamp":"2026-09-04 17:45:25"}
{"key":"manmanshou:embedding:3rw0pp","level":"debug","message":"缓存命中","timestamp":"2026-09-04 17:45:25"}
{"level":"debug","message":"使用缓存 [72/221]","timestamp":"2026-09-04 17:45:25"}
{"key":"manmanshou:embedding:5r407h","level":"debug","message":"缓存命中","timestamp":"2026-09-04 17:45:25"}
{"level":"debug","message":"使用缓存 [73/221]","timestamp":"2026-09-04 17:45:25"}
{"key":"manmanshou:embedding:415ue6","level":"debug","message":"缓存命中","timestamp":"2026-09-04 17:45:25"}
{"level":"debug","message":"使用缓存 [74/221]","timestamp":"2026-09-04 17:45:25"}
{"key":"manmanshou:embedding:z4h0pb","level":"debug","message":"缓存命中","timestamp":"2026-09-04 17:45:25"}
{"level":"debug","message":"使用缓存 [75/221]","timestamp":"2026-09-04 17:45:25"}
{"key":"manmanshou:embedding:u6c2ia","level":"debug","message":"缓存命中","timestamp":"2026-09-04 17:45:25"}
{"level":"debug","message":"使用缓存 [76/221]","timestamp":"2026-09-04 17:45:25"}
{"key":"manmanshou:embedding:q51qvg","level":"debug","message":"缓存命中","timestamp":"2026-09-04 17:45:25"}
{"level":"debug","message":"使用缓存 [77/221]","timestamp":"2026-09-04 17:45:25"}
{"key":"manmanshou:embedding:4ixth1","level":"debug","message":"缓存命中","timestamp":"2026-09-04 17:45:25"}
{"level":"debug","message":"使用缓存 [78/221]","timestamp":"2026-09-04 17:45:25"}
{"key":"manmanshou:embedding:djpexr","level":"debug","message":"缓存命中","timestamp":"2026-09-04 17:45:25"}
{"level":"debug","message":"使用缓存 [79/221]","timestamp":"2026-09-04 17:45:25"}
{"key":"manmanshou:embedding:vznxkh","level":"debug","message":"缓存命中","timestamp":"2026-09-04 17:45:25"}
{"level":"debug","message":"使用缓存 [80/221]","timestamp":"2026-09-04 17:45:25"}
{"level":"info","message":"已完成 80/221，暂停3秒...","timestamp":"2026-09-04 17:45:25"}
{"key":"manmanshou:embedding:cl8ctz","level":"debug","message":"缓存命中","timestamp":"2026-09-04 17:45:28"}
{"level":"debug","message":"使用缓存 [81/221]","timestamp":"2026-09-04 17:45:28"}
{"key":"manmanshou:embedding:rpdcvk","level":"debug","message":"缓存命中","timestamp":"2026-09-04 17:45:28"}
{"level":"debug","message":"使用缓存 [82/221]","timestamp":"2026-09-04 17:45:28"}
{"key":"manmanshou:embedding:k4c88r","level":"debug","message":"缓存命中","timestamp":"2026-09-04 17:45:28"}
{"level":"debug","message":"使用缓存 [83/221]","timestamp":"2026-09-04 17:45:28"}
{"key":"manmanshou:embedding:je8wxn","level":"debug","message":"缓存命中","timestamp":"2026-09-04 17:45:28"}
{"level":"debug","message":"使用缓存 [84/221]","timestamp":"2026-09-04 17:45:28"}
{"key":"manmanshou:embedding:aj1ry3","level":"debug","message":"缓存命中","timestamp":"2026-09-04 17:45:28"}
{"level":"debug","message":"使用缓存 [85/221]","timestamp":"2026-09-04 17:45:28"}
{"key":"manmanshou:embedding:dmuokg","level":"debug","message":"缓存命中","timestamp":"2026-09-04 17:45:28"}
{"level":"debug","message":"使用缓存 [86/221]","timestamp":"2026-09-04 17:45:28"}
{"key":"manmanshou:embedding:pijosn","level":"debug","message":"缓存命中","timestamp":"2026-09-04 17:45:28"}
{"level":"debug","message":"使用缓存 [87/221]","timestamp":"2026-09-04 17:45:28"}
{"key":"manmanshou:embedding:80zz5e","level":"debug","message":"缓存命中","timestamp":"2026-09-04 17:45:28"}
{"level":"debug","message":"使用缓存 [88/221]","timestamp":"2026-09-04 17:45:28"}
{"key":"manmanshou:embedding:tg75be","level":"debug","message":"缓存命中","timestamp":"2026-09-04 17:45:28"}
{"level":"debug","message":"使用缓存 [89/221]","timestamp":"2026-09-04 17:45:29"}
{"key":"manmanshou:embedding:ndnf54","level":"debug","message":"缓存命中","timestamp":"2026-09-04 17:45:29"}
{"level":"debug","message":"使用缓存 [90/221]","timestamp":"2026-09-04 17:45:29"}
{"level":"info","message":"已完成 90/221，暂停3秒...","timestamp":"2026-09-04 17:45:29"}
{"key":"manmanshou:embedding:7twa35","level":"debug","message":"缓存命中","timestamp":"2026-09-04 17:45:32"}
{"level":"debug","message":"使用缓存 [91/221]","timestamp":"2026-09-04 17:45:32"}
{"key":"manmanshou:embedding:4x0h6r","level":"debug","message":"缓存命中","timestamp":"2026-09-04 17:45:32"}
{"level":"debug","message":"使用缓存 [92/221]","timestamp":"2026-09-04 17:45:32"}
{"key":"manmanshou:embedding:f9dai4","level":"debug","message":"缓存命中","timestamp":"2026-09-04 17:45:32"}
{"level":"debug","message":"使用缓存 [93/221]","timestamp":"2026-09-04 17:45:32"}
{"key":"manmanshou:embedding:khydh8","level":"debug","message":"缓存命中","timestamp":"2026-09-04 17:45:32"}
{"level":"debug","message":"使用缓存 [94/221]","timestamp":"2026-09-04 17:45:32"}
{"key":"manmanshou:embedding:nd3sm6","level":"debug","message":"缓存命中","timestamp":"2026-09-04 17:45:32"}
{"level":"debug","message":"使用缓存 [95/221]","timestamp":"2026-09-04 17:45:32"}
{"key":"manmanshou:embedding:xm2mij","level":"debug","message":"缓存命中","timestamp":"2026-09-04 17:45:32"}
{"level":"debug","message":"使用缓存 [96/221]","timestamp":"2026-09-04 17:45:32"}
{"key":"manmanshou:embedding:askahf","level":"debug","message":"缓存命中","timestamp":"2026-09-04 17:45:32"}
{"level":"debug","message":"使用缓存 [97/221]","timestamp":"2026-09-04 17:45:32"}
{"key":"manmanshou:embedding:ilcxs4","level":"debug","message":"缓存命中","timestamp":"2026-09-04 17:45:32"}
{"level":"debug","message":"使用缓存 [98/221]","timestamp":"2026-09-04 17:45:32"}
{"key":"manmanshou:embedding:qnell","level":"debug","message":"缓存命中","timestamp":"2026-09-04 17:45:32"}
{"level":"debug","message":"使用缓存 [99/221]","timestamp":"2026-09-04 17:45:32"}
{"key":"manmanshou:embedding:vdaggc","level":"debug","message":"缓存命中","timestamp":"2026-09-04 17:45:32"}
{"level":"debug","message":"使用缓存 [100/221]","timestamp":"2026-09-04 17:45:32"}
{"level":"info","message":"已完成 100/221，暂停3秒...","timestamp":"2026-09-04 17:45:32"}
{"key":"manmanshou:embedding:pmmr8","level":"debug","message":"缓存命中","timestamp":"2026-09-04 17:45:35"}
{"level":"debug","message":"使用缓存 [101/221]","timestamp":"2026-09-04 17:45:35"}
{"key":"manmanshou:embedding:u2c1ei","level":"debug","message":"缓存命中","timestamp":"2026-09-04 17:45:35"}
{"level":"debug","message":"使用缓存 [102/221]","timestamp":"2026-09-04 17:45:35"}
{"key":"manmanshou:embedding:akj3c8","level":"debug","message":"缓存命中","timestamp":"2026-09-04 17:45:35"}
{"level":"debug","message":"使用缓存 [103/221]","timestamp":"2026-09-04 17:45:35"}
{"key":"manmanshou:embedding:ujv7fp","level":"debug","message":"缓存命中","timestamp":"2026-09-04 17:45:35"}
{"level":"debug","message":"使用缓存 [104/221]","timestamp":"2026-09-04 17:45:35"}
{"key":"manmanshou:embedding:za54sy","level":"debug","message":"缓存命中","timestamp":"2026-09-04 17:45:35"}
{"level":"debug","message":"使用缓存 [105/221]","timestamp":"2026-09-04 17:45:35"}
{"key":"manmanshou:embedding:qpn5nk","level":"debug","message":"缓存命中","timestamp":"2026-09-04 17:45:35"}
{"level":"debug","message":"使用缓存 [106/221]","timestamp":"2026-09-04 17:45:35"}
{"key":"manmanshou:embedding:uesy25","level":"debug","message":"缓存命中","timestamp":"2026-09-04 17:45:35"}
{"level":"debug","message":"使用缓存 [107/221]","timestamp":"2026-09-04 17:45:35"}
{"key":"manmanshou:embedding:biauyt","level":"debug","message":"缓存命中","timestamp":"2026-09-04 17:45:35"}
{"level":"debug","message":"使用缓存 [108/221]","timestamp":"2026-09-04 17:45:35"}
{"key":"manmanshou:embedding:n14hvp","level":"debug","message":"缓存命中","timestamp":"2026-09-04 17:45:35"}
{"level":"debug","message":"使用缓存 [109/221]","timestamp":"2026-09-04 17:45:35"}
{"key":"manmanshou:embedding:k1ee8s","level":"debug","message":"缓存命中","timestamp":"2026-09-04 17:45:35"}
{"level":"debug","message":"使用缓存 [110/221]","timestamp":"2026-09-04 17:45:35"}
{"level":"info","message":"已完成 110/221，暂停3秒...","timestamp":"2026-09-04 17:45:35"}
{"key":"manmanshou:embedding:qewbfd","level":"debug","message":"缓存命中","timestamp":"2026-09-04 17:45:38"}
{"level":"debug","message":"使用缓存 [111/221]","timestamp":"2026-09-04 17:45:38"}
{"key":"manmanshou:embedding:d6q9cf","level":"debug","message":"缓存命中","timestamp":"2026-09-04 17:45:38"}
{"level":"debug","message":"使用缓存 [112/221]","timestamp":"2026-09-04 17:45:38"}
{"key":"manmanshou:embedding:nwg7wc","level":"debug","message":"缓存命中","timestamp":"2026-09-04 17:45:38"}
{"level":"debug","message":"使用缓存 [113/221]","timestamp":"2026-09-04 17:45:38"}
{"key":"manmanshou:embedding:7u2fb9","level":"debug","message":"缓存命中","timestamp":"2026-09-04 17:45:38"}
{"level":"debug","message":"使用缓存 [114/221]","timestamp":"2026-09-04 17:45:38"}
{"key":"manmanshou:embedding:8ijijm","level":"debug","message":"缓存命中","timestamp":"2026-09-04 17:45:38"}
{"level":"debug","message":"使用缓存 [115/221]","timestamp":"2026-09-04 17:45:38"}
{"key":"manmanshou:embedding:oqimh6","level":"debug","message":"缓存命中","timestamp":"2026-09-04 17:45:38"}
{"level":"debug","message":"使用缓存 [116/221]","timestamp":"2026-09-04 17:45:38"}
{"key":"manmanshou:embedding:33thj8","level":"debug","message":"缓存命中","timestamp":"2026-09-04 17:45:38"}
{"level":"debug","message":"使用缓存 [117/221]","timestamp":"2026-09-04 17:45:38"}
{"key":"manmanshou:embedding:6pl4fv","level":"debug","message":"缓存命中","timestamp":"2026-09-04 17:45:38"}
{"level":"debug","message":"使用缓存 [118/221]","timestamp":"2026-09-04 17:45:38"}
{"key":"manmanshou:embedding:og0q5c","level":"debug","message":"缓存命中","timestamp":"2026-09-04 17:45:38"}
{"level":"debug","message":"使用缓存 [119/221]","timestamp":"2026-09-04 17:45:38"}
{"key":"manmanshou:embedding:jszl3s","level":"debug","message":"缓存命中","timestamp":"2026-09-04 17:45:38"}
{"level":"debug","message":"使用缓存 [120/221]","timestamp":"2026-09-04 17:45:38"}
{"level":"info","message":"已完成 120/221，暂停3秒...","timestamp":"2026-09-04 17:45:38"}
{"key":"manmanshou:embedding:yh0vmz","level":"debug","message":"缓存命中","timestamp":"2026-09-04 17:45:41"}
{"level":"debug","message":"使用缓存 [121/221]","timestamp":"2026-09-04 17:45:41"}
{"key":"manmanshou:embedding:3ai4n","level":"debug","message":"缓存命中","timestamp":"2026-09-04 17:45:41"}
{"level":"debug","message":"使用缓存 [122/221]","timestamp":"2026-09-04 17:45:41"}
{"key":"manmanshou:embedding:1i0rz2","level":"debug","message":"缓存命中","timestamp":"2026-09-04 17:45:41"}
{"level":"debug","message":"使用缓存 [123/221]","timestamp":"2026-09-04 17:45:41"}
{"key":"manmanshou:embedding:doowux","level":"debug","message":"缓存命中","timestamp":"2026-09-04 17:45:41"}
{"level":"debug","message":"使用缓存 [124/221]","timestamp":"2026-09-04 17:45:41"}
{"key":"manmanshou:embedding:2ev5rx","level":"debug","message":"缓存命中","timestamp":"2026-09-04 17:45:41"}
{"level":"debug","message":"使用缓存 [125/221]","timestamp":"2026-09-04 17:45:41"}
{"key":"manmanshou:embedding:ouwktp","level":"debug","message":"缓存命中","timestamp":"2026-09-04 17:45:41"}
{"level":"debug","message":"使用缓存 [126/221]","timestamp":"2026-09-04 17:45:41"}
{"key":"manmanshou:embedding:qmjcyf","level":"debug","message":"缓存命中","timestamp":"2026-09-04 17:45:41"}
{"level":"debug","message":"使用缓存 [127/221]","timestamp":"2026-09-04 17:45:41"}
{"key":"manmanshou:embedding:jtug4t","level":"debug","message":"缓存命中","timestamp":"2026-09-04 17:45:41"}
{"level":"debug","message":"使用缓存 [128/221]","timestamp":"2026-09-04 17:45:41"}
{"key":"manmanshou:embedding:yliijd","level":"debug","message":"缓存命中","timestamp":"2026-09-04 17:45:41"}
{"level":"debug","message":"使用缓存 [129/221]","timestamp":"2026-09-04 17:45:41"}
{"key":"manmanshou:embedding:a39sq","level":"debug","message":"缓存命中","timestamp":"2026-09-04 17:45:41"}
{"level":"debug","message":"使用缓存 [130/221]","timestamp":"2026-09-04 17:45:41"}
{"level":"info","message":"已完成 130/221，暂停3秒...","timestamp":"2026-09-04 17:45:41"}
{"key":"manmanshou:embedding:vzqjin","level":"debug","message":"缓存命中","timestamp":"2026-09-04 17:45:44"}
{"level":"debug","message":"使用缓存 [131/221]","timestamp":"2026-09-04 17:45:44"}
{"key":"manmanshou:embedding:kainzy","level":"debug","message":"缓存命中","timestamp":"2026-09-04 17:45:44"}
{"level":"debug","message":"使用缓存 [132/221]","timestamp":"2026-09-04 17:45:44"}
{"key":"manmanshou:embedding:if551q","level":"debug","message":"缓存命中","timestamp":"2026-09-04 17:45:44"}
{"level":"debug","message":"使用缓存 [133/221]","timestamp":"2026-09-04 17:45:44"}
{"key":"manmanshou:embedding:9e1fnl","level":"debug","message":"缓存命中","timestamp":"2026-09-04 17:45:44"}
{"level":"debug","message":"使用缓存 [134/221]","timestamp":"2026-09-04 17:45:44"}
{"key":"manmanshou:embedding:mye0nu","level":"debug","message":"缓存命中","timestamp":"2026-09-04 17:45:44"}
{"level":"debug","message":"使用缓存 [135/221]","timestamp":"2026-09-04 17:45:44"}
{"key":"manmanshou:embedding:fzfa7j","level":"debug","message":"缓存命中","timestamp":"2026-09-04 17:45:44"}
{"level":"debug","message":"使用缓存 [136/221]","timestamp":"2026-09-04 17:45:44"}
{"key":"manmanshou:embedding:mwkfdq","level":"debug","message":"缓存命中","timestamp":"2026-09-04 17:45:44"}
{"level":"debug","message":"使用缓存 [137/221]","timestamp":"2026-09-04 17:45:44"}
{"key":"manmanshou:embedding:vpuhjn","level":"debug","message":"缓存命中","timestamp":"2026-09-04 17:45:44"}
{"level":"debug","message":"使用缓存 [138/221]","timestamp":"2026-09-04 17:45:44"}
{"key":"manmanshou:embedding:ggxrlx","level":"debug","message":"缓存命中","timestamp":"2026-09-04 17:45:44"}
{"level":"debug","message":"使用缓存 [139/221]","timestamp":"2026-09-04 17:45:44"}
{"key":"manmanshou:embedding:g84wrl","level":"debug","message":"缓存命中","timestamp":"2026-09-04 17:45:44"}
{"level":"debug","message":"使用缓存 [140/221]","timestamp":"2026-09-04 17:45:44"}
{"level":"info","message":"已完成 140/221，暂停3秒...","timestamp":"2026-09-04 17:45:44"}
{"key":"manmanshou:embedding:5k2y19","level":"debug","message":"缓存命中","timestamp":"2026-09-04 17:45:47"}
{"level":"debug","message":"使用缓存 [141/221]","timestamp":"2026-09-04 17:45:47"}
{"key":"manmanshou:embedding:jx184s","level":"debug","message":"缓存命中","timestamp":"2026-09-04 17:45:47"}
{"level":"debug","message":"使用缓存 [142/221]","timestamp":"2026-09-04 17:45:47"}
{"key":"manmanshou:embedding:cy5hkj","level":"debug","message":"缓存命中","timestamp":"2026-09-04 17:45:47"}
{"level":"debug","message":"使用缓存 [143/221]","timestamp":"2026-09-04 17:45:47"}
{"key":"manmanshou:embedding:v9ezsu","level":"debug","message":"缓存命中","timestamp":"2026-09-04 17:45:47"}
{"level":"debug","message":"使用缓存 [144/221]","timestamp":"2026-09-04 17:45:47"}
{"key":"manmanshou:embedding:174af5","level":"debug","message":"缓存命中","timestamp":"2026-09-04 17:45:47"}
{"level":"debug","message":"使用缓存 [145/221]","timestamp":"2026-09-04 17:45:47"}
{"key":"manmanshou:embedding:ripquy","level":"debug","message":"缓存命中","timestamp":"2026-09-04 17:45:47"}
{"level":"debug","message":"使用缓存 [146/221]","timestamp":"2026-09-04 17:45:47"}
{"key":"manmanshou:embedding:zanzge","level":"debug","message":"缓存命中","timestamp":"2026-09-04 17:45:47"}
{"level":"debug","message":"使用缓存 [147/221]","timestamp":"2026-09-04 17:45:47"}
{"key":"manmanshou:embedding:d3ksls","level":"debug","message":"缓存命中","timestamp":"2026-09-04 17:45:47"}
{"level":"debug","message":"使用缓存 [148/221]","timestamp":"2026-09-04 17:45:47"}
{"key":"manmanshou:embedding:1zouax","level":"debug","message":"缓存命中","timestamp":"2026-09-04 17:45:47"}
{"level":"debug","message":"使用缓存 [149/221]","timestamp":"2026-09-04 17:45:47"}
{"key":"manmanshou:embedding:lvkw4o","level":"debug","message":"缓存命中","timestamp":"2026-09-04 17:45:47"}
{"level":"debug","message":"使用缓存 [150/221]","timestamp":"2026-09-04 17:45:47"}
{"level":"info","message":"已完成 150/221，暂停3秒...","timestamp":"2026-09-04 17:45:47"}
{"key":"manmanshou:embedding:w3uyew","level":"debug","message":"缓存命中","timestamp":"2026-09-04 17:45:50"}
{"level":"debug","message":"使用缓存 [151/221]","timestamp":"2026-09-04 17:45:50"}
{"key":"manmanshou:embedding:wjcoay","level":"debug","message":"缓存命中","timestamp":"2026-09-04 17:45:50"}
{"level":"debug","message":"使用缓存 [152/221]","timestamp":"2026-09-04 17:45:50"}
{"key":"manmanshou:embedding:mgijrr","level":"debug","message":"缓存命中","timestamp":"2026-09-04 17:45:50"}
{"level":"debug","message":"使用缓存 [153/221]","timestamp":"2026-09-04 17:45:50"}
{"key":"manmanshou:embedding:llq8se","level":"debug","message":"缓存命中","timestamp":"2026-09-04 17:45:50"}
{"level":"debug","message":"使用缓存 [154/221]","timestamp":"2026-09-04 17:45:50"}
{"key":"manmanshou:embedding:ica6n0","level":"debug","message":"缓存命中","timestamp":"2026-09-04 17:45:50"}
{"level":"debug","message":"使用缓存 [155/221]","timestamp":"2026-09-04 17:45:50"}
{"key":"manmanshou:embedding:ghg2r2","level":"debug","message":"缓存命中","timestamp":"2026-09-04 17:45:50"}
{"level":"debug","message":"使用缓存 [156/221]","timestamp":"2026-09-04 17:45:50"}
{"key":"manmanshou:embedding:qck2iu","level":"debug","message":"缓存命中","timestamp":"2026-09-04 17:45:50"}
{"level":"debug","message":"使用缓存 [157/221]","timestamp":"2026-09-04 17:45:50"}
{"key":"manmanshou:embedding:wuizim","level":"debug","message":"缓存命中","timestamp":"2026-09-04 17:45:50"}
{"level":"debug","message":"使用缓存 [158/221]","timestamp":"2026-09-04 17:45:50"}
{"key":"manmanshou:embedding:a1kbrq","level":"debug","message":"缓存命中","timestamp":"2026-09-04 17:45:50"}
{"level":"debug","message":"使用缓存 [159/221]","timestamp":"2026-09-04 17:45:50"}
{"key":"manmanshou:embedding:kcn72c","level":"debug","message":"缓存命中","timestamp":"2026-09-04 17:45:50"}
{"level":"debug","message":"使用缓存 [160/221]","timestamp":"2026-09-04 17:45:50"}
{"level":"info","message":"已完成 160/221，暂停3秒...","timestamp":"2026-09-04 17:45:50"}
{"key":"manmanshou:embedding:aii3wu","level":"debug","message":"缓存命中","timestamp":"2026-09-04 17:45:53"}
{"level":"debug","message":"使用缓存 [161/221]","timestamp":"2026-09-04 17:45:53"}
{"key":"manmanshou:embedding:d8x80i","level":"debug","message":"缓存命中","timestamp":"2026-09-04 17:45:53"}
{"level":"debug","message":"使用缓存 [162/221]","timestamp":"2026-09-04 17:45:53"}
{"key":"manmanshou:embedding:6s85aq","level":"debug","message":"缓存命中","timestamp":"2026-09-04 17:45:53"}
{"level":"debug","message":"使用缓存 [163/221]","timestamp":"2026-09-04 17:45:53"}
{"key":"manmanshou:embedding:94ezvs","level":"debug","message":"缓存命中","timestamp":"2026-09-04 17:45:53"}
{"level":"debug","message":"使用缓存 [164/221]","timestamp":"2026-09-04 17:45:53"}
{"key":"manmanshou:embedding:9cjfr4","level":"debug","message":"缓存命中","timestamp":"2026-09-04 17:45:53"}
{"level":"debug","message":"使用缓存 [165/221]","timestamp":"2026-09-04 17:45:53"}
{"key":"manmanshou:embedding:tg7us8","level":"debug","message":"缓存命中","timestamp":"2026-09-04 17:45:53"}
{"level":"debug","message":"使用缓存 [166/221]","timestamp":"2026-09-04 17:45:53"}
{"key":"manmanshou:embedding:2x6h0k","level":"debug","message":"缓存命中","timestamp":"2026-09-04 17:45:53"}
{"level":"debug","message":"使用缓存 [167/221]","timestamp":"2026-09-04 17:45:53"}
{"key":"manmanshou:embedding:ap2gfk","level":"debug","message":"缓存命中","timestamp":"2026-09-04 17:45:53"}
{"level":"debug","message":"使用缓存 [168/221]","timestamp":"2026-09-04 17:45:53"}
{"key":"manmanshou:embedding:rzddqs","level":"debug","message":"缓存命中","timestamp":"2026-09-04 17:45:53"}
{"level":"debug","message":"使用缓存 [169/221]","timestamp":"2026-09-04 17:45:53"}
{"key":"manmanshou:embedding:2sh5vu","level":"debug","message":"缓存命中","timestamp":"2026-09-04 17:45:53"}
{"level":"debug","message":"使用缓存 [170/221]","timestamp":"2026-09-04 17:45:53"}
{"level":"info","message":"已完成 170/221，暂停3秒...","timestamp":"2026-09-04 17:45:53"}
{"key":"manmanshou:embedding:cla14t","level":"debug","message":"缓存命中","timestamp":"2026-09-04 17:45:56"}
{"level":"debug","message":"使用缓存 [171/221]","timestamp":"2026-09-04 17:45:56"}
{"key":"manmanshou:embedding:17bzoa","level":"debug","message":"缓存命中","timestamp":"2026-09-04 17:45:56"}
{"level":"debug","message":"使用缓存 [172/221]","timestamp":"2026-09-04 17:45:56"}
{"key":"manmanshou:embedding:onk77x","level":"debug","message":"缓存命中","timestamp":"2026-09-04 17:45:56"}
{"level":"debug","message":"使用缓存 [173/221]","timestamp":"2026-09-04 17:45:56"}
{"key":"manmanshou:embedding:qdwdw8","level":"debug","message":"缓存命中","timestamp":"2026-09-04 17:45:56"}
{"level":"debug","message":"使用缓存 [174/221]","timestamp":"2026-09-04 17:45:56"}
{"key":"manmanshou:embedding:gfwuew","level":"debug","message":"缓存命中","timestamp":"2026-09-04 17:45:56"}
{"level":"debug","message":"使用缓存 [175/221]","timestamp":"2026-09-04 17:45:56"}
{"key":"manmanshou:embedding:e0c3h7","level":"debug","message":"缓存命中","timestamp":"2026-09-04 17:45:56"}
{"level":"debug","message":"使用缓存 [176/221]","timestamp":"2026-09-04 17:45:56"}
{"key":"manmanshou:embedding:fesssm","level":"debug","message":"缓存命中","timestamp":"2026-09-04 17:45:56"}
{"level":"debug","message":"使用缓存 [177/221]","timestamp":"2026-09-04 17:45:56"}
{"key":"manmanshou:embedding:goqra7","level":"debug","message":"缓存命中","timestamp":"2026-09-04 17:45:56"}
{"level":"debug","message":"使用缓存 [178/221]","timestamp":"2026-09-04 17:45:56"}
{"key":"manmanshou:embedding:z6ley6","level":"debug","message":"缓存命中","timestamp":"2026-09-04 17:45:56"}
{"level":"debug","message":"使用缓存 [179/221]","timestamp":"2026-09-04 17:45:56"}
{"key":"manmanshou:embedding:y2ki7n","level":"debug","message":"缓存命中","timestamp":"2026-09-04 17:45:56"}
{"level":"debug","message":"使用缓存 [180/221]","timestamp":"2026-09-04 17:45:56"}
{"level":"info","message":"已完成 180/221，暂停3秒...","timestamp":"2026-09-04 17:45:56"}
{"key":"manmanshou:embedding:2ba7q7","level":"debug","message":"缓存命中","timestamp":"2026-09-04 17:45:59"}
{"level":"debug","message":"使用缓存 [181/221]","timestamp":"2026-09-04 17:45:59"}
{"key":"manmanshou:embedding:7ss57b","level":"debug","message":"缓存命中","timestamp":"2026-09-04 17:45:59"}
{"level":"debug","message":"使用缓存 [182/221]","timestamp":"2026-09-04 17:45:59"}
{"key":"manmanshou:embedding:d7v9x5","level":"debug","message":"缓存命中","timestamp":"2026-09-04 17:45:59"}
{"level":"debug","message":"使用缓存 [183/221]","timestamp":"2026-09-04 17:45:59"}
{"key":"manmanshou:embedding:bvk9dz","level":"debug","message":"缓存命中","timestamp":"2026-09-04 17:45:59"}
{"level":"debug","message":"使用缓存 [184/221]","timestamp":"2026-09-04 17:45:59"}
{"key":"manmanshou:embedding:135y6o","level":"debug","message":"缓存命中","timestamp":"2026-09-04 17:45:59"}
{"level":"debug","message":"使用缓存 [185/221]","timestamp":"2026-09-04 17:45:59"}
{"key":"manmanshou:embedding:3sgepf","level":"debug","message":"缓存命中","timestamp":"2026-09-04 17:45:59"}
{"level":"debug","message":"使用缓存 [186/221]","timestamp":"2026-09-04 17:45:59"}
{"key":"manmanshou:embedding:5lbpl8","level":"debug","message":"缓存命中","timestamp":"2026-09-04 17:45:59"}
{"level":"debug","message":"使用缓存 [187/221]","timestamp":"2026-09-04 17:45:59"}
{"key":"manmanshou:embedding:ftckbm","level":"debug","message":"缓存命中","timestamp":"2026-09-04 17:45:59"}
{"level":"debug","message":"使用缓存 [188/221]","timestamp":"2026-09-04 17:45:59"}
{"key":"manmanshou:embedding:g6xh7b","level":"debug","message":"缓存命中","timestamp":"2026-09-04 17:45:59"}
{"level":"debug","message":"使用缓存 [189/221]","timestamp":"2026-09-04 17:45:59"}
{"key":"manmanshou:embedding:uaxl1n","level":"debug","message":"缓存命中","timestamp":"2026-09-04 17:45:59"}
{"level":"debug","message":"使用缓存 [190/221]","timestamp":"2026-09-04 17:45:59"}
{"level":"info","message":"已完成 190/221，暂停3秒...","timestamp":"2026-09-04 17:45:59"}
{"key":"manmanshou:embedding:le5jiu","level":"debug","message":"缓存命中","timestamp":"2026-09-04 17:46:02"}
{"level":"debug","message":"使用缓存 [191/221]","timestamp":"2026-09-04 17:46:02"}
{"key":"manmanshou:embedding:lwjyq4","level":"debug","message":"缓存命中","timestamp":"2026-09-04 17:46:02"}
{"level":"debug","message":"使用缓存 [192/221]","timestamp":"2026-09-04 17:46:02"}
{"key":"manmanshou:embedding:drv1ir","level":"debug","message":"缓存命中","timestamp":"2026-09-04 17:46:02"}
{"level":"debug","message":"使用缓存 [193/221]","timestamp":"2026-09-04 17:46:02"}
{"key":"manmanshou:embedding:o2gg79","level":"debug","message":"缓存命中","timestamp":"2026-09-04 17:46:02"}
{"level":"debug","message":"使用缓存 [194/221]","timestamp":"2026-09-04 17:46:02"}
{"key":"manmanshou:embedding:orj66c","level":"debug","message":"缓存命中","timestamp":"2026-09-04 17:46:02"}
{"level":"debug","message":"使用缓存 [195/221]","timestamp":"2026-09-04 17:46:02"}
{"key":"manmanshou:embedding:vz9jv7","level":"debug","message":"缓存命中","timestamp":"2026-09-04 17:46:02"}
{"level":"debug","message":"使用缓存 [196/221]","timestamp":"2026-09-04 17:46:02"}
{"key":"manmanshou:embedding:lemsbt","level":"debug","message":"缓存命中","timestamp":"2026-09-04 17:46:02"}
{"level":"debug","message":"使用缓存 [197/221]","timestamp":"2026-09-04 17:46:02"}
{"key":"manmanshou:embedding:ljp19w","level":"debug","message":"缓存命中","timestamp":"2026-09-04 17:46:02"}
{"level":"debug","message":"使用缓存 [198/221]","timestamp":"2026-09-04 17:46:02"}
{"key":"manmanshou:embedding:xaxhwx","level":"debug","message":"缓存命中","timestamp":"2026-09-04 17:46:02"}
{"level":"debug","message":"使用缓存 [199/221]","timestamp":"2026-09-04 17:46:02"}
{"key":"manmanshou:embedding:2s6q6s","level":"debug","message":"缓存命中","timestamp":"2026-09-04 17:46:02"}
{"level":"debug","message":"使用缓存 [200/221]","timestamp":"2026-09-04 17:46:02"}
{"level":"info","message":"已完成 200/221，暂停3秒...","timestamp":"2026-09-04 17:46:02"}
{"key":"manmanshou:embedding:9whmxe","level":"debug","message":"缓存命中","timestamp":"2026-09-04 17:46:05"}
{"level":"debug","message":"使用缓存 [201/221]","timestamp":"2026-09-04 17:46:05"}
{"key":"manmanshou:embedding:ps7pd8","level":"debug","message":"缓存命中","timestamp":"2026-09-04 17:46:05"}
{"level":"debug","message":"使用缓存 [202/221]","timestamp":"2026-09-04 17:46:05"}
{"key":"manmanshou:embedding:te00sh","level":"debug","message":"缓存命中","timestamp":"2026-09-04 17:46:05"}
{"level":"debug","message":"使用缓存 [203/221]","timestamp":"2026-09-04 17:46:05"}
{"key":"manmanshou:embedding:v776vs","level":"debug","message":"缓存命中","timestamp":"2026-09-04 17:46:05"}
{"level":"debug","message":"使用缓存 [204/221]","timestamp":"2026-09-04 17:46:05"}
{"key":"manmanshou:embedding:yqnm2h","level":"debug","message":"缓存命中","timestamp":"2026-09-04 17:46:05"}
{"level":"debug","message":"使用缓存 [205/221]","timestamp":"2026-09-04 17:46:05"}
{"key":"manmanshou:embedding:lyknk4","level":"debug","message":"缓存命中","timestamp":"2026-09-04 17:46:05"}
{"level":"debug","message":"使用缓存 [206/221]","timestamp":"2026-09-04 17:46:05"}
{"key":"manmanshou:embedding:1wip90","level":"debug","message":"缓存命中","timestamp":"2026-09-04 17:46:05"}
{"level":"debug","message":"使用缓存 [207/221]","timestamp":"2026-09-04 17:46:05"}
{"key":"manmanshou:embedding:ep4hhg","level":"debug","message":"缓存命中","timestamp":"2026-09-04 17:46:05"}
{"level":"debug","message":"使用缓存 [208/221]","timestamp":"2026-09-04 17:46:05"}
{"key":"manmanshou:embedding:j8o37i","level":"debug","message":"缓存命中","timestamp":"2026-09-04 17:46:05"}
{"level":"debug","message":"使用缓存 [209/221]","timestamp":"2026-09-04 17:46:05"}
{"key":"manmanshou:embedding:rks3na","level":"debug","message":"缓存命中","timestamp":"2026-09-04 17:46:05"}
{"level":"debug","message":"使用缓存 [210/221]","timestamp":"2026-09-04 17:46:05"}
{"level":"info","message":"已完成 210/221，暂停3秒...","timestamp":"2026-09-04 17:46:05"}
{"key":"manmanshou:embedding:ylr78t","level":"debug","message":"缓存命中","timestamp":"2026-09-04 17:46:08"}
{"level":"debug","message":"使用缓存 [211/221]","timestamp":"2026-09-04 17:46:08"}
{"key":"manmanshou:embedding:l3ne9q","level":"debug","message":"缓存命中","timestamp":"2026-09-04 17:46:08"}
{"level":"debug","message":"使用缓存 [212/221]","timestamp":"2026-09-04 17:46:08"}
{"key":"manmanshou:embedding:83z4dp","level":"debug","message":"缓存命中","timestamp":"2026-09-04 17:46:08"}
{"level":"debug","message":"使用缓存 [213/221]","timestamp":"2026-09-04 17:46:08"}
{"key":"manmanshou:embedding:u6conv","level":"debug","message":"缓存命中","timestamp":"2026-09-04 17:46:08"}
{"level":"debug","message":"使用缓存 [214/221]","timestamp":"2026-09-04 17:46:08"}
{"key":"manmanshou:embedding:xdhb5p","level":"debug","message":"缓存命中","timestamp":"2026-09-04 17:46:08"}
{"level":"debug","message":"使用缓存 [215/221]","timestamp":"2026-09-04 17:46:08"}
{"key":"manmanshou:embedding:n4yojs","level":"debug","message":"缓存命中","timestamp":"2026-09-04 17:46:08"}
{"level":"debug","message":"使用缓存 [216/221]","timestamp":"2026-09-04 17:46:08"}
{"key":"manmanshou:embedding:gtx955","level":"debug","message":"缓存命中","timestamp":"2026-09-04 17:46:08"}
{"level":"debug","message":"使用缓存 [217/221]","timestamp":"2026-09-04 17:46:08"}
{"key":"manmanshou:embedding:63rfrf","level":"debug","message":"缓存命中","timestamp":"2026-09-04 17:46:08"}
{"level":"debug","message":"使用缓存 [218/221]","timestamp":"2026-09-04 17:46:08"}
{"key":"manmanshou:embedding:bhgu9p","level":"debug","message":"缓存命中","timestamp":"2026-09-04 17:46:08"}
{"level":"debug","message":"使用缓存 [219/221]","timestamp":"2026-09-04 17:46:08"}
{"key":"manmanshou:embedding:967xn","level":"debug","message":"缓存命中","timestamp":"2026-09-04 17:46:08"}
{"level":"debug","message":"使用缓存 [220/221]","timestamp":"2026-09-04 17:46:08"}
{"level":"info","message":"已完成 220/221，暂停3秒...","timestamp":"2026-09-04 17:46:08"}
{"key":"manmanshou:embedding:1aoa73","level":"debug","message":"缓存命中","timestamp":"2026-09-04 17:46:11"}
{"level":"debug","message":"使用缓存 [221/221]","timestamp":"2026-09-04 17:46:11"}
{"error":"Bad Request","level":"error","message":"向量插入失败","timestamp":"2026-09-04 17:46:12"}
{"error":"Bad Request","level":"error","message":"向量化失败","timestamp":"2026-09-04 17:46:12"}
{"level":"info","message":"已保存 221 个文档到内存","timestamp":"2026-09-04 17:46:12"}
{"level":"info","message":"Elasticsearch客户端已初始化","timestamp":"2026-09-04 17:55:22"}
{"level":"info","message":"Embedding服务: dashscope","timestamp":"2026-09-04 17:55:22"}
{"level":"info","message":"Redis连接成功","timestamp":"2026-09-04 17:55:22"}
{"level":"info","message":"Qdrant集合已存在: manmanshou_knowledge","timestamp":"2026-09-04 17:55:22"}
{"error":"mapper_parsing_exception\n\tCaused by:\n\t\tillegal_argument_exception: analyzer [ik_smart] has not been configured in mappings\n\tRoot causes:\n\t\tmapper_parsing_exception: Failed to parse mapping: analyzer [ik_smart] has not been configured in mappings","level":"error","message":"ES索引初始化失败","timestamp":"2026-09-04 17:55:22"}
{"key":"manmanshou:embedding:8a0mbz","level":"debug","message":"缓存命中","timestamp":"2026-09-04 17:55:22"}
{"level":"debug","message":"使用缓存 [1/221]","timestamp":"2026-09-04 17:55:22"}
{"key":"manmanshou:embedding:hrc6ux","level":"debug","message":"缓存命中","timestamp":"2026-09-04 17:55:22"}
{"level":"debug","message":"使用缓存 [2/221]","timestamp":"2026-09-04 17:55:22"}
{"key":"manmanshou:embedding:lbqev7","level":"debug","message":"缓存命中","timestamp":"2026-09-04 17:55:22"}
{"level":"debug","message":"使用缓存 [3/221]","timestamp":"2026-09-04 17:55:22"}
{"key":"manmanshou:embedding:pqqx34","level":"debug","message":"缓存命中","timestamp":"2026-09-04 17:55:22"}
{"level":"debug","message":"使用缓存 [4/221]","timestamp":"2026-09-04 17:55:22"}
{"key":"manmanshou:embedding:urrhp5","level":"debug","message":"缓存命中","timestamp":"2026-09-04 17:55:22"}
{"level":"debug","message":"使用缓存 [5/221]","timestamp":"2026-09-04 17:55:22"}
{"key":"manmanshou:embedding:y4s28f","level":"debug","message":"缓存命中","timestamp":"2026-09-04 17:55:22"}
{"level":"debug","message":"使用缓存 [6/221]","timestamp":"2026-09-04 17:55:22"}
{"key":"manmanshou:embedding:zaspt9","level":"debug","message":"缓存命中","timestamp":"2026-09-04 17:55:22"}
{"level":"debug","message":"使用缓存 [7/221]","timestamp":"2026-09-04 17:55:22"}
{"key":"manmanshou:embedding:jy0vt8","level":"debug","message":"缓存命中","timestamp":"2026-09-04 17:55:22"}
{"level":"debug","message":"使用缓存 [8/221]","timestamp":"2026-09-04 17:55:22"}
{"key":"manmanshou:embedding:p38oit","level":"debug","message":"缓存命中","timestamp":"2026-09-04 17:55:22"}
{"level":"debug","message":"使用缓存 [9/221]","timestamp":"2026-09-04 17:55:22"}
{"key":"manmanshou:embedding:2erro5","level":"debug","message":"缓存命中","timestamp":"2026-09-04 17:55:22"}
{"level":"debug","message":"使用缓存 [10/221]","timestamp":"2026-09-04 17:55:22"}
{"level":"info","message":"已完成 10/221，暂停3秒...","timestamp":"2026-09-04 17:55:22"}
{"key":"manmanshou:embedding:t42ow7","level":"debug","message":"缓存命中","timestamp":"2026-09-04 17:55:25"}
{"level":"debug","message":"使用缓存 [11/221]","timestamp":"2026-09-04 17:55:25"}
{"key":"manmanshou:embedding:rkv157","level":"debug","message":"缓存命中","timestamp":"2026-09-04 17:55:25"}
{"level":"debug","message":"使用缓存 [12/221]","timestamp":"2026-09-04 17:55:25"}
{"key":"manmanshou:embedding:zhch6r","level":"debug","message":"缓存命中","timestamp":"2026-09-04 17:55:25"}
{"level":"debug","message":"使用缓存 [13/221]","timestamp":"2026-09-04 17:55:25"}
{"key":"manmanshou:embedding:bxyvsc","level":"debug","message":"缓存命中","timestamp":"2026-09-04 17:55:25"}
{"level":"debug","message":"使用缓存 [14/221]","timestamp":"2026-09-04 17:55:26"}
{"key":"manmanshou:embedding:jbprbj","level":"debug","message":"缓存命中","timestamp":"2026-09-04 17:55:26"}
{"level":"debug","message":"使用缓存 [15/221]","timestamp":"2026-09-04 17:55:26"}
{"key":"manmanshou:embedding:wmc4n3","level":"debug","message":"缓存命中","timestamp":"2026-09-04 17:55:26"}
{"level":"debug","message":"使用缓存 [16/221]","timestamp":"2026-09-04 17:55:26"}
{"key":"manmanshou:embedding:c9hgkb","level":"debug","message":"缓存命中","timestamp":"2026-09-04 17:55:26"}
{"level":"debug","message":"使用缓存 [17/221]","timestamp":"2026-09-04 17:55:26"}
{"key":"manmanshou:embedding:hyowao","level":"debug","message":"缓存命中","timestamp":"2026-09-04 17:55:26"}
{"level":"debug","message":"使用缓存 [18/221]","timestamp":"2026-09-04 17:55:26"}
{"key":"manmanshou:embedding:whmwh8","level":"debug","message":"缓存命中","timestamp":"2026-09-04 17:55:26"}
{"level":"debug","message":"使用缓存 [19/221]","timestamp":"2026-09-04 17:55:26"}
{"key":"manmanshou:embedding:oi0lnf","level":"debug","message":"缓存命中","timestamp":"2026-09-04 17:55:26"}
{"level":"debug","message":"使用缓存 [20/221]","timestamp":"2026-09-04 17:55:26"}
{"level":"info","message":"已完成 20/221，暂停3秒...","timestamp":"2026-09-04 17:55:26"}
{"key":"manmanshou:embedding:fy77kl","level":"debug","message":"缓存命中","timestamp":"2026-09-04 17:55:29"}
{"level":"debug","message":"使用缓存 [21/221]","timestamp":"2026-09-04 17:55:29"}
{"key":"manmanshou:embedding:xs5dzi","level":"debug","message":"缓存命中","timestamp":"2026-09-04 17:55:29"}
{"level":"debug","message":"使用缓存 [22/221]","timestamp":"2026-09-04 17:55:29"}
{"key":"manmanshou:embedding:mmgl0l","level":"debug","message":"缓存命中","timestamp":"2026-09-04 17:55:29"}
{"level":"debug","message":"使用缓存 [23/221]","timestamp":"2026-09-04 17:55:29"}
{"key":"manmanshou:embedding:2qatuu","level":"debug","message":"缓存命中","timestamp":"2026-09-04 17:55:29"}
{"level":"debug","message":"使用缓存 [24/221]","timestamp":"2026-09-04 17:55:29"}
{"key":"manmanshou:embedding:3re39o","level":"debug","message":"缓存命中","timestamp":"2026-09-04 17:55:29"}
{"level":"debug","message":"使用缓存 [25/221]","timestamp":"2026-09-04 17:55:29"}
{"key":"manmanshou:embedding:wx7s6l","level":"debug","message":"缓存命中","timestamp":"2026-09-04 17:55:29"}
{"level":"debug","message":"使用缓存 [26/221]","timestamp":"2026-09-04 17:55:29"}
{"key":"manmanshou:embedding:l8khz0","level":"debug","message":"缓存命中","timestamp":"2026-09-04 17:55:29"}
{"level":"debug","message":"使用缓存 [27/221]","timestamp":"2026-09-04 17:55:29"}
{"key":"manmanshou:embedding:ulri4x","level":"debug","message":"缓存命中","timestamp":"2026-09-04 17:55:29"}
{"level":"debug","message":"使用缓存 [28/221]","timestamp":"2026-09-04 17:55:29"}
{"key":"manmanshou:embedding:kehern","level":"debug","message":"缓存命中","timestamp":"2026-09-04 17:55:29"}
{"level":"debug","message":"使用缓存 [29/221]","timestamp":"2026-09-04 17:55:29"}
{"key":"manmanshou:embedding:lun01n","level":"debug","message":"缓存命中","timestamp":"2026-09-04 17:55:29"}
{"level":"debug","message":"使用缓存 [30/221]","timestamp":"2026-09-04 17:55:29"}
{"level":"info","message":"已完成 30/221，暂停3秒...","timestamp":"2026-09-04 17:55:29"}
{"key":"manmanshou:embedding:auvbqg","level":"debug","message":"缓存命中","timestamp":"2026-09-04 17:55:32"}
{"level":"debug","message":"使用缓存 [31/221]","timestamp":"2026-09-04 17:55:32"}
{"key":"manmanshou:embedding:uab44o","level":"debug","message":"缓存命中","timestamp":"2026-09-04 17:55:32"}
{"level":"debug","message":"使用缓存 [32/221]","timestamp":"2026-09-04 17:55:32"}
{"key":"manmanshou:embedding:ac7oj8","level":"debug","message":"缓存命中","timestamp":"2026-09-04 17:55:32"}
{"level":"debug","message":"使用缓存 [33/221]","timestamp":"2026-09-04 17:55:32"}
{"key":"manmanshou:embedding:mwnxjc","level":"debug","message":"缓存命中","timestamp":"2026-09-04 17:55:32"}
{"level":"debug","message":"使用缓存 [34/221]","timestamp":"2026-09-04 17:55:32"}
{"key":"manmanshou:embedding:ha32vs","level":"debug","message":"缓存命中","timestamp":"2026-09-04 17:55:32"}
{"level":"debug","message":"使用缓存 [35/221]","timestamp":"2026-09-04 17:55:32"}
{"key":"manmanshou:embedding:kfibt8","level":"debug","message":"缓存命中","timestamp":"2026-09-04 17:55:32"}
{"level":"debug","message":"使用缓存 [36/221]","timestamp":"2026-09-04 17:55:32"}
{"key":"manmanshou:embedding:33pzax","level":"debug","message":"缓存命中","timestamp":"2026-09-04 17:55:32"}
{"level":"debug","message":"使用缓存 [37/221]","timestamp":"2026-09-04 17:55:32"}
{"key":"manmanshou:embedding:l67yir","level":"debug","message":"缓存命中","timestamp":"2026-09-04 17:55:32"}
{"level":"debug","message":"使用缓存 [38/221]","timestamp":"2026-09-04 17:55:32"}
{"key":"manmanshou:embedding:jlpktv","level":"debug","message":"缓存命中","timestamp":"2026-09-04 17:55:32"}
{"level":"debug","message":"使用缓存 [39/221]","timestamp":"2026-09-04 17:55:32"}
{"key":"manmanshou:embedding:w5kkzl","level":"debug","message":"缓存命中","timestamp":"2026-09-04 17:55:32"}
{"level":"debug","message":"使用缓存 [40/221]","timestamp":"2026-09-04 17:55:32"}
{"level":"info","message":"已完成 40/221，暂停3秒...","timestamp":"2026-09-04 17:55:32"}
{"key":"manmanshou:embedding:hbvwb6","level":"debug","message":"缓存命中","timestamp":"2026-09-04 17:55:35"}
{"level":"debug","message":"使用缓存 [41/221]","timestamp":"2026-09-04 17:55:35"}
{"key":"manmanshou:embedding:2xhr6e","level":"debug","message":"缓存命中","timestamp":"2026-09-04 17:55:35"}
{"level":"debug","message":"使用缓存 [42/221]","timestamp":"2026-09-04 17:55:35"}
{"key":"manmanshou:embedding:slhsow","level":"debug","message":"缓存命中","timestamp":"2026-09-04 17:55:35"}
{"level":"debug","message":"使用缓存 [43/221]","timestamp":"2026-09-04 17:55:35"}
{"key":"manmanshou:embedding:jxceyo","level":"debug","message":"缓存命中","timestamp":"2026-09-04 17:55:35"}
{"level":"debug","message":"使用缓存 [44/221]","timestamp":"2026-09-04 17:55:35"}
{"key":"manmanshou:embedding:eexbs9","level":"debug","message":"缓存命中","timestamp":"2026-09-04 17:55:35"}
{"level":"debug","message":"使用缓存 [45/221]","timestamp":"2026-09-04 17:55:35"}
{"key":"manmanshou:embedding:61foey","level":"debug","message":"缓存命中","timestamp":"2026-09-04 17:55:35"}
{"level":"debug","message":"使用缓存 [46/221]","timestamp":"2026-09-04 17:55:35"}
{"key":"manmanshou:embedding:4gt7zj","level":"debug","message":"缓存命中","timestamp":"2026-09-04 17:55:35"}
{"level":"debug","message":"使用缓存 [47/221]","timestamp":"2026-09-04 17:55:35"}
{"key":"manmanshou:embedding:vn72ut","level":"debug","message":"缓存命中","timestamp":"2026-09-04 17:55:35"}
{"level":"debug","message":"使用缓存 [48/221]","timestamp":"2026-09-04 17:55:35"}
{"key":"manmanshou:embedding:33axjy","level":"debug","message":"缓存命中","timestamp":"2026-09-04 17:55:35"}
{"level":"debug","message":"使用缓存 [49/221]","timestamp":"2026-09-04 17:55:35"}
{"key":"manmanshou:embedding:9n91bi","level":"debug","message":"缓存命中","timestamp":"2026-09-04 17:55:35"}
{"level":"debug","message":"使用缓存 [50/221]","timestamp":"2026-09-04 17:55:35"}
{"level":"info","message":"已完成 50/221，暂停3秒...","timestamp":"2026-09-04 17:55:35"}
{"key":"manmanshou:embedding:7x0y9f","level":"debug","message":"缓存命中","timestamp":"2026-09-04 17:55:38"}
{"level":"debug","message":"使用缓存 [51/221]","timestamp":"2026-09-04 17:55:38"}
{"key":"manmanshou:embedding:f22m0p","level":"debug","message":"缓存命中","timestamp":"2026-09-04 17:55:38"}
{"level":"debug","message":"使用缓存 [52/221]","timestamp":"2026-09-04 17:55:38"}
{"key":"manmanshou:embedding:uriuty","level":"debug","message":"缓存命中","timestamp":"2026-09-04 17:55:38"}
{"level":"debug","message":"使用缓存 [53/221]","timestamp":"2026-09-04 17:55:38"}
{"key":"manmanshou:embedding:ny3m9d","level":"debug","message":"缓存命中","timestamp":"2026-09-04 17:55:38"}
{"level":"debug","message":"使用缓存 [54/221]","timestamp":"2026-09-04 17:55:38"}
{"key":"manmanshou:embedding:ec0epw","level":"debug","message":"缓存命中","timestamp":"2026-09-04 17:55:38"}
{"level":"debug","message":"使用缓存 [55/221]","timestamp":"2026-09-04 17:55:38"}
{"key":"manmanshou:embedding:2e12z8","level":"debug","message":"缓存命中","timestamp":"2026-09-04 17:55:38"}
{"level":"debug","message":"使用缓存 [56/221]","timestamp":"2026-09-04 17:55:38"}
{"key":"manmanshou:embedding:uumya3","level":"debug","message":"缓存命中","timestamp":"2026-09-04 17:55:38"}
{"level":"debug","message":"使用缓存 [57/221]","timestamp":"2026-09-04 17:55:38"}
{"key":"manmanshou:embedding:83bne","level":"debug","message":"缓存命中","timestamp":"2026-09-04 17:55:38"}
{"level":"debug","message":"使用缓存 [58/221]","timestamp":"2026-09-04 17:55:38"}
{"key":"manmanshou:embedding:ul8yyl","level":"debug","message":"缓存命中","timestamp":"2026-09-04 17:55:38"}
{"level":"debug","message":"使用缓存 [59/221]","timestamp":"2026-09-04 17:55:38"}
{"key":"manmanshou:embedding:mizn8i","level":"debug","message":"缓存命中","timestamp":"2026-09-04 17:55:38"}
{"level":"debug","message":"使用缓存 [60/221]","timestamp":"2026-09-04 17:55:38"}
{"level":"info","message":"已完成 60/221，暂停3秒...","timestamp":"2026-09-04 17:55:38"}
{"key":"manmanshou:embedding:oxf5yv","level":"debug","message":"缓存命中","timestamp":"2026-09-04 17:55:41"}
{"level":"debug","message":"使用缓存 [61/221]","timestamp":"2026-09-04 17:55:41"}
{"key":"manmanshou:embedding:6nsyia","level":"debug","message":"缓存命中","timestamp":"2026-09-04 17:55:41"}
{"level":"debug","message":"使用缓存 [62/221]","timestamp":"2026-09-04 17:55:41"}
{"key":"manmanshou:embedding:nnma5g","level":"debug","message":"缓存命中","timestamp":"2026-09-04 17:55:41"}
{"level":"debug","message":"使用缓存 [63/221]","timestamp":"2026-09-04 17:55:41"}
{"key":"manmanshou:embedding:q4tvrh","level":"debug","message":"缓存命中","timestamp":"2026-09-04 17:55:41"}
{"level":"debug","message":"使用缓存 [64/221]","timestamp":"2026-09-04 17:55:41"}
{"key":"manmanshou:embedding:eaktak","level":"debug","message":"缓存命中","timestamp":"2026-09-04 17:55:41"}
{"level":"debug","message":"使用缓存 [65/221]","timestamp":"2026-09-04 17:55:41"}
{"key":"manmanshou:embedding:xjyt9d","level":"debug","message":"缓存命中","timestamp":"2026-09-04 17:55:41"}
{"level":"debug","message":"使用缓存 [66/221]","timestamp":"2026-09-04 17:55:41"}
{"key":"manmanshou:embedding:9d7cqv","level":"debug","message":"缓存命中","timestamp":"2026-09-04 17:55:41"}
{"level":"debug","message":"使用缓存 [67/221]","timestamp":"2026-09-04 17:55:41"}
{"key":"manmanshou:embedding:22ybuf","level":"debug","message":"缓存命中","timestamp":"2026-09-04 17:55:41"}
{"level":"debug","message":"使用缓存 [68/221]","timestamp":"2026-09-04 17:55:41"}
{"key":"manmanshou:embedding:eylpys","level":"debug","message":"缓存命中","timestamp":"2026-09-04 17:55:41"}
{"level":"debug","message":"使用缓存 [69/221]","timestamp":"2026-09-04 17:55:41"}
{"key":"manmanshou:embedding:93wwat","level":"debug","message":"缓存命中","timestamp":"2026-09-04 17:55:41"}
{"level":"debug","message":"使用缓存 [70/221]","timestamp":"2026-09-04 17:55:41"}
{"level":"info","message":"已完成 70/221，暂停3秒...","timestamp":"2026-09-04 17:55:41"}
{"key":"manmanshou:embedding:s0tuct","level":"debug","message":"缓存命中","timestamp":"2026-09-04 17:55:44"}
{"level":"debug","message":"使用缓存 [71/221]","timestamp":"2026-09-04 17:55:44"}
{"key":"manmanshou:embedding:3rw0pp","level":"debug","message":"缓存命中","timestamp":"2026-09-04 17:55:44"}
{"level":"debug","message":"使用缓存 [72/221]","timestamp":"2026-09-04 17:55:44"}
{"key":"manmanshou:embedding:5r407h","level":"debug","message":"缓存命中","timestamp":"2026-09-04 17:55:44"}
{"level":"debug","message":"使用缓存 [73/221]","timestamp":"2026-09-04 17:55:44"}
{"key":"manmanshou:embedding:415ue6","level":"debug","message":"缓存命中","timestamp":"2026-09-04 17:55:44"}
{"level":"debug","message":"使用缓存 [74/221]","timestamp":"2026-09-04 17:55:44"}
{"key":"manmanshou:embedding:z4h0pb","level":"debug","message":"缓存命中","timestamp":"2026-09-04 17:55:44"}
{"level":"debug","message":"使用缓存 [75/221]","timestamp":"2026-09-04 17:55:44"}
{"key":"manmanshou:embedding:u6c2ia","level":"debug","message":"缓存命中","timestamp":"2026-09-04 17:55:44"}
{"level":"debug","message":"使用缓存 [76/221]","timestamp":"2026-09-04 17:55:44"}
{"key":"manmanshou:embedding:q51qvg","level":"debug","message":"缓存命中","timestamp":"2026-09-04 17:55:44"}
{"level":"debug","message":"使用缓存 [77/221]","timestamp":"2026-09-04 17:55:44"}
{"key":"manmanshou:embedding:4ixth1","level":"debug","message":"缓存命中","timestamp":"2026-09-04 17:55:44"}
{"level":"debug","message":"使用缓存 [78/221]","timestamp":"2026-09-04 17:55:44"}
{"key":"manmanshou:embedding:djpexr","level":"debug","message":"缓存命中","timestamp":"2026-09-04 17:55:44"}
{"level":"debug","message":"使用缓存 [79/221]","timestamp":"2026-09-04 17:55:44"}
{"key":"manmanshou:embedding:vznxkh","level":"debug","message":"缓存命中","timestamp":"2026-09-04 17:55:44"}
{"level":"debug","message":"使用缓存 [80/221]","timestamp":"2026-09-04 17:55:44"}
{"level":"info","message":"已完成 80/221，暂停3秒...","timestamp":"2026-09-04 17:55:44"}
{"key":"manmanshou:embedding:cl8ctz","level":"debug","message":"缓存命中","timestamp":"2026-09-04 17:55:47"}
{"level":"debug","message":"使用缓存 [81/221]","timestamp":"2026-09-04 17:55:47"}
{"key":"manmanshou:embedding:rpdcvk","level":"debug","message":"缓存命中","timestamp":"2026-09-04 17:55:47"}
{"level":"debug","message":"使用缓存 [82/221]","timestamp":"2026-09-04 17:55:47"}
{"key":"manmanshou:embedding:k4c88r","level":"debug","message":"缓存命中","timestamp":"2026-09-04 17:55:47"}
{"level":"debug","message":"使用缓存 [83/221]","timestamp":"2026-09-04 17:55:47"}
{"key":"manmanshou:embedding:je8wxn","level":"debug","message":"缓存命中","timestamp":"2026-09-04 17:55:47"}
{"level":"debug","message":"使用缓存 [84/221]","timestamp":"2026-09-04 17:55:47"}
{"key":"manmanshou:embedding:aj1ry3","level":"debug","message":"缓存命中","timestamp":"2026-09-04 17:55:47"}
{"level":"debug","message":"使用缓存 [85/221]","timestamp":"2026-09-04 17:55:47"}
{"key":"manmanshou:embedding:dmuokg","level":"debug","message":"缓存命中","timestamp":"2026-09-04 17:55:47"}
{"level":"debug","message":"使用缓存 [86/221]","timestamp":"2026-09-04 17:55:47"}
{"key":"manmanshou:embedding:pijosn","level":"debug","message":"缓存命中","timestamp":"2026-09-04 17:55:47"}
{"level":"debug","message":"使用缓存 [87/221]","timestamp":"2026-09-04 17:55:47"}
{"key":"manmanshou:embedding:80zz5e","level":"debug","message":"缓存命中","timestamp":"2026-09-04 17:55:47"}
{"level":"debug","message":"使用缓存 [88/221]","timestamp":"2026-09-04 17:55:47"}
{"key":"manmanshou:embedding:tg75be","level":"debug","message":"缓存命中","timestamp":"2026-09-04 17:55:47"}
{"level":"debug","message":"使用缓存 [89/221]","timestamp":"2026-09-04 17:55:47"}
{"key":"manmanshou:embedding:ndnf54","level":"debug","message":"缓存命中","timestamp":"2026-09-04 17:55:47"}
{"level":"debug","message":"使用缓存 [90/221]","timestamp":"2026-09-04 17:55:47"}
{"level":"info","message":"已完成 90/221，暂停3秒...","timestamp":"2026-09-04 17:55:47"}
{"key":"manmanshou:embedding:7twa35","level":"debug","message":"缓存命中","timestamp":"2026-09-04 17:55:50"}
{"level":"debug","message":"使用缓存 [91/221]","timestamp":"2026-09-04 17:55:50"}
{"key":"manmanshou:embedding:4x0h6r","level":"debug","message":"缓存命中","timestamp":"2026-09-04 17:55:50"}
{"level":"debug","message":"使用缓存 [92/221]","timestamp":"2026-09-04 17:55:50"}
{"key":"manmanshou:embedding:f9dai4","level":"debug","message":"缓存命中","timestamp":"2026-09-04 17:55:50"}
{"level":"debug","message":"使用缓存 [93/221]","timestamp":"2026-09-04 17:55:50"}
{"key":"manmanshou:embedding:khydh8","level":"debug","message":"缓存命中","timestamp":"2026-09-04 17:55:50"}
{"level":"debug","message":"使用缓存 [94/221]","timestamp":"2026-09-04 17:55:50"}
{"key":"manmanshou:embedding:nd3sm6","level":"debug","message":"缓存命中","timestamp":"2026-09-04 17:55:50"}
{"level":"debug","message":"使用缓存 [95/221]","timestamp":"2026-09-04 17:55:50"}
{"key":"manmanshou:embedding:xm2mij","level":"debug","message":"缓存命中","timestamp":"2026-09-04 17:55:50"}
{"level":"debug","message":"使用缓存 [96/221]","timestamp":"2026-09-04 17:55:50"}
{"key":"manmanshou:embedding:askahf","level":"debug","message":"缓存命中","timestamp":"2026-09-04 17:55:50"}
{"level":"debug","message":"使用缓存 [97/221]","timestamp":"2026-09-04 17:55:50"}
{"key":"manmanshou:embedding:ilcxs4","level":"debug","message":"缓存命中","timestamp":"2026-09-04 17:55:50"}
{"level":"debug","message":"使用缓存 [98/221]","timestamp":"2026-09-04 17:55:50"}
{"key":"manmanshou:embedding:qnell","level":"debug","message":"缓存命中","timestamp":"2026-09-04 17:55:50"}
{"level":"debug","message":"使用缓存 [99/221]","timestamp":"2026-09-04 17:55:50"}
{"key":"manmanshou:embedding:vdaggc","level":"debug","message":"缓存命中","timestamp":"2026-09-04 17:55:50"}
{"level":"debug","message":"使用缓存 [100/221]","timestamp":"2026-09-04 17:55:50"}
{"level":"info","message":"已完成 100/221，暂停3秒...","timestamp":"2026-09-04 17:55:50"}
{"key":"manmanshou:embedding:pmmr8","level":"debug","message":"缓存命中","timestamp":"2026-09-04 17:55:53"}
{"level":"debug","message":"使用缓存 [101/221]","timestamp":"2026-09-04 17:55:53"}
{"key":"manmanshou:embedding:u2c1ei","level":"debug","message":"缓存命中","timestamp":"2026-09-04 17:55:53"}
{"level":"debug","message":"使用缓存 [102/221]","timestamp":"2026-09-04 17:55:53"}
{"key":"manmanshou:embedding:akj3c8","level":"debug","message":"缓存命中","timestamp":"2026-09-04 17:55:53"}
{"level":"debug","message":"使用缓存 [103/221]","timestamp":"2026-09-04 17:55:53"}
{"key":"manmanshou:embedding:ujv7fp","level":"debug","message":"缓存命中","timestamp":"2026-09-04 17:55:53"}
{"level":"debug","message":"使用缓存 [104/221]","timestamp":"2026-09-04 17:55:53"}
{"key":"manmanshou:embedding:za54sy","level":"debug","message":"缓存命中","timestamp":"2026-09-04 17:55:53"}
{"level":"debug","message":"使用缓存 [105/221]","timestamp":"2026-09-04 17:55:53"}
{"key":"manmanshou:embedding:qpn5nk","level":"debug","message":"缓存命中","timestamp":"2026-09-04 17:55:53"}
{"level":"debug","message":"使用缓存 [106/221]","timestamp":"2026-09-04 17:55:53"}
{"key":"manmanshou:embedding:uesy25","level":"debug","message":"缓存命中","timestamp":"2026-09-04 17:55:53"}
{"level":"debug","message":"使用缓存 [107/221]","timestamp":"2026-09-04 17:55:53"}
{"key":"manmanshou:embedding:biauyt","level":"debug","message":"缓存命中","timestamp":"2026-09-04 17:55:53"}
{"level":"debug","message":"使用缓存 [108/221]","timestamp":"2026-09-04 17:55:53"}
{"key":"manmanshou:embedding:n14hvp","level":"debug","message":"缓存命中","timestamp":"2026-09-04 17:55:53"}
{"level":"debug","message":"使用缓存 [109/221]","timestamp":"2026-09-04 17:55:53"}
{"key":"manmanshou:embedding:k1ee8s","level":"debug","message":"缓存命中","timestamp":"2026-09-04 17:55:53"}
{"level":"debug","message":"使用缓存 [110/221]","timestamp":"2026-09-04 17:55:53"}
{"level":"info","message":"已完成 110/221，暂停3秒...","timestamp":"2026-09-04 17:55:53"}
{"key":"manmanshou:embedding:qewbfd","level":"debug","message":"缓存命中","timestamp":"2026-09-04 17:55:56"}
{"level":"debug","message":"使用缓存 [111/221]","timestamp":"2026-09-04 17:55:56"}
{"key":"manmanshou:embedding:d6q9cf","level":"debug","message":"缓存命中","timestamp":"2026-09-04 17:55:56"}
{"level":"debug","message":"使用缓存 [112/221]","timestamp":"2026-09-04 17:55:56"}
{"key":"manmanshou:embedding:nwg7wc","level":"debug","message":"缓存命中","timestamp":"2026-09-04 17:55:56"}
{"level":"debug","message":"使用缓存 [113/221]","timestamp":"2026-09-04 17:55:56"}
{"key":"manmanshou:embedding:7u2fb9","level":"debug","message":"缓存命中","timestamp":"2026-09-04 17:55:56"}
{"level":"debug","message":"使用缓存 [114/221]","timestamp":"2026-09-04 17:55:56"}
{"key":"manmanshou:embedding:8ijijm","level":"debug","message":"缓存命中","timestamp":"2026-09-04 17:55:56"}
{"level":"debug","message":"使用缓存 [115/221]","timestamp":"2026-09-04 17:55:56"}
{"key":"manmanshou:embedding:oqimh6","level":"debug","message":"缓存命中","timestamp":"2026-09-04 17:55:56"}
{"level":"debug","message":"使用缓存 [116/221]","timestamp":"2026-09-04 17:55:56"}
{"key":"manmanshou:embedding:33thj8","level":"debug","message":"缓存命中","timestamp":"2026-09-04 17:55:56"}
{"level":"debug","message":"使用缓存 [117/221]","timestamp":"2026-09-04 17:55:56"}
{"key":"manmanshou:embedding:6pl4fv","level":"debug","message":"缓存命中","timestamp":"2026-09-04 17:55:56"}
{"level":"debug","message":"使用缓存 [118/221]","timestamp":"2026-09-04 17:55:56"}
{"key":"manmanshou:embedding:og0q5c","level":"debug","message":"缓存命中","timestamp":"2026-09-04 17:55:56"}
{"level":"debug","message":"使用缓存 [119/221]","timestamp":"2026-09-04 17:55:56"}
{"key":"manmanshou:embedding:jszl3s","level":"debug","message":"缓存命中","timestamp":"2026-09-04 17:55:56"}
{"level":"debug","message":"使用缓存 [120/221]","timestamp":"2026-09-04 17:55:56"}
{"level":"info","message":"已完成 120/221，暂停3秒...","timestamp":"2026-09-04 17:55:56"}
{"key":"manmanshou:embedding:yh0vmz","level":"debug","message":"缓存命中","timestamp":"2026-09-04 17:55:59"}
{"level":"debug","message":"使用缓存 [121/221]","timestamp":"2026-09-04 17:55:59"}
{"key":"manmanshou:embedding:3ai4n","level":"debug","message":"缓存命中","timestamp":"2026-09-04 17:55:59"}
{"level":"debug","message":"使用缓存 [122/221]","timestamp":"2026-09-04 17:55:59"}
{"key":"manmanshou:embedding:1i0rz2","level":"debug","message":"缓存命中","timestamp":"2026-09-04 17:55:59"}
{"level":"debug","message":"使用缓存 [123/221]","timestamp":"2026-09-04 17:55:59"}
{"key":"manmanshou:embedding:doowux","level":"debug","message":"缓存命中","timestamp":"2026-09-04 17:55:59"}
{"level":"debug","message":"使用缓存 [124/221]","timestamp":"2026-09-04 17:55:59"}
{"key":"manmanshou:embedding:2ev5rx","level":"debug","message":"缓存命中","timestamp":"2026-09-04 17:55:59"}
{"level":"debug","message":"使用缓存 [125/221]","timestamp":"2026-09-04 17:55:59"}
{"key":"manmanshou:embedding:ouwktp","level":"debug","message":"缓存命中","timestamp":"2026-09-04 17:55:59"}
{"level":"debug","message":"使用缓存 [126/221]","timestamp":"2026-09-04 17:55:59"}
{"key":"manmanshou:embedding:qmjcyf","level":"debug","message":"缓存命中","timestamp":"2026-09-04 17:55:59"}
{"level":"debug","message":"使用缓存 [127/221]","timestamp":"2026-09-04 17:55:59"}
{"key":"manmanshou:embedding:jtug4t","level":"debug","message":"缓存命中","timestamp":"2026-09-04 17:55:59"}
{"level":"debug","message":"使用缓存 [128/221]","timestamp":"2026-09-04 17:55:59"}
{"key":"manmanshou:embedding:yliijd","level":"debug","message":"缓存命中","timestamp":"2026-09-04 17:55:59"}
{"level":"debug","message":"使用缓存 [129/221]","timestamp":"2026-09-04 17:55:59"}
{"key":"manmanshou:embedding:a39sq","level":"debug","message":"缓存命中","timestamp":"2026-09-04 17:55:59"}
{"level":"debug","message":"使用缓存 [130/221]","timestamp":"2026-09-04 17:55:59"}
{"level":"info","message":"已完成 130/221，暂停3秒...","timestamp":"2026-09-04 17:55:59"}
{"key":"manmanshou:embedding:vzqjin","level":"debug","message":"缓存命中","timestamp":"2026-09-04 17:56:02"}
{"level":"debug","message":"使用缓存 [131/221]","timestamp":"2026-09-04 17:56:02"}
{"key":"manmanshou:embedding:kainzy","level":"debug","message":"缓存命中","timestamp":"2026-09-04 17:56:02"}
{"level":"debug","message":"使用缓存 [132/221]","timestamp":"2026-09-04 17:56:02"}
{"key":"manmanshou:embedding:if551q","level":"debug","message":"缓存命中","timestamp":"2026-09-04 17:56:02"}
{"level":"debug","message":"使用缓存 [133/221]","timestamp":"2026-09-04 17:56:02"}
{"key":"manmanshou:embedding:9e1fnl","level":"debug","message":"缓存命中","timestamp":"2026-09-04 17:56:02"}
{"level":"debug","message":"使用缓存 [134/221]","timestamp":"2026-09-04 17:56:02"}
{"key":"manmanshou:embedding:mye0nu","level":"debug","message":"缓存命中","timestamp":"2026-09-04 17:56:02"}
{"level":"debug","message":"使用缓存 [135/221]","timestamp":"2026-09-04 17:56:02"}
{"key":"manmanshou:embedding:fzfa7j","level":"debug","message":"缓存命中","timestamp":"2026-09-04 17:56:02"}
{"level":"debug","message":"使用缓存 [136/221]","timestamp":"2026-09-04 17:56:02"}
{"key":"manmanshou:embedding:mwkfdq","level":"debug","message":"缓存命中","timestamp":"2026-09-04 17:56:02"}
{"level":"debug","message":"使用缓存 [137/221]","timestamp":"2026-09-04 17:56:02"}
{"key":"manmanshou:embedding:vpuhjn","level":"debug","message":"缓存命中","timestamp":"2026-09-04 17:56:02"}
{"level":"debug","message":"使用缓存 [138/221]","timestamp":"2026-09-04 17:56:02"}
{"key":"manmanshou:embedding:ggxrlx","level":"debug","message":"缓存命中","timestamp":"2026-09-04 17:56:02"}
{"level":"debug","message":"使用缓存 [139/221]","timestamp":"2026-09-04 17:56:02"}
{"key":"manmanshou:embedding:g84wrl","level":"debug","message":"缓存命中","timestamp":"2026-09-04 17:56:02"}
{"level":"debug","message":"使用缓存 [140/221]","timestamp":"2026-09-04 17:56:02"}
{"level":"info","message":"已完成 140/221，暂停3秒...","timestamp":"2026-09-04 17:56:02"}
{"key":"manmanshou:embedding:5k2y19","level":"debug","message":"缓存命中","timestamp":"2026-09-04 17:56:05"}
{"level":"debug","message":"使用缓存 [141/221]","timestamp":"2026-09-04 17:56:05"}
{"key":"manmanshou:embedding:jx184s","level":"debug","message":"缓存命中","timestamp":"2026-09-04 17:56:05"}
{"level":"debug","message":"使用缓存 [142/221]","timestamp":"2026-09-04 17:56:05"}
{"key":"manmanshou:embedding:cy5hkj","level":"debug","message":"缓存命中","timestamp":"2026-09-04 17:56:05"}
{"level":"debug","message":"使用缓存 [143/221]","timestamp":"2026-09-04 17:56:05"}
{"key":"manmanshou:embedding:v9ezsu","level":"debug","message":"缓存命中","timestamp":"2026-09-04 17:56:05"}
{"level":"debug","message":"使用缓存 [144/221]","timestamp":"2026-09-04 17:56:05"}
{"key":"manmanshou:embedding:174af5","level":"debug","message":"缓存命中","timestamp":"2026-09-04 17:56:05"}
{"level":"debug","message":"使用缓存 [145/221]","timestamp":"2026-09-04 17:56:05"}
{"key":"manmanshou:embedding:ripquy","level":"debug","message":"缓存命中","timestamp":"2026-09-04 17:56:05"}
{"level":"debug","message":"使用缓存 [146/221]","timestamp":"2026-09-04 17:56:05"}
{"key":"manmanshou:embedding:zanzge","level":"debug","message":"缓存命中","timestamp":"2026-09-04 17:56:05"}
{"level":"debug","message":"使用缓存 [147/221]","timestamp":"2026-09-04 17:56:05"}
{"key":"manmanshou:embedding:d3ksls","level":"debug","message":"缓存命中","timestamp":"2026-09-04 17:56:05"}
{"level":"debug","message":"使用缓存 [148/221]","timestamp":"2026-09-04 17:56:05"}
{"key":"manmanshou:embedding:1zouax","level":"debug","message":"缓存命中","timestamp":"2026-09-04 17:56:05"}
{"level":"debug","message":"使用缓存 [149/221]","timestamp":"2026-09-04 17:56:05"}
{"key":"manmanshou:embedding:lvkw4o","level":"debug","message":"缓存命中","timestamp":"2026-09-04 17:56:05"}
{"level":"debug","message":"使用缓存 [150/221]","timestamp":"2026-09-04 17:56:05"}
{"level":"info","message":"已完成 150/221，暂停3秒...","timestamp":"2026-09-04 17:56:05"}
{"key":"manmanshou:embedding:w3uyew","level":"debug","message":"缓存命中","timestamp":"2026-09-04 17:56:08"}
{"level":"debug","message":"使用缓存 [151/221]","timestamp":"2026-09-04 17:56:08"}
{"key":"manmanshou:embedding:wjcoay","level":"debug","message":"缓存命中","timestamp":"2026-09-04 17:56:08"}
{"level":"debug","message":"使用缓存 [152/221]","timestamp":"2026-09-04 17:56:08"}
{"key":"manmanshou:embedding:mgijrr","level":"debug","message":"缓存命中","timestamp":"2026-09-04 17:56:08"}
{"level":"debug","message":"使用缓存 [153/221]","timestamp":"2026-09-04 17:56:08"}
{"key":"manmanshou:embedding:llq8se","level":"debug","message":"缓存命中","timestamp":"2026-09-04 17:56:08"}
{"level":"debug","message":"使用缓存 [154/221]","timestamp":"2026-09-04 17:56:08"}
{"key":"manmanshou:embedding:ica6n0","level":"debug","message":"缓存命中","timestamp":"2026-09-04 17:56:08"}
{"level":"debug","message":"使用缓存 [155/221]","timestamp":"2026-09-04 17:56:08"}
{"key":"manmanshou:embedding:ghg2r2","level":"debug","message":"缓存命中","timestamp":"2026-09-04 17:56:08"}
{"level":"debug","message":"使用缓存 [156/221]","timestamp":"2026-09-04 17:56:08"}
{"key":"manmanshou:embedding:qck2iu","level":"debug","message":"缓存命中","timestamp":"2026-09-04 17:56:08"}
{"level":"debug","message":"使用缓存 [157/221]","timestamp":"2026-09-04 17:56:08"}
{"key":"manmanshou:embedding:wuizim","level":"debug","message":"缓存命中","timestamp":"2026-09-04 17:56:08"}
{"level":"debug","message":"使用缓存 [158/221]","timestamp":"2026-09-04 17:56:08"}
{"key":"manmanshou:embedding:a1kbrq","level":"debug","message":"缓存命中","timestamp":"2026-09-04 17:56:08"}
{"level":"debug","message":"使用缓存 [159/221]","timestamp":"2026-09-04 17:56:08"}
{"key":"manmanshou:embedding:kcn72c","level":"debug","message":"缓存命中","timestamp":"2026-09-04 17:56:08"}
{"level":"debug","message":"使用缓存 [160/221]","timestamp":"2026-09-04 17:56:08"}
{"level":"info","message":"已完成 160/221，暂停3秒...","timestamp":"2026-09-04 17:56:08"}
{"key":"manmanshou:embedding:aii3wu","level":"debug","message":"缓存命中","timestamp":"2026-09-04 17:56:11"}
{"level":"debug","message":"使用缓存 [161/221]","timestamp":"2026-09-04 17:56:11"}
{"key":"manmanshou:embedding:d8x80i","level":"debug","message":"缓存命中","timestamp":"2026-09-04 17:56:11"}
{"level":"debug","message":"使用缓存 [162/221]","timestamp":"2026-09-04 17:56:11"}
{"key":"manmanshou:embedding:6s85aq","level":"debug","message":"缓存命中","timestamp":"2026-09-04 17:56:11"}
{"level":"debug","message":"使用缓存 [163/221]","timestamp":"2026-09-04 17:56:11"}
{"key":"manmanshou:embedding:94ezvs","level":"debug","message":"缓存命中","timestamp":"2026-09-04 17:56:11"}
{"level":"debug","message":"使用缓存 [164/221]","timestamp":"2026-09-04 17:56:11"}
{"key":"manmanshou:embedding:9cjfr4","level":"debug","message":"缓存命中","timestamp":"2026-09-04 17:56:11"}
{"level":"debug","message":"使用缓存 [165/221]","timestamp":"2026-09-04 17:56:11"}
{"key":"manmanshou:embedding:tg7us8","level":"debug","message":"缓存命中","timestamp":"2026-09-04 17:56:11"}
{"level":"debug","message":"使用缓存 [166/221]","timestamp":"2026-09-04 17:56:11"}
{"key":"manmanshou:embedding:2x6h0k","level":"debug","message":"缓存命中","timestamp":"2026-09-04 17:56:11"}
{"level":"debug","message":"使用缓存 [167/221]","timestamp":"2026-09-04 17:56:11"}
{"key":"manmanshou:embedding:ap2gfk","level":"debug","message":"缓存命中","timestamp":"2026-09-04 17:56:11"}
{"level":"debug","message":"使用缓存 [168/221]","timestamp":"2026-09-04 17:56:11"}
{"key":"manmanshou:embedding:rzddqs","level":"debug","message":"缓存命中","timestamp":"2026-09-04 17:56:11"}
{"level":"debug","message":"使用缓存 [169/221]","timestamp":"2026-09-04 17:56:11"}
{"key":"manmanshou:embedding:2sh5vu","level":"debug","message":"缓存命中","timestamp":"2026-09-04 17:56:11"}
{"level":"debug","message":"使用缓存 [170/221]","timestamp":"2026-09-04 17:56:11"}
{"level":"info","message":"已完成 170/221，暂停3秒...","timestamp":"2026-09-04 17:56:11"}
{"key":"manmanshou:embedding:cla14t","level":"debug","message":"缓存命中","timestamp":"2026-09-04 17:56:14"}
{"level":"debug","message":"使用缓存 [171/221]","timestamp":"2026-09-04 17:56:14"}
{"key":"manmanshou:embedding:17bzoa","level":"debug","message":"缓存命中","timestamp":"2026-09-04 17:56:14"}
{"level":"debug","message":"使用缓存 [172/221]","timestamp":"2026-09-04 17:56:14"}
{"key":"manmanshou:embedding:onk77x","level":"debug","message":"缓存命中","timestamp":"2026-09-04 17:56:14"}
{"level":"debug","message":"使用缓存 [173/221]","timestamp":"2026-09-04 17:56:14"}
{"key":"manmanshou:embedding:qdwdw8","level":"debug","message":"缓存命中","timestamp":"2026-09-04 17:56:14"}
{"level":"debug","message":"使用缓存 [174/221]","timestamp":"2026-09-04 17:56:14"}
{"key":"manmanshou:embedding:gfwuew","level":"debug","message":"缓存命中","timestamp":"2026-09-04 17:56:14"}
{"level":"debug","message":"使用缓存 [175/221]","timestamp":"2026-09-04 17:56:14"}
{"key":"manmanshou:embedding:e0c3h7","level":"debug","message":"缓存命中","timestamp":"2026-09-04 17:56:14"}
{"level":"debug","message":"使用缓存 [176/221]","timestamp":"2026-09-04 17:56:14"}
{"key":"manmanshou:embedding:fesssm","level":"debug","message":"缓存命中","timestamp":"2026-09-04 17:56:14"}
{"level":"debug","message":"使用缓存 [177/221]","timestamp":"2026-09-04 17:56:14"}
{"key":"manmanshou:embedding:goqra7","level":"debug","message":"缓存命中","timestamp":"2026-09-04 17:56:14"}
{"level":"debug","message":"使用缓存 [178/221]","timestamp":"2026-09-04 17:56:14"}
{"key":"manmanshou:embedding:z6ley6","level":"debug","message":"缓存命中","timestamp":"2026-09-04 17:56:14"}
{"level":"debug","message":"使用缓存 [179/221]","timestamp":"2026-09-04 17:56:14"}
{"key":"manmanshou:embedding:y2ki7n","level":"debug","message":"缓存命中","timestamp":"2026-09-04 17:56:14"}
{"level":"debug","message":"使用缓存 [180/221]","timestamp":"2026-09-04 17:56:14"}
{"level":"info","message":"已完成 180/221，暂停3秒...","timestamp":"2026-09-04 17:56:14"}
{"key":"manmanshou:embedding:2ba7q7","level":"debug","message":"缓存命中","timestamp":"2026-09-04 17:56:18"}
{"level":"debug","message":"使用缓存 [181/221]","timestamp":"2026-09-04 17:56:18"}
{"key":"manmanshou:embedding:7ss57b","level":"debug","message":"缓存命中","timestamp":"2026-09-04 17:56:18"}
{"level":"debug","message":"使用缓存 [182/221]","timestamp":"2026-09-04 17:56:18"}
{"key":"manmanshou:embedding:d7v9x5","level":"debug","message":"缓存命中","timestamp":"2026-09-04 17:56:18"}
{"level":"debug","message":"使用缓存 [183/221]","timestamp":"2026-09-04 17:56:18"}
{"key":"manmanshou:embedding:bvk9dz","level":"debug","message":"缓存命中","timestamp":"2026-09-04 17:56:18"}
{"level":"debug","message":"使用缓存 [184/221]","timestamp":"2026-09-04 17:56:18"}
{"key":"manmanshou:embedding:135y6o","level":"debug","message":"缓存命中","timestamp":"2026-09-04 17:56:18"}
{"level":"debug","message":"使用缓存 [185/221]","timestamp":"2026-09-04 17:56:18"}
{"key":"manmanshou:embedding:3sgepf","level":"debug","message":"缓存命中","timestamp":"2026-09-04 17:56:18"}
{"level":"debug","message":"使用缓存 [186/221]","timestamp":"2026-09-04 17:56:18"}
{"key":"manmanshou:embedding:5lbpl8","level":"debug","message":"缓存命中","timestamp":"2026-09-04 17:56:18"}
{"level":"debug","message":"使用缓存 [187/221]","timestamp":"2026-09-04 17:56:18"}
{"key":"manmanshou:embedding:ftckbm","level":"debug","message":"缓存命中","timestamp":"2026-09-04 17:56:18"}
{"level":"debug","message":"使用缓存 [188/221]","timestamp":"2026-09-04 17:56:18"}
{"key":"manmanshou:embedding:g6xh7b","level":"debug","message":"缓存命中","timestamp":"2026-09-04 17:56:18"}
{"level":"debug","message":"使用缓存 [189/221]","timestamp":"2026-09-04 17:56:18"}
{"key":"manmanshou:embedding:uaxl1n","level":"debug","message":"缓存命中","timestamp":"2026-09-04 17:56:18"}
{"level":"debug","message":"使用缓存 [190/221]","timestamp":"2026-09-04 17:56:18"}
{"level":"info","message":"已完成 190/221，暂停3秒...","timestamp":"2026-09-04 17:56:18"}
{"key":"manmanshou:embedding:le5jiu","level":"debug","message":"缓存命中","timestamp":"2026-09-04 17:56:21"}
{"level":"debug","message":"使用缓存 [191/221]","timestamp":"2026-09-04 17:56:21"}
{"key":"manmanshou:embedding:lwjyq4","level":"debug","message":"缓存命中","timestamp":"2026-09-04 17:56:21"}
{"level":"debug","message":"使用缓存 [192/221]","timestamp":"2026-09-04 17:56:21"}
{"key":"manmanshou:embedding:drv1ir","level":"debug","message":"缓存命中","timestamp":"2026-09-04 17:56:21"}
{"level":"debug","message":"使用缓存 [193/221]","timestamp":"2026-09-04 17:56:21"}
{"key":"manmanshou:embedding:o2gg79","level":"debug","message":"缓存命中","timestamp":"2026-09-04 17:56:21"}
{"level":"debug","message":"使用缓存 [194/221]","timestamp":"2026-09-04 17:56:21"}
{"key":"manmanshou:embedding:orj66c","level":"debug","message":"缓存命中","timestamp":"2026-09-04 17:56:21"}
{"level":"debug","message":"使用缓存 [195/221]","timestamp":"2026-09-04 17:56:21"}
{"key":"manmanshou:embedding:vz9jv7","level":"debug","message":"缓存命中","timestamp":"2026-09-04 17:56:21"}
{"level":"debug","message":"使用缓存 [196/221]","timestamp":"2026-09-04 17:56:21"}
{"key":"manmanshou:embedding:lemsbt","level":"debug","message":"缓存命中","timestamp":"2026-09-04 17:56:21"}
{"level":"debug","message":"使用缓存 [197/221]","timestamp":"2026-09-04 17:56:21"}
{"key":"manmanshou:embedding:ljp19w","level":"debug","message":"缓存命中","timestamp":"2026-09-04 17:56:21"}
{"level":"debug","message":"使用缓存 [198/221]","timestamp":"2026-09-04 17:56:21"}
{"key":"manmanshou:embedding:xaxhwx","level":"debug","message":"缓存命中","timestamp":"2026-09-04 17:56:21"}
{"level":"debug","message":"使用缓存 [199/221]","timestamp":"2026-09-04 17:56:21"}
{"key":"manmanshou:embedding:2s6q6s","level":"debug","message":"缓存命中","timestamp":"2026-09-04 17:56:21"}
{"level":"debug","message":"使用缓存 [200/221]","timestamp":"2026-09-04 17:56:21"}
{"level":"info","message":"已完成 200/221，暂停3秒...","timestamp":"2026-09-04 17:56:21"}
{"key":"manmanshou:embedding:9whmxe","level":"debug","message":"缓存命中","timestamp":"2026-09-04 17:56:24"}
{"level":"debug","message":"使用缓存 [201/221]","timestamp":"2026-09-04 17:56:24"}
{"key":"manmanshou:embedding:ps7pd8","level":"debug","message":"缓存命中","timestamp":"2026-09-04 17:56:24"}
{"level":"debug","message":"使用缓存 [202/221]","timestamp":"2026-09-04 17:56:24"}
{"key":"manmanshou:embedding:te00sh","level":"debug","message":"缓存命中","timestamp":"2026-09-04 17:56:24"}
{"level":"debug","message":"使用缓存 [203/221]","timestamp":"2026-09-04 17:56:24"}
{"key":"manmanshou:embedding:v776vs","level":"debug","message":"缓存命中","timestamp":"2026-09-04 17:56:24"}
{"level":"debug","message":"使用缓存 [204/221]","timestamp":"2026-09-04 17:56:24"}
{"key":"manmanshou:embedding:yqnm2h","level":"debug","message":"缓存命中","timestamp":"2026-09-04 17:56:24"}
{"level":"debug","message":"使用缓存 [205/221]","timestamp":"2026-09-04 17:56:24"}
{"key":"manmanshou:embedding:lyknk4","level":"debug","message":"缓存命中","timestamp":"2026-09-04 17:56:24"}
{"level":"debug","message":"使用缓存 [206/221]","timestamp":"2026-09-04 17:56:24"}
{"key":"manmanshou:embedding:1wip90","level":"debug","message":"缓存命中","timestamp":"2026-09-04 17:56:24"}
{"level":"debug","message":"使用缓存 [207/221]","timestamp":"2026-09-04 17:56:24"}
{"key":"manmanshou:embedding:ep4hhg","level":"debug","message":"缓存命中","timestamp":"2026-09-04 17:56:24"}
{"level":"debug","message":"使用缓存 [208/221]","timestamp":"2026-09-04 17:56:24"}
{"key":"manmanshou:embedding:j8o37i","level":"debug","message":"缓存命中","timestamp":"2026-09-04 17:56:24"}
{"level":"debug","message":"使用缓存 [209/221]","timestamp":"2026-09-04 17:56:24"}
{"key":"manmanshou:embedding:rks3na","level":"debug","message":"缓存命中","timestamp":"2026-09-04 17:56:24"}
{"level":"debug","message":"使用缓存 [210/221]","timestamp":"2026-09-04 17:56:24"}
{"level":"info","message":"已完成 210/221，暂停3秒...","timestamp":"2026-09-04 17:56:24"}
{"key":"manmanshou:embedding:ylr78t","level":"debug","message":"缓存命中","timestamp":"2026-09-04 17:56:27"}
{"level":"debug","message":"使用缓存 [211/221]","timestamp":"2026-09-04 17:56:27"}
{"key":"manmanshou:embedding:l3ne9q","level":"debug","message":"缓存命中","timestamp":"2026-09-04 17:56:27"}
{"level":"debug","message":"使用缓存 [212/221]","timestamp":"2026-09-04 17:56:27"}
{"key":"manmanshou:embedding:83z4dp","level":"debug","message":"缓存命中","timestamp":"2026-09-04 17:56:27"}
{"level":"debug","message":"使用缓存 [213/221]","timestamp":"2026-09-04 17:56:27"}
{"key":"manmanshou:embedding:u6conv","level":"debug","message":"缓存命中","timestamp":"2026-09-04 17:56:27"}
{"level":"debug","message":"使用缓存 [214/221]","timestamp":"2026-09-04 17:56:27"}
{"key":"manmanshou:embedding:xdhb5p","level":"debug","message":"缓存命中","timestamp":"2026-09-04 17:56:27"}
{"level":"debug","message":"使用缓存 [215/221]","timestamp":"2026-09-04 17:56:27"}
{"key":"manmanshou:embedding:n4yojs","level":"debug","message":"缓存命中","timestamp":"2026-09-04 17:56:27"}
{"level":"debug","message":"使用缓存 [216/221]","timestamp":"2026-09-04 17:56:27"}
{"key":"manmanshou:embedding:gtx955","level":"debug","message":"缓存命中","timestamp":"2026-09-04 17:56:27"}
{"level":"debug","message":"使用缓存 [217/221]","timestamp":"2026-09-04 17:56:27"}
{"key":"manmanshou:embedding:63rfrf","level":"debug","message":"缓存命中","timestamp":"2026-09-04 17:56:27"}
{"level":"debug","message":"使用缓存 [218/221]","timestamp":"2026-09-04 17:56:27"}
{"key":"manmanshou:embedding:bhgu9p","level":"debug","message":"缓存命中","timestamp":"2026-09-04 17:56:27"}
{"level":"debug","message":"使用缓存 [219/221]","timestamp":"2026-09-04 17:56:27"}
{"key":"manmanshou:embedding:967xn","level":"debug","message":"缓存命中","timestamp":"2026-09-04 17:56:27"}
{"level":"debug","message":"使用缓存 [220/221]","timestamp":"2026-09-04 17:56:27"}
{"level":"info","message":"已完成 220/221，暂停3秒...","timestamp":"2026-09-04 17:56:27"}
{"key":"manmanshou:embedding:1aoa73","level":"debug","message":"缓存命中","timestamp":"2026-09-04 17:56:30"}
{"level":"debug","message":"使用缓存 [221/221]","timestamp":"2026-09-04 17:56:30"}
{"error":"Bad Request","level":"error","message":"向量插入失败","timestamp":"2026-09-04 17:56:30"}
{"error":"Bad Request","level":"error","message":"向量化失败","timestamp":"2026-09-04 17:56:30"}
{"level":"info","message":"已保存 221 个文档到内存","timestamp":"2026-09-04 17:56:30"}
{"filename":"D:\\科林冲刺\\项目班\\AI\\AIcode\\慢慢瘦\\logs\\metrics-2026-09-04.json","level":"info","message":"指标已保存","timestamp":"2026-09-04 17:59:04"}
{"filename":"D:\\科林冲刺\\项目班\\AI\\AIcode\\慢慢瘦\\logs\\metrics-2026-09-04.json","level":"info","message":"指标已保存","timestamp":"2026-09-04 18:01:45"}
{"level":"info","message":"Elasticsearch客户端已初始化","timestamp":"2026-09-04 18:07:41"}
{"level":"info","message":"Embedding服务: dashscope","timestamp":"2026-09-04 18:07:41"}
{"level":"info","message":"Redis连接成功","timestamp":"2026-09-04 18:07:41"}
{"key":"manmanshou:embedding:y6heyu","level":"debug","message":"缓存已设置","timestamp":"2026-09-04 18:07:41","ttl":604800}
{"level":"debug","message":"Embedding生成成功","provider":"dashscope","textLength":22,"timestamp":"2026-09-04 18:07:41"}
{"key":"manmanshou:embedding:uf17te","level":"debug","message":"缓存未命中","timestamp":"2026-09-04 18:07:41"}
{"key":"manmanshou:embedding:uf17te","level":"debug","message":"缓存未命中","timestamp":"2026-09-04 18:07:41"}
{"key":"manmanshou:embedding:uf17te","level":"debug","message":"缓存已设置","timestamp":"2026-09-04 18:07:41","ttl":604800}
{"level":"debug","message":"Embedding生成成功","provider":"dashscope","textLength":19,"timestamp":"2026-09-04 18:07:41"}
{"key":"manmanshou:embedding:lrqxg2","level":"debug","message":"缓存未命中","timestamp":"2026-09-04 18:07:41"}
{"key":"manmanshou:embedding:lrqxg2","level":"debug","message":"缓存未命中","timestamp":"2026-09-04 18:07:41"}
{"key":"manmanshou:embedding:lrqxg2","level":"debug","message":"缓存已设置","timestamp":"2026-09-04 18:07:42","ttl":604800}
{"level":"debug","message":"Embedding生成成功","provider":"dashscope","textLength":19,"timestamp":"2026-09-04 18:07:42"}
{"error":"Bad Request","level":"error","message":"向量插入失败","timestamp":"2026-09-04 18:07:42"}
{"filename":"D:\\科林冲刺\\项目班\\AI\\AIcode\\慢慢瘦\\logs\\metrics-2026-09-04.json","level":"info","message":"指标已保存","timestamp":"2026-09-04 18:32:52"}
{"filename":"D:\\科林冲刺\\项目班\\AI\\AIcode\\慢慢瘦\\logs\\metrics-2026-09-04.json","level":"info","message":"指标已保存","timestamp":"2026-09-04 18:45:04"}
{"level":"info","message":"Elasticsearch客户端已初始化","timestamp":"2026-09-04 18:46:56"}
{"level":"info","message":"Embedding服务: dashscope","timestamp":"2026-09-04 18:46:56"}
{"level":"info","message":"Redis连接成功","timestamp":"2026-09-04 18:46:56"}
{"key":"manmanshou:embedding:y6heyu","level":"debug","message":"缓存已设置","timestamp":"2026-09-04 18:46:56","ttl":604800}
{"level":"debug","message":"Embedding生成成功","provider":"dashscope","textLength":22,"timestamp":"2026-09-04 18:46:56"}
{"key":"manmanshou:embedding:uf17te","level":"debug","message":"缓存命中","timestamp":"2026-09-04 18:46:57"}
{"level":"debug","message":"使用缓存 [2/3]","timestamp":"2026-09-04 18:46:57"}
{"key":"manmanshou:embedding:lrqxg2","level":"debug","message":"缓存命中","timestamp":"2026-09-04 18:46:57"}
{"level":"debug","message":"使用缓存 [3/3]","timestamp":"2026-09-04 18:46:57"}
{"error":"Bad Request","level":"error","message":"向量插入失败","timestamp":"2026-09-04 18:46:57"}
{"level":"info","message":"Elasticsearch客户端已初始化","timestamp":"2026-09-04 18:48:34"}
{"level":"info","message":"Embedding服务: dashscope","timestamp":"2026-09-04 18:48:34"}
{"level":"info","message":"Redis连接成功","timestamp":"2026-09-04 18:48:34"}
{"key":"manmanshou:embedding:y6heyu","level":"debug","message":"缓存已设置","timestamp":"2026-09-04 18:48:34","ttl":604800}
{"level":"debug","message":"Embedding生成成功","provider":"dashscope","textLength":22,"timestamp":"2026-09-04 18:48:34"}
{"key":"manmanshou:embedding:uf17te","level":"debug","message":"缓存命中","timestamp":"2026-09-04 18:48:34"}
{"level":"debug","message":"使用缓存 [2/3]","timestamp":"2026-09-04 18:48:34"}
{"key":"manmanshou:embedding:lrqxg2","level":"debug","message":"缓存命中","timestamp":"2026-09-04 18:48:34"}
{"level":"debug","message":"使用缓存 [3/3]","timestamp":"2026-09-04 18:48:34"}
{"error":"Bad Request","level":"error","message":"向量插入失败","timestamp":"2026-09-04 18:48:34"}
{"level":"info","message":"Elasticsearch客户端已初始化","timestamp":"2026-09-04 18:49:43"}
{"level":"info","message":"Embedding服务: zhipu","timestamp":"2026-09-04 18:49:43"}
{"level":"info","message":"Redis连接成功","timestamp":"2026-09-04 18:49:43"}
{"level":"info","message":"Qdrant集合已删除: manmanshou_knowledge","timestamp":"2026-09-04 18:49:43"}
{"level":"info","message":"Qdrant集合已创建: manmanshou_knowledge","timestamp":"2026-09-04 18:49:44"}
{"level":"info","message":"Elasticsearch客户端已初始化","timestamp":"2026-09-04 18:51:59"}
{"level":"info","message":"Embedding服务: dashscope","timestamp":"2026-09-04 18:51:59"}
{"level":"info","message":"Redis连接成功","timestamp":"2026-09-04 18:51:59"}
{"key":"manmanshou:embedding:y6heyu","level":"debug","message":"缓存已设置","timestamp":"2026-09-04 18:52:00","ttl":604800}
{"level":"debug","message":"Embedding生成成功","provider":"dashscope","textLength":22,"timestamp":"2026-09-04 18:52:00"}
{"key":"manmanshou:embedding:uf17te","level":"debug","message":"缓存命中","timestamp":"2026-09-04 18:52:00"}
{"level":"debug","message":"使用缓存 [2/3]","timestamp":"2026-09-04 18:52:00"}
{"key":"manmanshou:embedding:lrqxg2","level":"debug","message":"缓存命中","timestamp":"2026-09-04 18:52:00"}
{"level":"debug","message":"使用缓存 [3/3]","timestamp":"2026-09-04 18:52:00"}
{"level":"info","message":"已插入 3 个向量到Qdrant","timestamp":"2026-09-04 18:52:00"}
{"duration":20,"level":"debug","message":"Qdrant检索完成","resultsCount":3,"timestamp":"2026-09-04 18:52:00","topK":3}
{"level":"info","message":"Elasticsearch客户端已初始化","timestamp":"2026-09-04 18:52:54"}
{"level":"info","message":"Embedding服务: dashscope","timestamp":"2026-09-04 18:52:54"}
{"level":"info","message":"Redis连接成功","timestamp":"2026-09-04 18:52:54"}
{"level":"info","message":"Qdrant集合已存在: manmanshou_knowledge","timestamp":"2026-09-04 18:52:54"}
{"error":"mapper_parsing_exception\n\tCaused by:\n\t\tillegal_argument_exception: analyzer [ik_smart] has not been configured in mappings\n\tRoot causes:\n\t\tmapper_parsing_exception: Failed to parse mapping: analyzer [ik_smart] has not been configured in mappings","level":"error","message":"ES索引初始化失败","timestamp":"2026-09-04 18:52:54"}
{"key":"manmanshou:embedding:8a0mbz","level":"debug","message":"缓存命中","timestamp":"2026-09-04 18:52:54"}
{"level":"debug","message":"使用缓存 [1/221]","timestamp":"2026-09-04 18:52:54"}
{"key":"manmanshou:embedding:hrc6ux","level":"debug","message":"缓存命中","timestamp":"2026-09-04 18:52:54"}
{"level":"debug","message":"使用缓存 [2/221]","timestamp":"2026-09-04 18:52:54"}
{"key":"manmanshou:embedding:lbqev7","level":"debug","message":"缓存命中","timestamp":"2026-09-04 18:52:54"}
{"level":"debug","message":"使用缓存 [3/221]","timestamp":"2026-09-04 18:52:54"}
{"key":"manmanshou:embedding:pqqx34","level":"debug","message":"缓存命中","timestamp":"2026-09-04 18:52:54"}
{"level":"debug","message":"使用缓存 [4/221]","timestamp":"2026-09-04 18:52:54"}
{"key":"manmanshou:embedding:urrhp5","level":"debug","message":"缓存命中","timestamp":"2026-09-04 18:52:54"}
{"level":"debug","message":"使用缓存 [5/221]","timestamp":"2026-09-04 18:52:54"}
{"key":"manmanshou:embedding:y4s28f","level":"debug","message":"缓存命中","timestamp":"2026-09-04 18:52:54"}
{"level":"debug","message":"使用缓存 [6/221]","timestamp":"2026-09-04 18:52:54"}
{"key":"manmanshou:embedding:zaspt9","level":"debug","message":"缓存命中","timestamp":"2026-09-04 18:52:54"}
{"level":"debug","message":"使用缓存 [7/221]","timestamp":"2026-09-04 18:52:54"}
{"key":"manmanshou:embedding:jy0vt8","level":"debug","message":"缓存命中","timestamp":"2026-09-04 18:52:54"}
{"level":"debug","message":"使用缓存 [8/221]","timestamp":"2026-09-04 18:52:54"}
{"key":"manmanshou:embedding:p38oit","level":"debug","message":"缓存命中","timestamp":"2026-09-04 18:52:54"}
{"level":"debug","message":"使用缓存 [9/221]","timestamp":"2026-09-04 18:52:54"}
{"key":"manmanshou:embedding:2erro5","level":"debug","message":"缓存命中","timestamp":"2026-09-04 18:52:54"}
{"level":"debug","message":"使用缓存 [10/221]","timestamp":"2026-09-04 18:52:54"}
{"level":"info","message":"已完成 10/221，暂停3秒...","timestamp":"2026-09-04 18:52:54"}
{"key":"manmanshou:embedding:t42ow7","level":"debug","message":"缓存命中","timestamp":"2026-09-04 18:52:57"}
{"level":"debug","message":"使用缓存 [11/221]","timestamp":"2026-09-04 18:52:57"}
{"key":"manmanshou:embedding:rkv157","level":"debug","message":"缓存命中","timestamp":"2026-09-04 18:52:57"}
{"level":"debug","message":"使用缓存 [12/221]","timestamp":"2026-09-04 18:52:57"}
{"key":"manmanshou:embedding:zhch6r","level":"debug","message":"缓存命中","timestamp":"2026-09-04 18:52:57"}
{"level":"debug","message":"使用缓存 [13/221]","timestamp":"2026-09-04 18:52:57"}
{"key":"manmanshou:embedding:bxyvsc","level":"debug","message":"缓存命中","timestamp":"2026-09-04 18:52:57"}
{"level":"debug","message":"使用缓存 [14/221]","timestamp":"2026-09-04 18:52:57"}
{"key":"manmanshou:embedding:jbprbj","level":"debug","message":"缓存命中","timestamp":"2026-09-04 18:52:57"}
{"level":"debug","message":"使用缓存 [15/221]","timestamp":"2026-09-04 18:52:57"}
{"key":"manmanshou:embedding:wmc4n3","level":"debug","message":"缓存命中","timestamp":"2026-09-04 18:52:58"}
{"level":"debug","message":"使用缓存 [16/221]","timestamp":"2026-09-04 18:52:58"}
{"key":"manmanshou:embedding:c9hgkb","level":"debug","message":"缓存命中","timestamp":"2026-09-04 18:52:58"}
{"level":"debug","message":"使用缓存 [17/221]","timestamp":"2026-09-04 18:52:58"}
{"key":"manmanshou:embedding:hyowao","level":"debug","message":"缓存命中","timestamp":"2026-09-04 18:52:58"}
{"level":"debug","message":"使用缓存 [18/221]","timestamp":"2026-09-04 18:52:58"}
{"key":"manmanshou:embedding:whmwh8","level":"debug","message":"缓存命中","timestamp":"2026-09-04 18:52:58"}
{"level":"debug","message":"使用缓存 [19/221]","timestamp":"2026-09-04 18:52:58"}
{"key":"manmanshou:embedding:oi0lnf","level":"debug","message":"缓存命中","timestamp":"2026-09-04 18:52:58"}
{"level":"debug","message":"使用缓存 [20/221]","timestamp":"2026-09-04 18:52:58"}
{"level":"info","message":"已完成 20/221，暂停3秒...","timestamp":"2026-09-04 18:52:58"}
{"key":"manmanshou:embedding:fy77kl","level":"debug","message":"缓存命中","timestamp":"2026-09-04 18:53:01"}
{"level":"debug","message":"使用缓存 [21/221]","timestamp":"2026-09-04 18:53:01"}
{"key":"manmanshou:embedding:xs5dzi","level":"debug","message":"缓存命中","timestamp":"2026-09-04 18:53:01"}
{"level":"debug","message":"使用缓存 [22/221]","timestamp":"2026-09-04 18:53:01"}
{"key":"manmanshou:embedding:mmgl0l","level":"debug","message":"缓存命中","timestamp":"2026-09-04 18:53:01"}
{"level":"debug","message":"使用缓存 [23/221]","timestamp":"2026-09-04 18:53:01"}
{"key":"manmanshou:embedding:2qatuu","level":"debug","message":"缓存命中","timestamp":"2026-09-04 18:53:01"}
{"level":"debug","message":"使用缓存 [24/221]","timestamp":"2026-09-04 18:53:01"}
{"key":"manmanshou:embedding:3re39o","level":"debug","message":"缓存命中","timestamp":"2026-09-04 18:53:01"}
{"level":"debug","message":"使用缓存 [25/221]","timestamp":"2026-09-04 18:53:01"}
{"key":"manmanshou:embedding:wx7s6l","level":"debug","message":"缓存命中","timestamp":"2026-09-04 18:53:01"}
{"level":"debug","message":"使用缓存 [26/221]","timestamp":"2026-09-04 18:53:01"}
{"key":"manmanshou:embedding:l8khz0","level":"debug","message":"缓存命中","timestamp":"2026-09-04 18:53:01"}
{"level":"debug","message":"使用缓存 [27/221]","timestamp":"2026-09-04 18:53:01"}
{"key":"manmanshou:embedding:ulri4x","level":"debug","message":"缓存命中","timestamp":"2026-09-04 18:53:01"}
{"level":"debug","message":"使用缓存 [28/221]","timestamp":"2026-09-04 18:53:01"}
{"key":"manmanshou:embedding:kehern","level":"debug","message":"缓存命中","timestamp":"2026-09-04 18:53:01"}
{"level":"debug","message":"使用缓存 [29/221]","timestamp":"2026-09-04 18:53:01"}
{"key":"manmanshou:embedding:lun01n","level":"debug","message":"缓存命中","timestamp":"2026-09-04 18:53:01"}
{"level":"debug","message":"使用缓存 [30/221]","timestamp":"2026-09-04 18:53:01"}
{"level":"info","message":"已完成 30/221，暂停3秒...","timestamp":"2026-09-04 18:53:01"}
{"key":"manmanshou:embedding:auvbqg","level":"debug","message":"缓存命中","timestamp":"2026-09-04 18:53:04"}
{"level":"debug","message":"使用缓存 [31/221]","timestamp":"2026-09-04 18:53:04"}
{"key":"manmanshou:embedding:uab44o","level":"debug","message":"缓存命中","timestamp":"2026-09-04 18:53:04"}
{"level":"debug","message":"使用缓存 [32/221]","timestamp":"2026-09-04 18:53:04"}
{"key":"manmanshou:embedding:ac7oj8","level":"debug","message":"缓存命中","timestamp":"2026-09-04 18:53:04"}
{"level":"debug","message":"使用缓存 [33/221]","timestamp":"2026-09-04 18:53:04"}
{"key":"manmanshou:embedding:mwnxjc","level":"debug","message":"缓存命中","timestamp":"2026-09-04 18:53:04"}
{"level":"debug","message":"使用缓存 [34/221]","timestamp":"2026-09-04 18:53:04"}
{"key":"manmanshou:embedding:ha32vs","level":"debug","message":"缓存命中","timestamp":"2026-09-04 18:53:04"}
{"level":"debug","message":"使用缓存 [35/221]","timestamp":"2026-09-04 18:53:04"}
{"key":"manmanshou:embedding:kfibt8","level":"debug","message":"缓存命中","timestamp":"2026-09-04 18:53:04"}
{"level":"debug","message":"使用缓存 [36/221]","timestamp":"2026-09-04 18:53:04"}
{"key":"manmanshou:embedding:33pzax","level":"debug","message":"缓存命中","timestamp":"2026-09-04 18:53:04"}
{"level":"debug","message":"使用缓存 [37/221]","timestamp":"2026-09-04 18:53:04"}
{"key":"manmanshou:embedding:l67yir","level":"debug","message":"缓存命中","timestamp":"2026-09-04 18:53:04"}
{"level":"debug","message":"使用缓存 [38/221]","timestamp":"2026-09-04 18:53:04"}
{"key":"manmanshou:embedding:jlpktv","level":"debug","message":"缓存命中","timestamp":"2026-09-04 18:53:04"}
{"level":"debug","message":"使用缓存 [39/221]","timestamp":"2026-09-04 18:53:04"}
{"key":"manmanshou:embedding:w5kkzl","level":"debug","message":"缓存命中","timestamp":"2026-09-04 18:53:04"}
{"level":"debug","message":"使用缓存 [40/221]","timestamp":"2026-09-04 18:53:04"}
{"level":"info","message":"已完成 40/221，暂停3秒...","timestamp":"2026-09-04 18:53:04"}
{"key":"manmanshou:embedding:hbvwb6","level":"debug","message":"缓存命中","timestamp":"2026-09-04 18:53:07"}
{"level":"debug","message":"使用缓存 [41/221]","timestamp":"2026-09-04 18:53:07"}
{"key":"manmanshou:embedding:2xhr6e","level":"debug","message":"缓存命中","timestamp":"2026-09-04 18:53:07"}
{"level":"debug","message":"使用缓存 [42/221]","timestamp":"2026-09-04 18:53:07"}
{"key":"manmanshou:embedding:slhsow","level":"debug","message":"缓存命中","timestamp":"2026-09-04 18:53:07"}
{"level":"debug","message":"使用缓存 [43/221]","timestamp":"2026-09-04 18:53:07"}
{"key":"manmanshou:embedding:jxceyo","level":"debug","message":"缓存命中","timestamp":"2026-09-04 18:53:07"}
{"level":"debug","message":"使用缓存 [44/221]","timestamp":"2026-09-04 18:53:07"}
{"key":"manmanshou:embedding:eexbs9","level":"debug","message":"缓存命中","timestamp":"2026-09-04 18:53:07"}
{"level":"debug","message":"使用缓存 [45/221]","timestamp":"2026-09-04 18:53:07"}
{"key":"manmanshou:embedding:61foey","level":"debug","message":"缓存命中","timestamp":"2026-09-04 18:53:07"}
{"level":"debug","message":"使用缓存 [46/221]","timestamp":"2026-09-04 18:53:07"}
{"key":"manmanshou:embedding:4gt7zj","level":"debug","message":"缓存命中","timestamp":"2026-09-04 18:53:07"}
{"level":"debug","message":"使用缓存 [47/221]","timestamp":"2026-09-04 18:53:07"}
{"key":"manmanshou:embedding:vn72ut","level":"debug","message":"缓存命中","timestamp":"2026-09-04 18:53:07"}
{"level":"debug","message":"使用缓存 [48/221]","timestamp":"2026-09-04 18:53:07"}
{"key":"manmanshou:embedding:33axjy","level":"debug","message":"缓存命中","timestamp":"2026-09-04 18:53:07"}
{"level":"debug","message":"使用缓存 [49/221]","timestamp":"2026-09-04 18:53:07"}
{"key":"manmanshou:embedding:9n91bi","level":"debug","message":"缓存命中","timestamp":"2026-09-04 18:53:07"}
{"level":"debug","message":"使用缓存 [50/221]","timestamp":"2026-09-04 18:53:07"}
{"level":"info","message":"已完成 50/221，暂停3秒...","timestamp":"2026-09-04 18:53:07"}
{"key":"manmanshou:embedding:7x0y9f","level":"debug","message":"缓存命中","timestamp":"2026-09-04 18:53:10"}
{"level":"debug","message":"使用缓存 [51/221]","timestamp":"2026-09-04 18:53:10"}
{"key":"manmanshou:embedding:f22m0p","level":"debug","message":"缓存命中","timestamp":"2026-09-04 18:53:10"}
{"level":"debug","message":"使用缓存 [52/221]","timestamp":"2026-09-04 18:53:10"}
{"key":"manmanshou:embedding:uriuty","level":"debug","message":"缓存命中","timestamp":"2026-09-04 18:53:10"}
{"level":"debug","message":"使用缓存 [53/221]","timestamp":"2026-09-04 18:53:10"}
{"key":"manmanshou:embedding:ny3m9d","level":"debug","message":"缓存命中","timestamp":"2026-09-04 18:53:10"}
{"level":"debug","message":"使用缓存 [54/221]","timestamp":"2026-09-04 18:53:10"}
{"key":"manmanshou:embedding:ec0epw","level":"debug","message":"缓存命中","timestamp":"2026-09-04 18:53:10"}
{"level":"debug","message":"使用缓存 [55/221]","timestamp":"2026-09-04 18:53:10"}
{"key":"manmanshou:embedding:2e12z8","level":"debug","message":"缓存命中","timestamp":"2026-09-04 18:53:10"}
{"level":"debug","message":"使用缓存 [56/221]","timestamp":"2026-09-04 18:53:10"}
{"key":"manmanshou:embedding:uumya3","level":"debug","message":"缓存命中","timestamp":"2026-09-04 18:53:10"}
{"level":"debug","message":"使用缓存 [57/221]","timestamp":"2026-09-04 18:53:10"}
{"key":"manmanshou:embedding:83bne","level":"debug","message":"缓存命中","timestamp":"2026-09-04 18:53:10"}
{"level":"debug","message":"使用缓存 [58/221]","timestamp":"2026-09-04 18:53:10"}
{"key":"manmanshou:embedding:ul8yyl","level":"debug","message":"缓存命中","timestamp":"2026-09-04 18:53:10"}
{"level":"debug","message":"使用缓存 [59/221]","timestamp":"2026-09-04 18:53:10"}
{"key":"manmanshou:embedding:mizn8i","level":"debug","message":"缓存命中","timestamp":"2026-09-04 18:53:10"}
{"level":"debug","message":"使用缓存 [60/221]","timestamp":"2026-09-04 18:53:10"}
{"level":"info","message":"已完成 60/221，暂停3秒...","timestamp":"2026-09-04 18:53:10"}
{"key":"manmanshou:embedding:oxf5yv","level":"debug","message":"缓存命中","timestamp":"2026-09-04 18:53:13"}
{"level":"debug","message":"使用缓存 [61/221]","timestamp":"2026-09-04 18:53:13"}
{"key":"manmanshou:embedding:6nsyia","level":"debug","message":"缓存命中","timestamp":"2026-09-04 18:53:13"}
{"level":"debug","message":"使用缓存 [62/221]","timestamp":"2026-09-04 18:53:13"}
{"key":"manmanshou:embedding:nnma5g","level":"debug","message":"缓存命中","timestamp":"2026-09-04 18:53:13"}
{"level":"debug","message":"使用缓存 [63/221]","timestamp":"2026-09-04 18:53:13"}
{"key":"manmanshou:embedding:q4tvrh","level":"debug","message":"缓存命中","timestamp":"2026-09-04 18:53:13"}
{"level":"debug","message":"使用缓存 [64/221]","timestamp":"2026-09-04 18:53:13"}
{"key":"manmanshou:embedding:eaktak","level":"debug","message":"缓存命中","timestamp":"2026-09-04 18:53:13"}
{"level":"debug","message":"使用缓存 [65/221]","timestamp":"2026-09-04 18:53:13"}
{"key":"manmanshou:embedding:xjyt9d","level":"debug","message":"缓存命中","timestamp":"2026-09-04 18:53:13"}
{"level":"debug","message":"使用缓存 [66/221]","timestamp":"2026-09-04 18:53:13"}
{"key":"manmanshou:embedding:9d7cqv","level":"debug","message":"缓存命中","timestamp":"2026-09-04 18:53:13"}
{"level":"debug","message":"使用缓存 [67/221]","timestamp":"2026-09-04 18:53:13"}
{"key":"manmanshou:embedding:22ybuf","level":"debug","message":"缓存命中","timestamp":"2026-09-04 18:53:13"}
{"level":"debug","message":"使用缓存 [68/221]","timestamp":"2026-09-04 18:53:13"}
{"key":"manmanshou:embedding:eylpys","level":"debug","message":"缓存命中","timestamp":"2026-09-04 18:53:13"}
{"level":"debug","message":"使用缓存 [69/221]","timestamp":"2026-09-04 18:53:13"}
{"key":"manmanshou:embedding:93wwat","level":"debug","message":"缓存命中","timestamp":"2026-09-04 18:53:13"}
{"level":"debug","message":"使用缓存 [70/221]","timestamp":"2026-09-04 18:53:13"}
{"level":"info","message":"已完成 70/221，暂停3秒...","timestamp":"2026-09-04 18:53:13"}
{"key":"manmanshou:embedding:s0tuct","level":"debug","message":"缓存命中","timestamp":"2026-09-04 18:53:16"}
{"level":"debug","message":"使用缓存 [71/221]","timestamp":"2026-09-04 18:53:16"}
{"key":"manmanshou:embedding:3rw0pp","level":"debug","message":"缓存命中","timestamp":"2026-09-04 18:53:16"}
{"level":"debug","message":"使用缓存 [72/221]","timestamp":"2026-09-04 18:53:16"}
{"key":"manmanshou:embedding:5r407h","level":"debug","message":"缓存命中","timestamp":"2026-09-04 18:53:16"}
{"level":"debug","message":"使用缓存 [73/221]","timestamp":"2026-09-04 18:53:16"}
{"key":"manmanshou:embedding:415ue6","level":"debug","message":"缓存命中","timestamp":"2026-09-04 18:53:16"}
{"level":"debug","message":"使用缓存 [74/221]","timestamp":"2026-09-04 18:53:16"}
{"key":"manmanshou:embedding:z4h0pb","level":"debug","message":"缓存命中","timestamp":"2026-09-04 18:53:16"}
{"level":"debug","message":"使用缓存 [75/221]","timestamp":"2026-09-04 18:53:16"}
{"key":"manmanshou:embedding:u6c2ia","level":"debug","message":"缓存命中","timestamp":"2026-09-04 18:53:16"}
{"level":"debug","message":"使用缓存 [76/221]","timestamp":"2026-09-04 18:53:16"}
{"key":"manmanshou:embedding:q51qvg","level":"debug","message":"缓存命中","timestamp":"2026-09-04 18:53:16"}
{"level":"debug","message":"使用缓存 [77/221]","timestamp":"2026-09-04 18:53:16"}
{"key":"manmanshou:embedding:4ixth1","level":"debug","message":"缓存命中","timestamp":"2026-09-04 18:53:16"}
{"level":"debug","message":"使用缓存 [78/221]","timestamp":"2026-09-04 18:53:16"}
{"key":"manmanshou:embedding:djpexr","level":"debug","message":"缓存命中","timestamp":"2026-09-04 18:53:16"}
{"level":"debug","message":"使用缓存 [79/221]","timestamp":"2026-09-04 18:53:16"}
{"key":"manmanshou:embedding:vznxkh","level":"debug","message":"缓存命中","timestamp":"2026-09-04 18:53:16"}
{"level":"debug","message":"使用缓存 [80/221]","timestamp":"2026-09-04 18:53:16"}
{"level":"info","message":"已完成 80/221，暂停3秒...","timestamp":"2026-09-04 18:53:16"}
{"key":"manmanshou:embedding:cl8ctz","level":"debug","message":"缓存命中","timestamp":"2026-09-04 18:53:19"}
{"level":"debug","message":"使用缓存 [81/221]","timestamp":"2026-09-04 18:53:19"}
{"key":"manmanshou:embedding:rpdcvk","level":"debug","message":"缓存命中","timestamp":"2026-09-04 18:53:19"}
{"level":"debug","message":"使用缓存 [82/221]","timestamp":"2026-09-04 18:53:19"}
{"key":"manmanshou:embedding:k4c88r","level":"debug","message":"缓存命中","timestamp":"2026-09-04 18:53:19"}
{"level":"debug","message":"使用缓存 [83/221]","timestamp":"2026-09-04 18:53:19"}
{"key":"manmanshou:embedding:je8wxn","level":"debug","message":"缓存命中","timestamp":"2026-09-04 18:53:19"}
{"level":"debug","message":"使用缓存 [84/221]","timestamp":"2026-09-04 18:53:19"}
{"key":"manmanshou:embedding:aj1ry3","level":"debug","message":"缓存命中","timestamp":"2026-09-04 18:53:19"}
{"level":"debug","message":"使用缓存 [85/221]","timestamp":"2026-09-04 18:53:19"}
{"key":"manmanshou:embedding:dmuokg","level":"debug","message":"缓存命中","timestamp":"2026-09-04 18:53:19"}
{"level":"debug","message":"使用缓存 [86/221]","timestamp":"2026-09-04 18:53:19"}
{"key":"manmanshou:embedding:pijosn","level":"debug","message":"缓存命中","timestamp":"2026-09-04 18:53:19"}
{"level":"debug","message":"使用缓存 [87/221]","timestamp":"2026-09-04 18:53:19"}
{"key":"manmanshou:embedding:80zz5e","level":"debug","message":"缓存命中","timestamp":"2026-09-04 18:53:19"}
{"level":"debug","message":"使用缓存 [88/221]","timestamp":"2026-09-04 18:53:19"}
{"key":"manmanshou:embedding:tg75be","level":"debug","message":"缓存命中","timestamp":"2026-09-04 18:53:19"}
{"level":"debug","message":"使用缓存 [89/221]","timestamp":"2026-09-04 18:53:19"}
{"key":"manmanshou:embedding:ndnf54","level":"debug","message":"缓存命中","timestamp":"2026-09-04 18:53:19"}
{"level":"debug","message":"使用缓存 [90/221]","timestamp":"2026-09-04 18:53:19"}
{"level":"info","message":"已完成 90/221，暂停3秒...","timestamp":"2026-09-04 18:53:19"}
{"key":"manmanshou:embedding:7twa35","level":"debug","message":"缓存命中","timestamp":"2026-09-04 18:53:22"}
{"level":"debug","message":"使用缓存 [91/221]","timestamp":"2026-09-04 18:53:22"}
{"key":"manmanshou:embedding:4x0h6r","level":"debug","message":"缓存命中","timestamp":"2026-09-04 18:53:22"}
{"level":"debug","message":"使用缓存 [92/221]","timestamp":"2026-09-04 18:53:22"}
{"key":"manmanshou:embedding:f9dai4","level":"debug","message":"缓存命中","timestamp":"2026-09-04 18:53:22"}
{"level":"debug","message":"使用缓存 [93/221]","timestamp":"2026-09-04 18:53:22"}
{"key":"manmanshou:embedding:khydh8","level":"debug","message":"缓存命中","timestamp":"2026-09-04 18:53:22"}
{"level":"debug","message":"使用缓存 [94/221]","timestamp":"2026-09-04 18:53:22"}
{"key":"manmanshou:embedding:nd3sm6","level":"debug","message":"缓存命中","timestamp":"2026-09-04 18:53:22"}
{"level":"debug","message":"使用缓存 [95/221]","timestamp":"2026-09-04 18:53:22"}
{"key":"manmanshou:embedding:xm2mij","level":"debug","message":"缓存命中","timestamp":"2026-09-04 18:53:22"}
{"level":"debug","message":"使用缓存 [96/221]","timestamp":"2026-09-04 18:53:22"}
{"key":"manmanshou:embedding:askahf","level":"debug","message":"缓存命中","timestamp":"2026-09-04 18:53:22"}
{"level":"debug","message":"使用缓存 [97/221]","timestamp":"2026-09-04 18:53:22"}
{"key":"manmanshou:embedding:ilcxs4","level":"debug","message":"缓存命中","timestamp":"2026-09-04 18:53:22"}
{"level":"debug","message":"使用缓存 [98/221]","timestamp":"2026-09-04 18:53:22"}
{"key":"manmanshou:embedding:qnell","level":"debug","message":"缓存命中","timestamp":"2026-09-04 18:53:22"}
{"level":"debug","message":"使用缓存 [99/221]","timestamp":"2026-09-04 18:53:22"}
{"key":"manmanshou:embedding:vdaggc","level":"debug","message":"缓存命中","timestamp":"2026-09-04 18:53:22"}
{"level":"debug","message":"使用缓存 [100/221]","timestamp":"2026-09-04 18:53:22"}
{"level":"info","message":"已完成 100/221，暂停3秒...","timestamp":"2026-09-04 18:53:22"}
{"key":"manmanshou:embedding:pmmr8","level":"debug","message":"缓存命中","timestamp":"2026-09-04 18:53:25"}
{"level":"debug","message":"使用缓存 [101/221]","timestamp":"2026-09-04 18:53:25"}
{"key":"manmanshou:embedding:u2c1ei","level":"debug","message":"缓存命中","timestamp":"2026-09-04 18:53:25"}
{"level":"debug","message":"使用缓存 [102/221]","timestamp":"2026-09-04 18:53:25"}
{"key":"manmanshou:embedding:akj3c8","level":"debug","message":"缓存命中","timestamp":"2026-09-04 18:53:25"}
{"level":"debug","message":"使用缓存 [103/221]","timestamp":"2026-09-04 18:53:25"}
{"key":"manmanshou:embedding:ujv7fp","level":"debug","message":"缓存命中","timestamp":"2026-09-04 18:53:25"}
{"level":"debug","message":"使用缓存 [104/221]","timestamp":"2026-09-04 18:53:25"}
{"key":"manmanshou:embedding:za54sy","level":"debug","message":"缓存命中","timestamp":"2026-09-04 18:53:25"}
{"level":"debug","message":"使用缓存 [105/221]","timestamp":"2026-09-04 18:53:25"}
{"key":"manmanshou:embedding:qpn5nk","level":"debug","message":"缓存命中","timestamp":"2026-09-04 18:53:25"}
{"level":"debug","message":"使用缓存 [106/221]","timestamp":"2026-09-04 18:53:25"}
{"key":"manmanshou:embedding:uesy25","level":"debug","message":"缓存命中","timestamp":"2026-09-04 18:53:25"}
{"level":"debug","message":"使用缓存 [107/221]","timestamp":"2026-09-04 18:53:25"}
{"key":"manmanshou:embedding:biauyt","level":"debug","message":"缓存命中","timestamp":"2026-09-04 18:53:25"}
{"level":"debug","message":"使用缓存 [108/221]","timestamp":"2026-09-04 18:53:25"}
{"key":"manmanshou:embedding:n14hvp","level":"debug","message":"缓存命中","timestamp":"2026-09-04 18:53:25"}
{"level":"debug","message":"使用缓存 [109/221]","timestamp":"2026-09-04 18:53:25"}
{"key":"manmanshou:embedding:k1ee8s","level":"debug","message":"缓存命中","timestamp":"2026-09-04 18:53:25"}
{"level":"debug","message":"使用缓存 [110/221]","timestamp":"2026-09-04 18:53:25"}
{"level":"info","message":"已完成 110/221，暂停3秒...","timestamp":"2026-09-04 18:53:25"}
{"key":"manmanshou:embedding:qewbfd","level":"debug","message":"缓存命中","timestamp":"2026-09-04 18:53:28"}
{"level":"debug","message":"使用缓存 [111/221]","timestamp":"2026-09-04 18:53:28"}
{"key":"manmanshou:embedding:d6q9cf","level":"debug","message":"缓存命中","timestamp":"2026-09-04 18:53:28"}
{"level":"debug","message":"使用缓存 [112/221]","timestamp":"2026-09-04 18:53:28"}
{"key":"manmanshou:embedding:nwg7wc","level":"debug","message":"缓存命中","timestamp":"2026-09-04 18:53:28"}
{"level":"debug","message":"使用缓存 [113/221]","timestamp":"2026-09-04 18:53:28"}
{"key":"manmanshou:embedding:7u2fb9","level":"debug","message":"缓存命中","timestamp":"2026-09-04 18:53:28"}
{"level":"debug","message":"使用缓存 [114/221]","timestamp":"2026-09-04 18:53:28"}
{"key":"manmanshou:embedding:8ijijm","level":"debug","message":"缓存命中","timestamp":"2026-09-04 18:53:28"}
{"level":"debug","message":"使用缓存 [115/221]","timestamp":"2026-09-04 18:53:28"}
{"key":"manmanshou:embedding:oqimh6","level":"debug","message":"缓存命中","timestamp":"2026-09-04 18:53:28"}
{"level":"debug","message":"使用缓存 [116/221]","timestamp":"2026-09-04 18:53:28"}
{"key":"manmanshou:embedding:33thj8","level":"debug","message":"缓存命中","timestamp":"2026-09-04 18:53:28"}
{"level":"debug","message":"使用缓存 [117/221]","timestamp":"2026-09-04 18:53:28"}
{"key":"manmanshou:embedding:6pl4fv","level":"debug","message":"缓存命中","timestamp":"2026-09-04 18:53:28"}
{"level":"debug","message":"使用缓存 [118/221]","timestamp":"2026-09-04 18:53:28"}
{"key":"manmanshou:embedding:og0q5c","level":"debug","message":"缓存命中","timestamp":"2026-09-04 18:53:28"}
{"level":"debug","message":"使用缓存 [119/221]","timestamp":"2026-09-04 18:53:28"}
{"key":"manmanshou:embedding:jszl3s","level":"debug","message":"缓存命中","timestamp":"2026-09-04 18:53:28"}
{"level":"debug","message":"使用缓存 [120/221]","timestamp":"2026-09-04 18:53:28"}
{"level":"info","message":"已完成 120/221，暂停3秒...","timestamp":"2026-09-04 18:53:28"}
{"key":"manmanshou:embedding:yh0vmz","level":"debug","message":"缓存命中","timestamp":"2026-09-04 18:53:31"}
{"level":"debug","message":"使用缓存 [121/221]","timestamp":"2026-09-04 18:53:31"}
{"key":"manmanshou:embedding:3ai4n","level":"debug","message":"缓存命中","timestamp":"2026-09-04 18:53:31"}
{"level":"debug","message":"使用缓存 [122/221]","timestamp":"2026-09-04 18:53:31"}
{"key":"manmanshou:embedding:1i0rz2","level":"debug","message":"缓存命中","timestamp":"2026-09-04 18:53:31"}
{"level":"debug","message":"使用缓存 [123/221]","timestamp":"2026-09-04 18:53:31"}
{"key":"manmanshou:embedding:doowux","level":"debug","message":"缓存命中","timestamp":"2026-09-04 18:53:31"}
{"level":"debug","message":"使用缓存 [124/221]","timestamp":"2026-09-04 18:53:31"}
{"key":"manmanshou:embedding:2ev5rx","level":"debug","message":"缓存命中","timestamp":"2026-09-04 18:53:31"}
{"level":"debug","message":"使用缓存 [125/221]","timestamp":"2026-09-04 18:53:31"}
{"key":"manmanshou:embedding:ouwktp","level":"debug","message":"缓存命中","timestamp":"2026-09-04 18:53:31"}
{"level":"debug","message":"使用缓存 [126/221]","timestamp":"2026-09-04 18:53:31"}
{"key":"manmanshou:embedding:qmjcyf","level":"debug","message":"缓存命中","timestamp":"2026-09-04 18:53:31"}
{"level":"debug","message":"使用缓存 [127/221]","timestamp":"2026-09-04 18:53:31"}
{"key":"manmanshou:embedding:jtug4t","level":"debug","message":"缓存命中","timestamp":"2026-09-04 18:53:31"}
{"level":"debug","message":"使用缓存 [128/221]","timestamp":"2026-09-04 18:53:31"}
{"key":"manmanshou:embedding:yliijd","level":"debug","message":"缓存命中","timestamp":"2026-09-04 18:53:31"}
{"level":"debug","message":"使用缓存 [129/221]","timestamp":"2026-09-04 18:53:31"}
{"key":"manmanshou:embedding:a39sq","level":"debug","message":"缓存命中","timestamp":"2026-09-04 18:53:31"}
{"level":"debug","message":"使用缓存 [130/221]","timestamp":"2026-09-04 18:53:31"}
{"level":"info","message":"已完成 130/221，暂停3秒...","timestamp":"2026-09-04 18:53:31"}
{"key":"manmanshou:embedding:vzqjin","level":"debug","message":"缓存命中","timestamp":"2026-09-04 18:53:34"}
{"level":"debug","message":"使用缓存 [131/221]","timestamp":"2026-09-04 18:53:34"}
{"key":"manmanshou:embedding:kainzy","level":"debug","message":"缓存命中","timestamp":"2026-09-04 18:53:34"}
{"level":"debug","message":"使用缓存 [132/221]","timestamp":"2026-09-04 18:53:34"}
{"key":"manmanshou:embedding:if551q","level":"debug","message":"缓存命中","timestamp":"2026-09-04 18:53:34"}
{"level":"debug","message":"使用缓存 [133/221]","timestamp":"2026-09-04 18:53:34"}
{"key":"manmanshou:embedding:9e1fnl","level":"debug","message":"缓存命中","timestamp":"2026-09-04 18:53:34"}
{"level":"debug","message":"使用缓存 [134/221]","timestamp":"2026-09-04 18:53:34"}
{"key":"manmanshou:embedding:mye0nu","level":"debug","message":"缓存命中","timestamp":"2026-09-04 18:53:34"}
{"level":"debug","message":"使用缓存 [135/221]","timestamp":"2026-09-04 18:53:34"}
{"key":"manmanshou:embedding:fzfa7j","level":"debug","message":"缓存命中","timestamp":"2026-09-04 18:53:34"}
{"level":"debug","message":"使用缓存 [136/221]","timestamp":"2026-09-04 18:53:34"}
{"key":"manmanshou:embedding:mwkfdq","level":"debug","message":"缓存命中","timestamp":"2026-09-04 18:53:34"}
{"level":"debug","message":"使用缓存 [137/221]","timestamp":"2026-09-04 18:53:34"}
{"key":"manmanshou:embedding:vpuhjn","level":"debug","message":"缓存命中","timestamp":"2026-09-04 18:53:34"}
{"level":"debug","message":"使用缓存 [138/221]","timestamp":"2026-09-04 18:53:34"}
{"key":"manmanshou:embedding:ggxrlx","level":"debug","message":"缓存命中","timestamp":"2026-09-04 18:53:34"}
{"level":"debug","message":"使用缓存 [139/221]","timestamp":"2026-09-04 18:53:34"}
{"key":"manmanshou:embedding:g84wrl","level":"debug","message":"缓存命中","timestamp":"2026-09-04 18:53:34"}
{"level":"debug","message":"使用缓存 [140/221]","timestamp":"2026-09-04 18:53:34"}
{"level":"info","message":"已完成 140/221，暂停3秒...","timestamp":"2026-09-04 18:53:34"}
{"key":"manmanshou:embedding:5k2y19","level":"debug","message":"缓存命中","timestamp":"2026-09-04 18:53:37"}
{"level":"debug","message":"使用缓存 [141/221]","timestamp":"2026-09-04 18:53:37"}
{"key":"manmanshou:embedding:jx184s","level":"debug","message":"缓存命中","timestamp":"2026-09-04 18:53:37"}
{"level":"debug","message":"使用缓存 [142/221]","timestamp":"2026-09-04 18:53:37"}
{"key":"manmanshou:embedding:cy5hkj","level":"debug","message":"缓存命中","timestamp":"2026-09-04 18:53:37"}
{"level":"debug","message":"使用缓存 [143/221]","timestamp":"2026-09-04 18:53:37"}
{"key":"manmanshou:embedding:v9ezsu","level":"debug","message":"缓存命中","timestamp":"2026-09-04 18:53:37"}
{"level":"debug","message":"使用缓存 [144/221]","timestamp":"2026-09-04 18:53:37"}
{"key":"manmanshou:embedding:174af5","level":"debug","message":"缓存命中","timestamp":"2026-09-04 18:53:37"}
{"level":"debug","message":"使用缓存 [145/221]","timestamp":"2026-09-04 18:53:37"}
{"key":"manmanshou:embedding:ripquy","level":"debug","message":"缓存命中","timestamp":"2026-09-04 18:53:37"}
{"level":"debug","message":"使用缓存 [146/221]","timestamp":"2026-09-04 18:53:37"}
{"key":"manmanshou:embedding:zanzge","level":"debug","message":"缓存命中","timestamp":"2026-09-04 18:53:37"}
{"level":"debug","message":"使用缓存 [147/221]","timestamp":"2026-09-04 18:53:37"}
{"key":"manmanshou:embedding:d3ksls","level":"debug","message":"缓存命中","timestamp":"2026-09-04 18:53:37"}
{"level":"debug","message":"使用缓存 [148/221]","timestamp":"2026-09-04 18:53:37"}
{"key":"manmanshou:embedding:1zouax","level":"debug","message":"缓存命中","timestamp":"2026-09-04 18:53:37"}
{"level":"debug","message":"使用缓存 [149/221]","timestamp":"2026-09-04 18:53:37"}
{"key":"manmanshou:embedding:lvkw4o","level":"debug","message":"缓存命中","timestamp":"2026-09-04 18:53:37"}
{"level":"debug","message":"使用缓存 [150/221]","timestamp":"2026-09-04 18:53:37"}
{"level":"info","message":"已完成 150/221，暂停3秒...","timestamp":"2026-09-04 18:53:37"}
{"key":"manmanshou:embedding:w3uyew","level":"debug","message":"缓存命中","timestamp":"2026-09-04 18:53:40"}
{"level":"debug","message":"使用缓存 [151/221]","timestamp":"2026-09-04 18:53:40"}
{"key":"manmanshou:embedding:wjcoay","level":"debug","message":"缓存命中","timestamp":"2026-09-04 18:53:40"}
{"level":"debug","message":"使用缓存 [152/221]","timestamp":"2026-09-04 18:53:40"}
{"key":"manmanshou:embedding:mgijrr","level":"debug","message":"缓存命中","timestamp":"2026-09-04 18:53:40"}
{"level":"debug","message":"使用缓存 [153/221]","timestamp":"2026-09-04 18:53:40"}
{"key":"manmanshou:embedding:llq8se","level":"debug","message":"缓存命中","timestamp":"2026-09-04 18:53:40"}
{"level":"debug","message":"使用缓存 [154/221]","timestamp":"2026-09-04 18:53:40"}
{"key":"manmanshou:embedding:ica6n0","level":"debug","message":"缓存命中","timestamp":"2026-09-04 18:53:40"}
{"level":"debug","message":"使用缓存 [155/221]","timestamp":"2026-09-04 18:53:40"}
{"key":"manmanshou:embedding:ghg2r2","level":"debug","message":"缓存命中","timestamp":"2026-09-04 18:53:40"}
{"level":"debug","message":"使用缓存 [156/221]","timestamp":"2026-09-04 18:53:40"}
{"key":"manmanshou:embedding:qck2iu","level":"debug","message":"缓存命中","timestamp":"2026-09-04 18:53:40"}
{"level":"debug","message":"使用缓存 [157/221]","timestamp":"2026-09-04 18:53:40"}
{"key":"manmanshou:embedding:wuizim","level":"debug","message":"缓存命中","timestamp":"2026-09-04 18:53:40"}
{"level":"debug","message":"使用缓存 [158/221]","timestamp":"2026-09-04 18:53:40"}
{"key":"manmanshou:embedding:a1kbrq","level":"debug","message":"缓存命中","timestamp":"2026-09-04 18:53:40"}
{"level":"debug","message":"使用缓存 [159/221]","timestamp":"2026-09-04 18:53:40"}
{"key":"manmanshou:embedding:kcn72c","level":"debug","message":"缓存命中","timestamp":"2026-09-04 18:53:40"}
{"level":"debug","message":"使用缓存 [160/221]","timestamp":"2026-09-04 18:53:40"}
{"level":"info","message":"已完成 160/221，暂停3秒...","timestamp":"2026-09-04 18:53:40"}
{"key":"manmanshou:embedding:aii3wu","level":"debug","message":"缓存命中","timestamp":"2026-09-04 18:53:43"}
{"level":"debug","message":"使用缓存 [161/221]","timestamp":"2026-09-04 18:53:43"}
{"key":"manmanshou:embedding:d8x80i","level":"debug","message":"缓存命中","timestamp":"2026-09-04 18:53:43"}
{"level":"debug","message":"使用缓存 [162/221]","timestamp":"2026-09-04 18:53:43"}
{"key":"manmanshou:embedding:6s85aq","level":"debug","message":"缓存命中","timestamp":"2026-09-04 18:53:43"}
{"level":"debug","message":"使用缓存 [163/221]","timestamp":"2026-09-04 18:53:43"}
{"key":"manmanshou:embedding:94ezvs","level":"debug","message":"缓存命中","timestamp":"2026-09-04 18:53:43"}
{"level":"debug","message":"使用缓存 [164/221]","timestamp":"2026-09-04 18:53:43"}
{"key":"manmanshou:embedding:9cjfr4","level":"debug","message":"缓存命中","timestamp":"2026-09-04 18:53:43"}
{"level":"debug","message":"使用缓存 [165/221]","timestamp":"2026-09-04 18:53:43"}
{"key":"manmanshou:embedding:tg7us8","level":"debug","message":"缓存命中","timestamp":"2026-09-04 18:53:43"}
{"level":"debug","message":"使用缓存 [166/221]","timestamp":"2026-09-04 18:53:43"}
{"key":"manmanshou:embedding:2x6h0k","level":"debug","message":"缓存命中","timestamp":"2026-09-04 18:53:43"}
{"level":"debug","message":"使用缓存 [167/221]","timestamp":"2026-09-04 18:53:43"}
{"key":"manmanshou:embedding:ap2gfk","level":"debug","message":"缓存命中","timestamp":"2026-09-04 18:53:43"}
{"level":"debug","message":"使用缓存 [168/221]","timestamp":"2026-09-04 18:53:43"}
{"key":"manmanshou:embedding:rzddqs","level":"debug","message":"缓存命中","timestamp":"2026-09-04 18:53:43"}
{"level":"debug","message":"使用缓存 [169/221]","timestamp":"2026-09-04 18:53:43"}
{"key":"manmanshou:embedding:2sh5vu","level":"debug","message":"缓存命中","timestamp":"2026-09-04 18:53:43"}
{"level":"debug","message":"使用缓存 [170/221]","timestamp":"2026-09-04 18:53:43"}
{"level":"info","message":"已完成 170/221，暂停3秒...","timestamp":"2026-09-04 18:53:43"}
{"key":"manmanshou:embedding:cla14t","level":"debug","message":"缓存命中","timestamp":"2026-09-04 18:53:46"}
{"level":"debug","message":"使用缓存 [171/221]","timestamp":"2026-09-04 18:53:46"}
{"key":"manmanshou:embedding:17bzoa","level":"debug","message":"缓存命中","timestamp":"2026-09-04 18:53:46"}
{"level":"debug","message":"使用缓存 [172/221]","timestamp":"2026-09-04 18:53:46"}
{"key":"manmanshou:embedding:onk77x","level":"debug","message":"缓存命中","timestamp":"2026-09-04 18:53:46"}
{"level":"debug","message":"使用缓存 [173/221]","timestamp":"2026-09-04 18:53:46"}
{"key":"manmanshou:embedding:qdwdw8","level":"debug","message":"缓存命中","timestamp":"2026-09-04 18:53:47"}
{"level":"debug","message":"使用缓存 [174/221]","timestamp":"2026-09-04 18:53:47"}
{"key":"manmanshou:embedding:gfwuew","level":"debug","message":"缓存命中","timestamp":"2026-09-04 18:53:47"}
{"level":"debug","message":"使用缓存 [175/221]","timestamp":"2026-09-04 18:53:47"}
{"key":"manmanshou:embedding:e0c3h7","level":"debug","message":"缓存命中","timestamp":"2026-09-04 18:53:47"}
{"level":"debug","message":"使用缓存 [176/221]","timestamp":"2026-09-04 18:53:47"}
{"key":"manmanshou:embedding:fesssm","level":"debug","message":"缓存命中","timestamp":"2026-09-04 18:53:47"}
{"level":"debug","message":"使用缓存 [177/221]","timestamp":"2026-09-04 18:53:47"}
{"key":"manmanshou:embedding:goqra7","level":"debug","message":"缓存命中","timestamp":"2026-09-04 18:53:47"}
{"level":"debug","message":"使用缓存 [178/221]","timestamp":"2026-09-04 18:53:47"}
{"key":"manmanshou:embedding:z6ley6","level":"debug","message":"缓存命中","timestamp":"2026-09-04 18:53:47"}
{"level":"debug","message":"使用缓存 [179/221]","timestamp":"2026-09-04 18:53:47"}
{"key":"manmanshou:embedding:y2ki7n","level":"debug","message":"缓存命中","timestamp":"2026-09-04 18:53:47"}
{"level":"debug","message":"使用缓存 [180/221]","timestamp":"2026-09-04 18:53:47"}
{"level":"info","message":"已完成 180/221，暂停3秒...","timestamp":"2026-09-04 18:53:47"}
{"key":"manmanshou:embedding:2ba7q7","level":"debug","message":"缓存命中","timestamp":"2026-09-04 18:53:50"}
{"level":"debug","message":"使用缓存 [181/221]","timestamp":"2026-09-04 18:53:50"}
{"key":"manmanshou:embedding:7ss57b","level":"debug","message":"缓存命中","timestamp":"2026-09-04 18:53:50"}
{"level":"debug","message":"使用缓存 [182/221]","timestamp":"2026-09-04 18:53:50"}
{"key":"manmanshou:embedding:d7v9x5","level":"debug","message":"缓存命中","timestamp":"2026-09-04 18:53:50"}
{"level":"debug","message":"使用缓存 [183/221]","timestamp":"2026-09-04 18:53:50"}
{"key":"manmanshou:embedding:bvk9dz","level":"debug","message":"缓存命中","timestamp":"2026-09-04 18:53:50"}
{"level":"debug","message":"使用缓存 [184/221]","timestamp":"2026-09-04 18:53:50"}
{"key":"manmanshou:embedding:135y6o","level":"debug","message":"缓存命中","timestamp":"2026-09-04 18:53:50"}
{"level":"debug","message":"使用缓存 [185/221]","timestamp":"2026-09-04 18:53:50"}
{"key":"manmanshou:embedding:3sgepf","level":"debug","message":"缓存命中","timestamp":"2026-09-04 18:53:50"}
{"level":"debug","message":"使用缓存 [186/221]","timestamp":"2026-09-04 18:53:50"}
{"key":"manmanshou:embedding:5lbpl8","level":"debug","message":"缓存命中","timestamp":"2026-09-04 18:53:50"}
{"level":"debug","message":"使用缓存 [187/221]","timestamp":"2026-09-04 18:53:50"}
{"key":"manmanshou:embedding:ftckbm","level":"debug","message":"缓存命中","timestamp":"2026-09-04 18:53:50"}
{"level":"debug","message":"使用缓存 [188/221]","timestamp":"2026-09-04 18:53:50"}
{"key":"manmanshou:embedding:g6xh7b","level":"debug","message":"缓存命中","timestamp":"2026-09-04 18:53:50"}
{"level":"debug","message":"使用缓存 [189/221]","timestamp":"2026-09-04 18:53:50"}
{"key":"manmanshou:embedding:uaxl1n","level":"debug","message":"缓存命中","timestamp":"2026-09-04 18:53:50"}
{"level":"debug","message":"使用缓存 [190/221]","timestamp":"2026-09-04 18:53:50"}
{"level":"info","message":"已完成 190/221，暂停3秒...","timestamp":"2026-09-04 18:53:50"}
{"key":"manmanshou:embedding:le5jiu","level":"debug","message":"缓存命中","timestamp":"2026-09-04 18:53:53"}
{"level":"debug","message":"使用缓存 [191/221]","timestamp":"2026-09-04 18:53:53"}
{"key":"manmanshou:embedding:lwjyq4","level":"debug","message":"缓存命中","timestamp":"2026-09-04 18:53:53"}
{"level":"debug","message":"使用缓存 [192/221]","timestamp":"2026-09-04 18:53:53"}
{"key":"manmanshou:embedding:drv1ir","level":"debug","message":"缓存命中","timestamp":"2026-09-04 18:53:53"}
{"level":"debug","message":"使用缓存 [193/221]","timestamp":"2026-09-04 18:53:53"}
{"key":"manmanshou:embedding:o2gg79","level":"debug","message":"缓存命中","timestamp":"2026-09-04 18:53:53"}
{"level":"debug","message":"使用缓存 [194/221]","timestamp":"2026-09-04 18:53:53"}
{"key":"manmanshou:embedding:orj66c","level":"debug","message":"缓存命中","timestamp":"2026-09-04 18:53:53"}
{"level":"debug","message":"使用缓存 [195/221]","timestamp":"2026-09-04 18:53:53"}
{"key":"manmanshou:embedding:vz9jv7","level":"debug","message":"缓存命中","timestamp":"2026-09-04 18:53:53"}
{"level":"debug","message":"使用缓存 [196/221]","timestamp":"2026-09-04 18:53:53"}
{"key":"manmanshou:embedding:lemsbt","level":"debug","message":"缓存命中","timestamp":"2026-09-04 18:53:53"}
{"level":"debug","message":"使用缓存 [197/221]","timestamp":"2026-09-04 18:53:53"}
{"key":"manmanshou:embedding:ljp19w","level":"debug","message":"缓存命中","timestamp":"2026-09-04 18:53:53"}
{"level":"debug","message":"使用缓存 [198/221]","timestamp":"2026-09-04 18:53:53"}
{"key":"manmanshou:embedding:xaxhwx","level":"debug","message":"缓存命中","timestamp":"2026-09-04 18:53:53"}
{"level":"debug","message":"使用缓存 [199/221]","timestamp":"2026-09-04 18:53:53"}
{"key":"manmanshou:embedding:2s6q6s","level":"debug","message":"缓存命中","timestamp":"2026-09-04 18:53:53"}
{"level":"debug","message":"使用缓存 [200/221]","timestamp":"2026-09-04 18:53:53"}
{"level":"info","message":"已完成 200/221，暂停3秒...","timestamp":"2026-09-04 18:53:53"}
{"key":"manmanshou:embedding:9whmxe","level":"debug","message":"缓存命中","timestamp":"2026-09-04 18:53:56"}
{"level":"debug","message":"使用缓存 [201/221]","timestamp":"2026-09-04 18:53:56"}
{"key":"manmanshou:embedding:ps7pd8","level":"debug","message":"缓存命中","timestamp":"2026-09-04 18:53:56"}
{"level":"debug","message":"使用缓存 [202/221]","timestamp":"2026-09-04 18:53:56"}
{"key":"manmanshou:embedding:te00sh","level":"debug","message":"缓存命中","timestamp":"2026-09-04 18:53:56"}
{"level":"debug","message":"使用缓存 [203/221]","timestamp":"2026-09-04 18:53:56"}
{"key":"manmanshou:embedding:v776vs","level":"debug","message":"缓存命中","timestamp":"2026-09-04 18:53:56"}
{"level":"debug","message":"使用缓存 [204/221]","timestamp":"2026-09-04 18:53:56"}
{"key":"manmanshou:embedding:yqnm2h","level":"debug","message":"缓存命中","timestamp":"2026-09-04 18:53:56"}
{"level":"debug","message":"使用缓存 [205/221]","timestamp":"2026-09-04 18:53:56"}
{"key":"manmanshou:embedding:lyknk4","level":"debug","message":"缓存命中","timestamp":"2026-09-04 18:53:56"}
{"level":"debug","message":"使用缓存 [206/221]","timestamp":"2026-09-04 18:53:56"}
{"key":"manmanshou:embedding:1wip90","level":"debug","message":"缓存命中","timestamp":"2026-09-04 18:53:56"}
{"level":"debug","message":"使用缓存 [207/221]","timestamp":"2026-09-04 18:53:56"}
{"key":"manmanshou:embedding:ep4hhg","level":"debug","message":"缓存命中","timestamp":"2026-09-04 18:53:56"}
{"level":"debug","message":"使用缓存 [208/221]","timestamp":"2026-09-04 18:53:56"}
{"key":"manmanshou:embedding:j8o37i","level":"debug","message":"缓存命中","timestamp":"2026-09-04 18:53:56"}
{"level":"debug","message":"使用缓存 [209/221]","timestamp":"2026-09-04 18:53:56"}
{"key":"manmanshou:embedding:rks3na","level":"debug","message":"缓存命中","timestamp":"2026-09-04 18:53:56"}
{"level":"debug","message":"使用缓存 [210/221]","timestamp":"2026-09-04 18:53:56"}
{"level":"info","message":"已完成 210/221，暂停3秒...","timestamp":"2026-09-04 18:53:56"}
{"key":"manmanshou:embedding:ylr78t","level":"debug","message":"缓存命中","timestamp":"2026-09-04 18:53:59"}
{"level":"debug","message":"使用缓存 [211/221]","timestamp":"2026-09-04 18:53:59"}
{"key":"manmanshou:embedding:l3ne9q","level":"debug","message":"缓存命中","timestamp":"2026-09-04 18:53:59"}
{"level":"debug","message":"使用缓存 [212/221]","timestamp":"2026-09-04 18:53:59"}
{"key":"manmanshou:embedding:83z4dp","level":"debug","message":"缓存命中","timestamp":"2026-09-04 18:53:59"}
{"level":"debug","message":"使用缓存 [213/221]","timestamp":"2026-09-04 18:53:59"}
{"key":"manmanshou:embedding:u6conv","level":"debug","message":"缓存命中","timestamp":"2026-09-04 18:53:59"}
{"level":"debug","message":"使用缓存 [214/221]","timestamp":"2026-09-04 18:53:59"}
{"key":"manmanshou:embedding:xdhb5p","level":"debug","message":"缓存命中","timestamp":"2026-09-04 18:53:59"}
{"level":"debug","message":"使用缓存 [215/221]","timestamp":"2026-09-04 18:53:59"}
{"key":"manmanshou:embedding:n4yojs","level":"debug","message":"缓存命中","timestamp":"2026-09-04 18:53:59"}
{"level":"debug","message":"使用缓存 [216/221]","timestamp":"2026-09-04 18:53:59"}
{"key":"manmanshou:embedding:gtx955","level":"debug","message":"缓存命中","timestamp":"2026-09-04 18:53:59"}
{"level":"debug","message":"使用缓存 [217/221]","timestamp":"2026-09-04 18:53:59"}
{"key":"manmanshou:embedding:63rfrf","level":"debug","message":"缓存命中","timestamp":"2026-09-04 18:53:59"}
{"level":"debug","message":"使用缓存 [218/221]","timestamp":"2026-09-04 18:53:59"}
{"key":"manmanshou:embedding:bhgu9p","level":"debug","message":"缓存命中","timestamp":"2026-09-04 18:53:59"}
{"level":"debug","message":"使用缓存 [219/221]","timestamp":"2026-09-04 18:53:59"}
{"key":"manmanshou:embedding:967xn","level":"debug","message":"缓存命中","timestamp":"2026-09-04 18:53:59"}
{"level":"debug","message":"使用缓存 [220/221]","timestamp":"2026-09-04 18:53:59"}
{"level":"info","message":"已完成 220/221，暂停3秒...","timestamp":"2026-09-04 18:53:59"}
{"key":"manmanshou:embedding:1aoa73","level":"debug","message":"缓存命中","timestamp":"2026-09-04 18:54:02"}
{"level":"debug","message":"使用缓存 [221/221]","timestamp":"2026-09-04 18:54:02"}
{"level":"info","message":"已插入 50 个向量到Qdrant","timestamp":"2026-09-04 18:54:02"}
{"level":"info","message":"已插入 50 个向量到Qdrant","timestamp":"2026-09-04 18:54:02"}
{"level":"info","message":"已插入 50 个向量到Qdrant","timestamp":"2026-09-04 18:54:02"}
{"level":"info","message":"已插入 50 个向量到Qdrant","timestamp":"2026-09-04 18:54:02"}
{"level":"info","message":"已插入 21 个向量到Qdrant","timestamp":"2026-09-04 18:54:02"}
{"level":"info","message":"已保存 221 个文档到内存","timestamp":"2026-09-04 18:54:02"}
{"filename":"D:\\科林冲刺\\项目班\\AI\\AIcode\\慢慢瘦\\logs\\metrics-2026-09-04.json","level":"info","message":"指标已保存","timestamp":"2026-09-04 18:59:04"}
{"filename":"D:\\科林冲刺\\项目班\\AI\\AIcode\\慢慢瘦\\logs\\metrics-2026-09-04.json","level":"info","message":"指标已保存","timestamp":"2026-09-04 19:01:45"}
{"filename":"D:\\科林冲刺\\项目班\\AI\\AIcode\\慢慢瘦\\logs\\metrics-2026-09-04.json","level":"info","message":"指标已保存","timestamp":"2026-09-04 19:07:41"}
{"level":"info","message":"Elasticsearch客户端已初始化","timestamp":"2026-09-04 19:20:12"}
{"level":"info","message":"Embedding服务: zhipu","timestamp":"2026-09-04 19:20:12"}
{"level":"info","message":"Redis连接成功","timestamp":"2026-09-04 19:20:12"}
{"filename":"D:\\科林冲刺\\项目班\\AI\\AIcode\\慢慢瘦\\logs\\metrics-2026-09-04.json","level":"info","message":"指标已保存","timestamp":"2026-09-04 19:32:52"}
{"filename":"D:\\科林冲刺\\项目班\\AI\\AIcode\\慢慢瘦\\logs\\metrics-2026-09-04.json","level":"info","message":"指标已保存","timestamp":"2026-09-04 19:45:04"}
{"filename":"D:\\科林冲刺\\项目班\\AI\\AIcode\\慢慢瘦\\logs\\metrics-2026-09-04.json","level":"info","message":"指标已保存","timestamp":"2026-09-04 19:49:43"}
{"filename":"D:\\科林冲刺\\项目班\\AI\\AIcode\\慢慢瘦\\logs\\metrics-2026-09-04.json","level":"info","message":"指标已保存","timestamp":"2026-09-04 19:52:54"}
{"filename":"D:\\科林冲刺\\项目班\\AI\\AIcode\\慢慢瘦\\logs\\metrics-2026-09-04.json","level":"info","message":"指标已保存","timestamp":"2026-09-04 19:59:04"}
{"filename":"D:\\科林冲刺\\项目班\\AI\\AIcode\\慢慢瘦\\logs\\metrics-2026-09-04.json","level":"info","message":"指标已保存","timestamp":"2026-09-04 20:01:45"}
{"filename":"D:\\科林冲刺\\项目班\\AI\\AIcode\\慢慢瘦\\logs\\metrics-2026-09-04.json","level":"info","message":"指标已保存","timestamp":"2026-09-04 20:07:41"}
{"filename":"D:\\科林冲刺\\项目班\\AI\\AIcode\\慢慢瘦\\logs\\metrics-2026-09-04.json","level":"info","message":"指标已保存","timestamp":"2026-09-04 20:20:12"}
{"filename":"D:\\科林冲刺\\项目班\\AI\\AIcode\\慢慢瘦\\logs\\metrics-2026-09-04.json","level":"info","message":"指标已保存","timestamp":"2026-09-04 20:32:52"}
{"filename":"D:\\科林冲刺\\项目班\\AI\\AIcode\\慢慢瘦\\logs\\metrics-2026-09-04.json","level":"info","message":"指标已保存","timestamp":"2026-09-04 20:45:04"}
{"filename":"D:\\科林冲刺\\项目班\\AI\\AIcode\\慢慢瘦\\logs\\metrics-2026-09-04.json","level":"info","message":"指标已保存","timestamp":"2026-09-04 20:49:43"}
{"filename":"D:\\科林冲刺\\项目班\\AI\\AIcode\\慢慢瘦\\logs\\metrics-2026-09-04.json","level":"info","message":"指标已保存","timestamp":"2026-09-04 20:52:54"}
{"filename":"D:\\科林冲刺\\项目班\\AI\\AIcode\\慢慢瘦\\logs\\metrics-2026-09-04.json","level":"info","message":"指标已保存","timestamp":"2026-09-04 20:59:04"}
{"filename":"D:\\科林冲刺\\项目班\\AI\\AIcode\\慢慢瘦\\logs\\metrics-2026-09-04.json","level":"info","message":"指标已保存","timestamp":"2026-09-04 21:01:45"}
{"filename":"D:\\科林冲刺\\项目班\\AI\\AIcode\\慢慢瘦\\logs\\metrics-2026-09-04.json","level":"info","message":"指标已保存","timestamp":"2026-09-04 21:07:41"}
{"filename":"D:\\科林冲刺\\项目班\\AI\\AIcode\\慢慢瘦\\logs\\metrics-2026-09-04.json","level":"info","message":"指标已保存","timestamp":"2026-09-04 21:20:12"}
{"filename":"D:\\科林冲刺\\项目班\\AI\\AIcode\\慢慢瘦\\logs\\metrics-2026-09-04.json","level":"info","message":"指标已保存","timestamp":"2026-09-04 21:32:52"}
{"filename":"D:\\科林冲刺\\项目班\\AI\\AIcode\\慢慢瘦\\logs\\metrics-2026-09-04.json","level":"info","message":"指标已保存","timestamp":"2026-09-04 21:45:04"}
{"filename":"D:\\科林冲刺\\项目班\\AI\\AIcode\\慢慢瘦\\logs\\metrics-2026-09-04.json","level":"info","message":"指标已保存","timestamp":"2026-09-04 21:49:43"}
{"filename":"D:\\科林冲刺\\项目班\\AI\\AIcode\\慢慢瘦\\logs\\metrics-2026-09-04.json","level":"info","message":"指标已保存","timestamp":"2026-09-04 21:52:54"}
{"filename":"D:\\科林冲刺\\项目班\\AI\\AIcode\\慢慢瘦\\logs\\metrics-2026-09-04.json","level":"info","message":"指标已保存","timestamp":"2026-09-04 21:59:04"}
{"filename":"D:\\科林冲刺\\项目班\\AI\\AIcode\\慢慢瘦\\logs\\metrics-2026-09-04.json","level":"info","message":"指标已保存","timestamp":"2026-09-04 22:01:45"}
{"filename":"D:\\科林冲刺\\项目班\\AI\\AIcode\\慢慢瘦\\logs\\metrics-2026-09-04.json","level":"info","message":"指标已保存","timestamp":"2026-09-04 22:07:41"}
{"filename":"D:\\科林冲刺\\项目班\\AI\\AIcode\\慢慢瘦\\logs\\metrics-2026-09-04.json","level":"info","message":"指标已保存","timestamp":"2026-09-04 22:20:12"}
{"filename":"D:\\科林冲刺\\项目班\\AI\\AIcode\\慢慢瘦\\logs\\metrics-2026-09-04.json","level":"info","message":"指标已保存","timestamp":"2026-09-04 22:32:52"}
{"filename":"D:\\科林冲刺\\项目班\\AI\\AIcode\\慢慢瘦\\logs\\metrics-2026-09-04.json","level":"info","message":"指标已保存","timestamp":"2026-09-04 22:45:04"}
{"filename":"D:\\科林冲刺\\项目班\\AI\\AIcode\\慢慢瘦\\logs\\metrics-2026-09-04.json","level":"info","message":"指标已保存","timestamp":"2026-09-04 22:49:43"}
{"filename":"D:\\科林冲刺\\项目班\\AI\\AIcode\\慢慢瘦\\logs\\metrics-2026-09-04.json","level":"info","message":"指标已保存","timestamp":"2026-09-04 22:52:54"}
{"filename":"D:\\科林冲刺\\项目班\\AI\\AIcode\\慢慢瘦\\logs\\metrics-2026-09-04.json","level":"info","message":"指标已保存","timestamp":"2026-09-04 22:59:04"}
{"filename":"D:\\科林冲刺\\项目班\\AI\\AIcode\\慢慢瘦\\logs\\metrics-2026-09-04.json","level":"info","message":"指标已保存","timestamp":"2026-09-04 23:01:45"}
{"filename":"D:\\科林冲刺\\项目班\\AI\\AIcode\\慢慢瘦\\logs\\metrics-2026-09-04.json","level":"info","message":"指标已保存","timestamp":"2026-09-04 23:07:41"}
{"filename":"D:\\科林冲刺\\项目班\\AI\\AIcode\\慢慢瘦\\logs\\metrics-2026-09-04.json","level":"info","message":"指标已保存","timestamp":"2026-09-04 23:20:12"}
{"filename":"D:\\科林冲刺\\项目班\\AI\\AIcode\\慢慢瘦\\logs\\metrics-2026-09-04.json","level":"info","message":"指标已保存","timestamp":"2026-09-04 23:32:52"}
{"filename":"D:\\科林冲刺\\项目班\\AI\\AIcode\\慢慢瘦\\logs\\metrics-2026-09-04.json","level":"info","message":"指标已保存","timestamp":"2026-09-04 23:45:04"}
{"filename":"D:\\科林冲刺\\项目班\\AI\\AIcode\\慢慢瘦\\logs\\metrics-2026-09-04.json","level":"info","message":"指标已保存","timestamp":"2026-09-04 23:49:43"}
{"filename":"D:\\科林冲刺\\项目班\\AI\\AIcode\\慢慢瘦\\logs\\metrics-2026-09-04.json","level":"info","message":"指标已保存","timestamp":"2026-09-04 23:52:54"}
{"filename":"D:\\科林冲刺\\项目班\\AI\\AIcode\\慢慢瘦\\logs\\metrics-2026-09-04.json","level":"info","message":"指标已保存","timestamp":"2026-09-04 23:59:04"}
